ATLASIDX	31	updates	all	1787919519	1788525667	49697	dlKpOL5EeA==
W	1	402345	6
W	2	722948	6
W	62244	29795	0
W	63114	4275	0
W	40502	20523	0
W	57699	14879	0
W	144311	113128	0
W	163017	2338	2
W	128243	4643	3
W	95294	477	0
W	42826	2430	4
W	22501	11087	0
W	38878	18839	0
W	122604	3196	0
W	36167	49095	0
W	66282	29658	0
W	92182	1969	0
W	40935	68776	0
W	125152	4910	0
W	8	432	0
W	71662	3414	3
W	116378	132	0
W	9	21608	0
W	65469	28090	6
W	11	2814	0
W	59499	10455	0
W	12	546197	4
W	32128	60289	0
W	14	1122	0
W	49432	18106	0
W	111615	9872	0
W	75248	15983	0
W	59541	31311	0
W	29595	22692	2
W	17	8094	1
W	18	693122	5
W	19	164376	4
W	53840	56460	0
W	35706	11027	0
W	20	172614	5
W	57900	10935	0
W	158672	1067	0
W	99563	7930	0
W	63385	28259	4
W	70685	3623	0
W	133798	2012	0
W	144602	8649	0
W	81865	9913	0
W	70791	509	0
W	126973	881	0
W	101363	5361	0
W	106823	9	1
W	59922	41931	0
W	26507	16139	0
W	25687	98283	0
W	141457	43	0
W	21185	19809	4
W	108969	4870	0
W	69678	2429	4
W	58182	13638	0
W	35563	21568	0
W	45029	3772	0
W	75356	3365	0
W	31	812411	0
W	28456	4331	0
W	57628	38084	0
W	88408	13726	0
W	107566	5824	0
W	76898	46659	0
W	128089	6154	0
W	47441	8210	0
W	34	337	0
W	35	718016	5
W	21591	13565	0
W	28251	15972	2
W	75697	136155	0
W	74840	17079	0
W	28394	125877	0
W	21728	91617	0
W	64644	9906	0
W	57881	218745	0
W	38	29526	0
W	29317	2177	2
W	123261	2896	0
W	23103	374791	0
W	95447	5008	0
W	21592	39387	0
W	29074	14068	0
W	50954	29527	0
W	71182	8704	0
W	55914	7455	0
W	49480	90767	4
W	67452	20203	0
W	102236	872	0
W	89418	2748	0
W	41	451389	0
W	29979	89813	0
W	130342	756	0
W	42	16828	0
W	43	309836	2
W	40023	19308	0
W	41612	6705	0
W	62093	34275	0
W	121410	3323	3
W	46	7031	0
W	47	22966	4
W	75521	10509	0
W	43696	30590	2
W	127836	1158	0
W	62998	49080	0
W	49	94419	0
W	128323	133	1
W	137065	442	0
W	69502	4525	0
W	43839	8582	0
W	72782	12513	0
W	68241	32495	4
W	128029	116	0
W	67087	445	0
W	56594	428	0
W	66641	21748	0
W	123108	18619	0
W	38029	84638	0
W	142783	32	0
W	110127	3584	0
W	61852	32832	0
W	77565	7183	3
W	87974	6006	0
W	51504	96882	0
W	51653	39563	3
W	23183	137053	4
W	56	20391	1
W	57	8625	0
W	97250	13103	0
W	79896	11685	0
W	72022	151	0
W	61	31063	0
W	166775	32344	3
W	47857	21817	0
W	70327	15293	0
W	123262	10405	0
W	30485	28900	0
W	80491	7254	0
W	105168	17729	0
W	64	50320	4
W	49955	101943	0
W	66914	162979	0
W	47695	12465	0
W	75369	2950	0
W	147727	5203	2
W	55057	18224	3
W	77566	29465	0
W	167064	3095	2
W	42949	1439	3
W	77749	9100	0
W	35171	30478	0
W	75294	3870	0
W	61983	26904	0
W	119616	2576	0
W	95522	4051	0
W	73029	16081	0
W	73	16191	0
W	57646	8357	0
W	32517	92192	0
W	95984	62979	0
W	50053	720	0
W	41007	5071	0
W	79970	93846	0
W	75	38954	3
W	120827	7638	2
W	69773	18249	0
W	21220	223675	5
W	78	2913	0
W	79989	105277	3
W	79	406995	0
W	73203	32347	0
W	37392	12308	0
W	53841	485	0
W	83	72007	0
W	119144	3014	0
W	74511	14180	3
W	20323	242278	5
W	124207	2148	0
W	64277	42523	0
W	35297	1970	0
W	75554	4028	0
W	26552	16394	0
W	119684	1708	0
W	51085	2415	0
W	91298	5152	0
W	38712	49152	0
W	74702	9180	0
W	92	37704	0
W	101158	2066	0
W	131271	33198	0
W	132969	415	3
W	38799	62391	4
W	70305	41487	0
W	74586	3736	0
W	65877	146647	0
W	72097	3142	0
W	131888	3080	2
W	62082	10455	0
W	127689	6524	0
W	100	615836	0
W	39434	4301	2
W	86786	11517	0
W	20874	42242	0
W	49858	46890	0
W	29164	123590	0
W	74281	1661	0
W	43682	111485	0
W	22443	12597	0
W	21276	7788	3
W	21435	29706	0
W	50899	301744	0
W	62064	2260	0
W	59331	5018	0
W	40407	16285	3
W	156839	1552	0
W	69521	12439	0
W	34786	11727	0
W	106	3274	0
W	90102	5540	0
W	107	21853	0
W	128416	4164	0
W	126509	3446	0
W	127321	36009	0
W	68639	22488	0
W	63679	65753	4
W	47742	308193	4
W	20719	719353	4
W	110	2249912	6
W	111	2156	1
W	112	4522	0
W	69676	39351	0
W	113	21970	0
W	134772	3043	4
W	114	409	0
W	115	193478	0
W	30467	47674	3
W	104854	2359	0
W	49481	225774	0
W	73094	55384	0
W	57275	121870	0
W	20795	172318	0
W	49205	10624	4
W	69185	1199	0
W	86694	3200	0
W	22258	4044	0
W	78494	28905	0
W	51958	87668	0
W	119	3226	0
W	120	550168	0
W	156459	15862	0
W	121	2185	0
W	125437	2134	0
W	60023	1185	0
W	23553	89	0
W	138178	4407	0
W	37448	1215	2
W	61887	3037	2
W	62851	299594	0
W	75624	22095	0
W	165253	1415	1
W	126	9819	2
W	59630	99812	0
W	32016	24410	0
W	120557	2428	0
W	101410	142	0
W	47752	30930	0
W	56583	39727	0
W	131	621	1
W	122457	10981	0
W	132	4593908	6
W	53807	11453	0
W	21004	522834	4
W	106628	154	0
W	135	401577	0
W	71904	2326	0
W	35692	343782	4
W	20427	83484	0
W	71563	2657	0
W	89975	19722	0
W	32084	1371	0
W	156205	5083	2
W	94791	5882	0
W	22867	10948	0
W	35220	4425	0
W	62714	904	2
W	46978	1355	0
W	66460	7002	0
W	138	543578	0
W	156806	406	2
W	46073	183771	3
W	47059	2273	3
W	59685	16333	0
W	97483	2847	0
W	46261	18960	0
W	39059	445223	6
W	72216	5093	5
W	36827	14892	2
W	43661	29609	0
W	22294	353187	0
W	52481	98011	0
W	52860	7481	0
W	65789	25658	0
W	38217	395	0
W	78016	32794	0
W	49190	39595	0
W	71853	2498	0
W	62648	8436	0
W	112449	2288	0
W	146	58637	0
W	79137	41009	0
W	150	269437	0
W	32947	52630	4
W	43979	101481	0
W	153	149859	0
W	23358	159	0
W	63164	5152	0
W	50217	70493	4
W	32654	12139	0
W	76496	120041	0
W	54712	1370	0
W	21730	161140	0
W	88630	22270	3
W	52704	6485	0
W	128142	5670	0
W	41797	133142	0
W	79833	3201	0
W	37206	839	0
W	91278	17236	0
W	159	177998	0
W	71172	48424	0
W	44981	42209	0
W	43498	140910	2
W	38393	119154	0
W	50292	6320	0
W	124263	958	3
W	26669	29015	0
W	22868	4444	4
W	129705	79167	0
W	64622	5787	0
W	36247	1484	0
W	69899	1677	0
W	66208	657	0
W	116848	726	0
W	52530	79385	0
W	33517	235391	0
W	75232	241	0
W	30625	3826	0
W	35285	40308	0
W	161	2358727	4
W	121371	14172	0
W	49832	133828	0
W	102994	156	0
W	21305	33614	0
W	60447	29569	0
W	74602	11004	0
W	26769	192075	0
W	21593	21667	4
W	127785	184	0
W	91650	8684	0
W	167	519446	4
W	37091	96100	0
W	31162	243576	0
W	105209	10595	0
W	81908	1390	0
W	73067	413	0
W	67546	16127	0
W	65758	5778	0
W	76483	136894	0
W	42149	6671	0
W	94042	856	0
W	92079	2556	0
W	85943	467	0
W	20428	3619	4
W	35273	13853	0
W	75397	9205	0
W	20429	150430	0
W	179	179123	0
W	180	1137	0
W	47765	37442	0
W	37707	23819	0
W	60490	682	0
W	38836	87456	4
W	52439	79581	0
W	118955	710	0
W	29291	57267	0
W	23104	103469	0
W	38555	33548	0
W	39700	17208	0
W	66687	17870	0
W	184	40473	0
W	128264	4899	0
W	143279	202	0
W	65897	2762	0
W	20796	782	0
W	64488	43638	0
W	31943	5944	0
W	44033	6271	0
W	48773	65	0
W	42260	9018	0
W	71218	186769	0
W	192	2725	0
W	72513	68313	0
W	46083	12708	0
W	67538	1130	0
W	139509	19927	0
W	34654	144923	0
W	116153	12354	0
W	143023	1327	2
W	72048	7709	0
W	50054	16011	0
W	81188	7083	0
W	101411	703	0
W	119399	32655	0
W	52802	64161	0
W	124025	7670	2
W	97071	2767	0
W	26294	58690	3
W	49490	73568	5
W	196	11435	0
W	199	37276	0
W	48560	125161	0
W	200	377499	5
W	62168	4304	0
W	50293	1647	2
W	36597	125380	0
W	51887	13906	0
W	134921	15054	0
W	39421	40457	0
W	201	1871194	5
W	58332	1734	0
W	68956	131	0
W	84250	1371	0
W	37272	81027	0
W	29764	49405	3
W	38890	50844	0
W	115769	12069	0
W	43736	13398	0
W	204	38422	0
W	77465	52776	0
W	205	145090	0
W	38441	37703	0
W	206	14043	0
W	44978	14072	0
W	36773	80986	3
W	51619	1237	0
W	31372	26508	0
W	31316	61858	0
W	207	185475	5
W	65843	1738	0
W	103719	146	0
W	31944	20048	0
W	151499	162	0
W	136008	36	2
W	72958	62645	0
W	210	575770	0
W	74823	5625	0
W	49049	17401	0
W	42011	68783	0
W	57723	20528	0
W	212	196017	0
W	215	72310	0
W	66481	4060	0
W	71770	4189	0
W	149902	32856	1
W	90415	14102	0
W	143104	1840	0
W	158691	194	4
W	67120	753	0
W	31849	9370	0
W	47442	56821	4
W	48129	314853	4
W	50538	168429	0
W	101009	16497	0
W	222	1273141	0
W	57691	1650	0
W	53746	3656	0
W	67681	22225	0
W	84899	12996	0
W	224	907776	0
W	48968	24100	0
W	71191	38304	0
W	33363	1189	4
W	32388	123131	3
W	98404	1162	0
W	64370	2472	0
W	35221	27645	0
W	24867	60669	3
W	124480	10506	3
W	100651	10937	0
W	21654	171405	0
W	25851	13910	0
W	58558	144198	0
W	62507	174221	4
W	54134	4208	0
W	122232	3206	1
W	58190	9479	2
W	54694	2577	0
W	22296	19117	0
W	236	1058809	5
W	127981	1513	1
W	75152	14431	0
W	33424	25396	0
W	33495	16388	0
W	22393	139771	0
W	35459	169825	0
W	37328	93611	0
W	243	4797	0
W	81134	7763	0
W	73146	5138	0
W	21546	138872	4
W	53200	2690	1
W	48336	6195	0
W	61402	1244	1
W	104406	79	0
W	65128	6799	3
W	36323	55587	0
W	52284	23389	0
W	50451	720	0
W	44556	47194	0
W	26264	367662	5
W	21414	5333	0
W	63600	1436	0
W	104494	1039	0
W	60466	12616	0
W	21394	440345	0
W	23105	184270	0
W	127953	1057	1
W	62422	2257	0
W	21415	26694	4
W	51510	26594	0
W	24902	16980	3
W	73480	7069	0
W	103083	5388	0
W	53257	6034	0
W	249	601	0
W	158496	946	0
W	36248	16756	0
W	133627	2098	0
W	128137	195	0
W	50696	18113	0
W	49191	16799	3
W	137231	72	0
W	258	24276	4
W	41822	5909	0
W	56847	713	0
W	45960	6819	0
W	261	363951	5
W	134073	52	0
W	34599	167711	0
W	44079	8559	0
W	262	52174	0
W	42819	16128	0
W	163082	35	0
W	62128	892	0
W	28116	236160	0
W	20324	453693	6
W	26756	46380	0
W	51461	3694	0
W	267	824	0
W	49908	42111	0
W	62718	1502	0
W	159078	6765	3
W	166493	1166	0
W	112088	19082	0
W	37326	11843	0
W	109097	56964	0
W	125796	3269	2
W	162600	3233	0
W	68432	2037	0
W	35551	48824	0
W	39488	37361	0
W	63072	4415	3
W	61229	1992	0
W	38655	449404	0
W	74426	1273	0
W	277	3018	0
W	278	29837	4
W	68621	2766	3
W	53616	22899	3
W	61783	6936	0
W	66591	936	0
W	74745	1408	0
W	53476	1527	0
W	74763	2299	0
W	285	60219	0
W	102405	3139	0
W	20430	4627	4
W	43608	518755	4
W	141458	8194	1
W	288	26241	0
W	80235	12869	0
W	20274	147586	4
W	56125	4082	0
W	112822	258	0
W	68074	41566	4
W	291	16254	0
W	62662	21554	0
W	118724	5685	0
W	62959	15646	0
W	38480	179631	2
W	39380	695	2
W	37329	59744	0
W	135107	2475	0
W	70128	3130	0
W	20211	8135	0
W	26637	32551	0
W	168041	1121	3
W	300	159412	0
W	21248	11088	0
W	26748	57	0
W	301	80729	5
W	84871	28664	0
W	36435	58204	0
W	160196	319	0
W	59936	56127	0
W	35989	9142	0
W	126710	624	0
W	38902	1215	0
W	76561	60131	0
W	57939	744	0
W	100119	17190	0
W	145174	14150	3
W	115633	5890	2
W	44573	17105	0
W	71041	3330	2
W	67566	65410	0
W	307	476188	0
W	36796	146983	0
W	49475	15492	0
W	65098	166324	3
W	62018	48975	0
W	141292	1112	2
W	310	57340	0
W	311	4410	0
W	30706	15719	0
W	62777	4646	0
W	36182	32147	0
W	73313	259	4
W	30023	23336	0
W	20720	38021	0
W	86295	9319	0
W	100940	9378	0
W	108503	9139	0
W	314	1130	0
W	125715	88	0
W	70722	13181	0
W	140540	939	0
W	58884	322000	0
W	53688	5749	0
W	139998	16661	0
W	42855	8451	0
W	54644	51721	0
W	42468	3910	0
W	46214	3657	4
W	52196	7117	0
W	49786	3257	0
W	59751	200124	0
W	318	66039	2
W	71644	5289	0
W	128134	12593	2
W	321	1740	0
W	160638	3665	2
W	65085	2066	5
W	325	10119	0
W	52197	8416	0
W	62285	1985	0
W	61349	37096	0
W	32985	41100	0
W	78176	19812	0
W	121587	23450	0
W	57980	4322	0
W	59389	3668	0
W	111564	1217	0
W	59891	55156	0
W	66340	13072	3
W	49793	23204	0
W	332	984428	0
W	32655	134398	0
W	336	32638	0
W	65499	5686	2
W	48216	1764	0
W	35693	141110	0
W	33518	17568	0
W	338	392	0
W	63763	26808	0
W	25802	166708	4
W	20970	35946	4
W	31797	7258	0
W	342	1673183	5
W	343	17706	3
W	38249	4622	0
W	58538	6054	0
W	20275	316963	5
W	95985	6156	0
W	70541	2082	5
W	33213	43429	0
W	53464	13937	0
W	29213	44180	0
W	118536	65047	0
W	29765	43476	0
W	50492	45522	0
W	346	68788	0
W	166776	543	2
W	44879	2789	0
W	21133	2847	0
W	26820	39599	0
W	106824	2104	0
W	68987	32426	0
W	123154	3812	0
W	35222	18884	0
W	40921	125850	0
W	152214	5804	1
W	75769	28736	0
W	158929	7238	0
W	156362	1569	0
W	125206	1606	0
W	25869	5269	0
W	353	41895	0
W	50818	293968	2
W	49833	12567	0
W	54878	76168	0
W	355	967920	0
W	70821	12458	0
W	356	370381	3
W	33402	105698	0
W	38357	16762	0
W	56801	418878	5
W	362	3882	0
W	123814	62827	0
W	37486	36868	0
W	363	3591	0
W	63006	49387	4
W	39621	92391	0
W	42142	20930	0
W	46580	10133	1
W	40325	4471	0
W	127017	8009	0
W	117306	6700	0
W	370	176807	0
W	50748	12440	0
W	32085	113379	0
W	71701	42840	0
W	79240	46334	0
W	28100	4768	0
W	46825	7323	0
W	35792	27590	0
W	62209	4077	0
W	132582	140	3
W	49620	35563	0
W	77064	62719	0
W	33091	85109	0
W	20212	33415	0
W	376	19391	4
W	34600	13226	0
W	53951	35989	0
W	67793	21233	0
W	36645	22177	0
W	63636	66770	3
W	21005	104979	5
W	76583	50478	0
W	95790	1278	0
W	63531	321	1
W	31706	6326	0
W	382	386614	0
W	71631	2107	0
W	133034	5993	0
W	32504	533969	0
W	30024	217234	0
W	138132	2104	0
W	49100	37742	4
W	35460	130415	0
W	28395	39713	0
W	49689	102205	0
W	45364	4654	0
W	76700	183166	0
W	43053	3800	0
W	20546	205922	5
W	38789	1600	0
W	97619	3157	0
W	31198	31333	5
W	102192	2743	0
W	86082	1011	0
W	110128	11089	0
W	40352	67020	5
W	388	56883	4
W	36183	15519	3
W	64687	5099	0
W	26717	253941	0
W	76562	229112	0
W	46558	32332	4
W	50576	59599	4
W	389	9747	0
W	392	2900	0
W	39032	14151	0
W	40535	106920	0
W	28059	10722	0
W	32129	160258	0
W	40408	256463	0
W	146640	3333	0
W	143703	6669	0
W	22445	8921	3
W	42122	224198	0
W	31130	26502	0
W	396	811	3
W	149117	798	0
W	22507	280	0
W	95764	3317	0
W	126384	974	1
W	67129	16471	4
W	50522	56994	0
W	401	7801	0
W	37515	76049	0
W	48602	160394	0
W	39371	1078	0
W	78177	11236	0
W	404	2108	0
W	22446	1875	3
W	47326	7404	3
W	22508	6447	0
W	112968	27163	0
W	78140	32031	0
W	62910	21337	0
W	95144	9252	0
W	103911	7385	0
W	23282	19678	0
W	36184	40295	0
W	405	481723	0
W	55768	378482	2
W	42897	66360	0
W	30569	9033	3
W	20675	84031	0
W	56658	1568	0
W	83996	23301	0
W	54230	864	0
W	33425	6213	0
W	136500	950	0
W	122895	6284	0
W	412	979869	0
W	132259	4031	2
W	66860	6911	0
W	417	803	3
W	66272	44931	0
W	74156	826	0
W	131243	545	0
W	36711	4637	0
W	63094	57891	0
W	41123	7874	0
W	420	836252	0
W	25870	40462	0
W	56073	4137	0
W	421	13547635	6
W	59542	8751	0
W	423	854	0
W	53689	1844	2
W	49772	122891	0
W	66761	57629	0
W	425	52	0
W	78357	8058	0
W	158724	263	4
W	93544	8081	0
W	20931	291409	0
W	427	39034	0
W	81539	41519	0
W	41692	9455	4
W	428	13939936	6
W	128135	2308	0
W	36672	135302	5
W	29911	184456	0
W	45748	1237	3
W	63738	12769	0
W	431	1370	0
W	112771	16163	0
W	22509	957	4
W	68281	1709	0
W	147951	6044	1
W	125114	2287	0
W	37753	4643	0
W	21397	5108	4
W	64962	1063	0
W	85115	1942	0
W	90262	391	0
W	54182	23696	0
W	74364	20818	2
W	143745	349	2
W	78141	7108	0
W	20797	1287	0
W	146889	1710	0
W	33135	9778	0
W	40371	16270	0
W	82219	5727	0
W	62818	633	1
W	147009	75	0
W	441	1518312	6
W	442	18151	0
W	73744	415	0
W	148038	610	0
W	84861	15509	0
W	60914	58263	4
W	46348	121194	2
W	79048	3229	0
W	73024	23222	0
W	445	24407	5
W	29755	142849	0
W	115807	812	0
W	51681	3586	0
W	105285	46	0
W	56871	225675	0
W	447	7854	0
W	58197	623	0
W	126893	2620	1
W	67317	202894	0
W	127806	34	0
W	72688	1552	1
W	123972	1598	0
W	143806	124	0
W	107967	13036	0
W	48861	10555	0
W	71330	32397	0
W	23178	79294	0
W	37171	69436	4
W	122369	33120	0
W	56714	13689	3
W	55547	22443	0
W	61041	14030	0
W	46303	224954	0
W	95109	226395	0
W	453	948506	6
W	454	4644	0
W	35133	52259	0
W	33943	223662	5
W	36947	137900	5
W	136980	3662	0
W	132246	4951	0
W	38516	29918	0
W	96758	2025	0
W	33703	10146	0
W	36748	546564	0
W	455	1507	2
W	51914	26419	0
W	62503	36294	0
W	459	1159	0
W	84189	2294	0
W	460	29959	2
W	20624	125452	0
W	37207	1413	0
W	54252	306135	0
W	41813	44395	0
W	118251	2288	0
W	36436	6094	3
W	75386	5523	0
W	38776	8223	0
W	77466	11171	0
W	34787	5117	0
W	55619	45203	0
W	99507	4540	0
W	133675	1286	0
W	29961	64042	0
W	48614	35365	0
W	42880	19250	3
W	97252	21201	0
W	98180	1270	0
W	41392	61009	0
W	26370	88087	0
W	468	2010	0
W	60335	4452	0
W	470	2667	0
W	138194	4613	0
W	43637	1603	0
W	471	1090660	0
W	37691	60866	0
W	83435	21305	0
W	157805	192866	3
W	167963	490	1
W	52674	109346	0
W	473	45885	0
W	53346	1518	4
W	20213	364635	5
W	87975	1775	0
W	54969	63710	0
W	46092	14131	0
W	26770	20035	0
W	80542	8673	0
W	476	1384	0
W	50218	2999	0
W	108703	1374	0
W	41112	28637	0
W	72643	18055	0
W	480	117877	0
W	30025	58692	0
W	107901	3396	0
W	103176	666	0
W	42272	4545	0
W	73683	22860	0
W	82121	4309	0
W	78718	88279	0
W	36839	1526	0
W	120183	38824	0
W	109130	1120	0
W	486	792	3
W	80333	26677	0
W	119770	9954	0
W	41993	123194	4
W	489	238677	0
W	33944	1020	0
W	106825	1570	0
W	490	2016	0
W	55481	22569	0
W	26821	2015	3
W	157485	33	0
W	494	86147	3
W	121386	3309	0
W	51902	131207	0
W	45777	12581	0
W	162577	135	0
W	496	237918	3
W	128252	60	0
W	151040	384	0
W	55336	5124	0
W	35387	19259	3
W	90548	1505	1
W	38683	5583	0
W	31985	86532	0
W	63534	23210	0
W	37303	75010	0
W	503	7134658	5
W	504	22236	0
W	75377	23160	0
W	43697	3503	0
W	59317	1302	0
W	126711	2886	0
W	70044	5514	0
W	103406	65018	0
W	143105	708	0
W	506	325938	5
W	66893	11910	0
W	125132	279	0
W	58685	2685	0
W	76738	312468	0
W	44612	11222	0
W	38511	52264	0
W	62337	20887	0
W	131803	26554	0
W	38884	6987	0
W	59963	2189	0
W	75547	3227	0
W	59431	29751	0
W	63312	11803	0
W	85056	5293	0
W	41287	7692	0
W	22875	111	0
W	512	209903	2
W	78542	30633	0
W	120080	316	0
W	49834	20423	0
W	514	69684	0
W	33575	151539	4
W	67208	8594	0
W	166196	118	3
W	518	5249	5
W	519	14795	3
W	57173	46067	0
W	74663	27397	0
W	64730	2674	4
W	64764	18808	3
W	44465	114754	0
W	61150	138827	0
W	522	75052	0
W	57123	178273	0
W	523	20727	0
W	52171	3791	0
W	159127	2459	2
W	33964	124816	0
W	63747	36989	3
W	60824	649	0
W	524	968956	0
W	58676	9381	0
W	525	695743	0
W	527	719118	5
W	33576	118052	0
W	95145	12821	0
W	26796	55836	0
W	32398	10934	0
W	69051	11412	0
W	87365	1466	0
W	26307	56430	0
W	68513	7874	0
W	160540	422	1
W	144591	520	0
W	84022	7326	0
W	105830	743	0
W	24844	7507	0
W	158479	175	2
W	47753	5535	0
W	533	7429	4
W	52863	7531	0
W	44273	72156	3
W	37157	133890	4
W	29184	305297	4
W	31740	53933	0
W	36257	38576	4
W	108765	6964	0
W	537	15247	1
W	65878	2593	0
W	30993	158872	0
W	29620	6422	0
W	157457	3273	0
W	97440	2877	0
W	32490	29944	0
W	25919	54170	0
W	70247	10221	0
W	45902	4407	0
W	39937	16134	0
W	42129	1512	0
W	67306	3229	0
W	128363	78	0
W	79206	14533	0
W	37142	16889	0
W	77703	4725	0
W	73329	60900	0
W	74476	67720	0
W	38014	5639	4
W	543	12257	0
W	71799	12338	0
W	55313	45824	0
W	84138	2354	0
W	31238	72164	0
W	63786	36350	0
W	78610	324634	0
W	37754	12896	0
W	545	185772	5
W	38800	229845	0
W	26589	150031	0
W	47696	25489	0
W	56784	164738	0
W	65975	268	0
W	61704	32291	3
W	548	1423324	0
W	549	119463	0
W	56033	48767	0
W	79961	129754	0
W	134331	8311	0
W	43336	77970	2
W	42422	367570	4
W	70222	3329	0
W	62723	48074	4
W	50295	201	0
W	88988	3064	0
W	554	2786620	5
W	65269	4274	0
W	57174	17479	0
W	42372	11237	0
W	557	11001072	0
W	558	128215	5
W	61973	287324	0
W	66355	6567	0
W	79775	6463	0
W	560	3761	0
W	73776	33239	0
W	20214	55799	5
W	39701	90097	0
W	20547	158115	0
W	49824	86241	0
W	111745	1018	0
W	52098	33847	0
W	88240	10506	0
W	70416	11195	0
W	154857	171	0
W	52285	22718	0
W	567	4293	0
W	23558	119	0
W	59770	2560	0
W	569	63947	0
W	125398	8616	2
W	141617	1109	0
W	121356	5696	0
W	74721	15468	0
W	56321	9687	0
W	32204	7234	0
W	30707	8870	0
W	53394	20002	2
W	572	2677	0
W	123521	5728	0
W	71598	6279	0
W	78393	47921	0
W	123522	745	0
W	67426	16249	0
W	66779	1399	0
W	54183	51879	0
W	38975	66818	0
W	573	783936	0
W	76752	289553	0
W	110763	1605	0
W	34626	2110	3
W	81189	3508	0
W	33704	61376	4
W	125108	2537	0
W	577	2329093	7
W	578	289311	6
W	36588	8833	0
W	39135	117884	0
W	77342	315398	0
W	109103	4329	0
W	46012	1019	0
W	73013	15069	0
W	25852	9644	4
W	46745	46519	0
W	25778	310985	0
W	97870	2246	0
W	81829	7021	0
W	41613	228453	0
W	28252	12454	4
W	56941	21564	0
W	80863	16802	0
W	55427	18154	2
W	37487	69890	0
W	20325	48161	0
W	71539	9969	3
W	157486	45	0
W	35757	3125	4
W	585	39816	3
W	39821	74795	0
W	40657	71	0
W	72100	25048	0
W	49259	1898	4
W	587	98	0
W	588	14209	0
W	38410	25530	0
W	165873	678	0
W	28425	40295	2
W	73731	33423	2
W	75339	833	0
W	160197	5587	2
W	107328	9506	0
W	592	35711	3
W	63222	7694	0
W	593	928	0
W	41400	53383	0
W	21648	122690	0
W	72396	22181	0
W	124860	3398	0
W	78261	20641	0
W	51601	26999	3
W	46308	53265	0
W	51137	22248	0
W	49260	1795	0
W	74584	38891	0
W	595	140007	5
W	55439	37374	0
W	28212	3341	2
W	596	7857	3
W	597	36705	0
W	152947	3541	0
W	42782	19319	0
W	600	27163	0
W	93194	8015	0
W	30653	198472	5
W	75590	1800	0
W	601	5602	4
W	165347	47	3
W	141305	8891	0
W	603	656077	0
W	43959	49828	0
W	33403	61990	0
W	33577	66736	0
W	50163	2699	0
W	70743	8411	0
W	42241	12114	0
W	87403	1684	0
W	123511	7781	0
W	33705	3026	0
W	607	14078	0
W	50584	21850	0
W	32246	254638	0
W	51260	1526	0
W	55676	8664	0
W	70992	10953	4
W	75243	159	3
W	20276	120518	4
W	156686	140	0
W	49434	6269	0
W	53979	895	0
W	610	41612	0
W	20920	161083	0
W	611	19079	3
W	39149	376584	0
W	67781	5207	0
W	60775	52948	3
W	33059	42208	3
W	616	264105	0
W	63143	34589	0
W	37571	1176	0
W	618	8135	0
W	43212	15659	0
W	619	61045	4
W	621	1144817	0
W	91890	6251	0
W	31145	20915	0
W	81540	6150	0
W	53127	10871	0
W	43960	81249	0
W	116732	186	0
W	117862	5747	0
W	55279	64343	0
W	31163	145556	0
W	622	5151	2
W	20971	137027	0
W	106791	154	0
W	128100	26045	4
W	59363	25517	0
W	133472	7683	0
W	35468	147061	4
W	47858	12524	0
W	60135	600	3
W	21655	642812	0
W	625	500	0
W	20762	218527	0
W	31211	252249	0
W	21348	153866	0
W	125129	8	0
W	49227	31446	0
W	46144	70386	0
W	113416	3935	0
W	118537	12519	0
W	121175	14306	0
W	63791	4296	0
W	21656	121684	0
W	69438	6439	0
W	36339	63478	0
W	53517	65	3
W	32505	76954	0
W	134911	5381	0
W	59235	56445	0
W	67277	131	0
W	60174	439	0
W	20241	20649	3
W	57640	31473	3
W	20481	35069	0
W	633	1362	0
W	635	899204	0
W	51138	68	2
W	48262	928	0
W	157577	827	3
W	638	17701	0
W	51627	64805	0
W	98864	7044	0
W	640	61126	0
W	66927	137407	0
W	126057	36427	0
W	641	6782	3
W	49735	86611	0
W	26554	21215	0
W	82123	2641	0
W	99566	519	0
W	39336	14290	0
W	66764	4403	0
W	62054	131126	0
W	644	1008	0
W	76740	235530	0
W	57964	25096	0
W	39345	33491	3
W	128342	2968	0
W	57851	22738	0
W	50391	63	0
W	53739	5806	3
W	23106	103729	0
W	135097	196	2
W	649	2998	0
W	47965	49112	0
W	139676	128	0
W	31349	255473	4
W	65906	50952	0
W	41194	26417	0
W	78243	30259	0
W	49898	20244	0
W	64809	154493	4
W	52785	36249	0
W	60776	3141	0
W	44511	27927	0
W	35134	38245	0
W	70925	28222	2
W	654	46611	5
W	93282	1396	0
W	124705	6221	0
W	661	56107	0
W	662	306511	0
W	99508	2766	0
W	50539	3377	0
W	666	1727545	0
W	667	273206	0
W	48097	6284	2
W	32656	61141	5
W	669	71971	0
W	114349	162	0
W	88680	3175	0
W	49261	142	0
W	40170	3726	0
W	46298	36785	0
W	39628	3670	0
W	675	621053	0
W	71592	676	0
W	21277	108553	0
W	21548	45746	0
W	78506	34573	0
W	39834	5827	0
W	52286	25341	0
W	104158	490	0
W	677	13535	0
W	24942	12226	0
W	121954	67904	0
W	165977	1866	0
W	46541	55415	0
W	161960	414	0
W	58451	2588	0
W	21349	76280	0
W	24821	9871	0
W	679	138099	4
W	681	43494	0
W	133316	12525	0
W	682	111479	0
W	37209	1837	0
W	67303	1597	0
W	683	50144	0
W	48302	4770	3
W	161958	176	0
W	56539	32478	0
W	20482	45706	4
W	48322	21088	4
W	66028	3049	0
W	30541	3048	0
W	91780	3123	0
W	20763	127239	3
W	63150	1090	0
W	84873	26749	3
W	121041	1651	0
W	48033	1494	0
W	54617	6448	0
W	89719	15775	0
W	50493	31203	0
W	50392	13616	0
W	56615	1806	0
W	61878	17333	0
W	59986	502	2
W	63498	4949	0
W	694	930	0
W	66418	3909	0
W	30601	52942	0
W	20659	29847	0
W	21697	585950	0
W	38000	315962	0
W	87339	22308	0
W	700	29289	0
W	161947	10048	2
W	39041	26428	3
W	21497	106521	0
W	75329	8645	0
W	701	118591	0
W	97621	38469	0
W	137000	836	0
W	702	25681	0
W	45231	1860	0
W	42553	11925	0
W	44081	187	0
W	61305	98327	0
W	703	2474806	0
W	21134	33344	0
W	108092	666	0
W	34806	44413	0
W	70711	16017	2
W	706	383393	0
W	40205	6982	0
W	73046	4952	3
W	144798	2031	0
W	66585	9279	0
W	67742	6373	3
W	83981	14912	1
W	78617	137310	0
W	68240	9237	2
W	58802	6952	3
W	112315	3545	0
W	156492	6687	1
W	57260	20046	0
W	127870	2598	0
W	715	9106	0
W	716	4665	0
W	66835	53931	3
W	69874	3844	4
W	70002	10952	0
W	65536	221022	0
W	31224	18159	3
W	32389	1871	0
W	117394	20101	0
W	31205	55440	0
W	162054	2287	0
W	112450	5543	0
W	720	15120	1
W	721	60893	0
W	722	303784	0
W	111062	37730	0
W	156604	979	0
W	45630	16002	0
W	74734	6897	0
W	133548	641	1
W	39711	38858	0
W	49543	24128	0
W	57234	1676	0
W	160198	561	0
W	726	31848	0
W	21306	14110	0
W	134067	2591	0
W	36340	3506	0
W	119798	2947	0
W	60510	36163	0
W	62649	67445	3
W	106524	14492	0
W	55929	45572	4
W	59165	15638	0
W	120163	765	0
W	63390	52942	0
W	29622	15824	0
W	24790	14110	0
W	734	8842645	5
W	97139	726	0
W	740	303392	0
W	55135	89	0
W	51529	23863	0
W	742	34843	0
W	88895	841	0
W	45325	136871	0
W	51463	1814	0
W	744	194060	5
W	147793	5542	0
W	57037	20566	0
W	44880	100700	4
W	23107	375495	0
W	69425	985	0
W	55340	105816	0
W	115645	891	0
W	33466	8706	3
W	751	50868	4
W	116779	8070	0
W	60047	5020	0
W	755	46636	0
W	59284	31647	0
W	20875	58897	4
W	83382	108993	0
W	758	22211	0
W	81867	15196	0
W	39361	24089	0
W	23283	101660	0
W	36043	3697	0
W	33042	8209	0
W	63624	2671	3
W	48643	2456	3
W	79777	68332	0
W	127416	2801	0
W	39461	72000	0
W	62187	10117	0
W	72018	985	0
W	56513	3979	0
W	763	17572	3
W	128790	1640	3
W	76692	144346	0
W	134555	4396	2
W	41232	2420	0
W	32553	72919	3
W	50681	22455	0
W	150241	38744	0
W	70165	27392	0
W	51261	5535	0
W	94262	6129	0
W	49544	35370	0
W	112592	2261	0
W	769	228331	0
W	770	1254347	0
W	36760	140135	0
W	77974	74104	0
W	774	173860	0
W	52030	1469	4
W	74005	45883	0
W	44740	1471	0
W	71861	57887	0
W	31373	3933	3
W	67615	1486	0
W	50220	1216	0
W	113515	96466	0
W	84743	2807	0
W	80264	16819	0
W	58559	10358	0
W	117816	536	0
W	69577	2548	0
W	36230	71615	0
W	74962	2127	0
W	782	1234515	5
W	783	208852	0
W	39314	28574	0
W	47975	58	1
W	62945	10719	0
W	123218	8833	0
W	786	52378	4
W	76886	56455	0
W	57902	14616	0
W	162439	35846	0
W	787	11478	0
W	43475	4291	0
W	33683	54407	0
W	40981	5900	2
W	22129	3904	0
W	52718	30081	0
W	58963	25977	0
W	791	61887	0
W	793	666697	0
W	794	3893	0
W	146581	3407	1
W	33174	28560	4
W	52370	10020	0
W	43966	8962	0
W	74789	1003	0
W	797	405057	0
W	63450	9746	3
W	30902	107141	0
W	76984	169437	0
W	96655	4380	0
W	120467	4516	0
W	62691	55502	0
W	56616	1110	3
W	21698	81204	0
W	49794	18743	2
W	28366	11817	4
W	802	60694	0
W	75625	2853	0
W	80401	16256	0
W	803	6232	0
W	101382	585	0
W	32986	61435	0
W	804	95036	0
W	20277	152769	5
W	79553	1153	0
W	58489	31461	0
W	137711	1214	1
W	119525	828	0
W	167956	14836	3
W	62707	12871	2
W	59815	5256	0
W	68273	3802	3
W	126573	11350	0
W	100352	3648	0
W	31853	38990	0
W	127947	566	0
W	75576	4937	1
W	808	2066	0
W	114977	1244	0
W	117395	3621	0
W	78694	21295	0
W	72798	255	0
W	50393	501	3
W	156715	3	0
W	32360	165803	0
W	37545	16153	0
W	20798	664	0
W	54480	2937	0
W	42051	314090	0
W	819	399	3
W	820	526419	5
W	105323	26297	0
W	93476	675	0
W	40659	2561	0
W	68367	1068	0
W	73072	968	0
W	69934	34260	2
W	86017	27685	3
W	53465	37929	0
W	138507	835	0
W	52310	6785	3
W	165254	11251	0
W	54206	1951	0
W	73727	10043	0
W	31995	4505	0
W	31945	12659	0
W	139047	113	0
W	825	2055	0
W	826	727	0
W	41090	362506	0
W	30491	48764	0
W	827	775236	3
W	59599	21676	0
W	65827	474	0
W	44082	23112	3
W	42621	8760	0
W	35578	23303	0
W	159864	73	0
W	28117	1862	3
W	132581	37696	0
W	20972	3535	0
W	66312	67246	0
W	830	1516	0
W	62481	34425	0
W	48173	2744	0
W	96052	2556	0
W	32131	165306	0
W	68758	6909	0
W	80146	16245	0
W	832	34481	0
W	79445	7164	0
W	51959	160295	0
W	81601	50265	0
W	75340	36255	0
W	74299	199274	3
W	24811	3661	0
W	96616	3845	0
W	75193	2586	0
W	48510	40226	0
W	39731	1460	0
W	35442	2811	0
W	69356	2880	0
W	836	1614	0
W	67828	24741	0
W	128143	32085	3
W	57692	41493	0
W	64956	5792	0
W	29050	28640	0
W	838	472	0
W	71509	3014	3
W	44424	17193	0
W	33821	11434	0
W	112635	23015	0
W	839	2733	0
W	48294	49110	4
W	61016	68625	3
W	42662	501	0
W	163792	1227	2
W	38326	2984	3
W	39573	7638	0
W	82434	5798	0
W	43196	49693	0
W	69048	43	0
W	100469	98865	0
W	37257	103762	3
W	845	629523	0
W	846	30443	4
W	72739	16561	0
W	87367	11837	0
W	128178	3276	0
W	77346	51104	0
W	848	18029	0
W	41722	20232	4
W	54531	1797	0
W	31052	76686	0
W	71355	15618	0
W	38556	80867	3
W	64688	66102	0
W	46054	82144	4
W	850	10090667	7
W	93668	3949	0
W	28054	4547	0
W	98836	15296	0
W	54926	28012	0
W	30492	95993	5
W	63322	11056	1
W	71080	41754	0
W	66006	1085	3
W	857	17960	0
W	70751	1099	0
W	49242	41655	0
W	37092	31135	0
W	21437	588558	0
W	40396	247704	0
W	860	192591	5
W	50394	459	0
W	45809	24954	0
W	68165	7437	0
W	51175	1113	0
W	122280	6905	0
W	23108	231616	6
W	64678	692	0
W	80265	10710	0
W	864	7523	0
W	865	85085	0
W	56353	4253	0
W	119675	10923	0
W	48956	157328	0
W	143741	39378	0
W	36487	22130	0
W	40385	1508	0
W	84725	13565	0
W	48548	17440	0
W	128032	6844	0
W	867	7818	3
W	134845	26503	4
W	38218	101278	0
W	869	43927	0
W	78178	4180	0
W	133628	4210	0
W	103968	11201	0
W	873	63216	0
W	53419	336	0
W	32247	27754	0
W	43316	5620	0
W	57117	12530	0
W	876	8233	0
W	79682	10439	0
W	877	16764	0
W	69127	9479	0
W	58358	1258	0
W	127370	22844	0
W	154885	1581	0
W	33744	2645	0
W	55482	10413	0
W	879	632389	0
W	52124	309	0
W	880	1668037	0
W	28082	36603	0
W	882	14215	0
W	41595	2850	0
W	65879	76496	0
W	43537	49	0
W	49788	51835	0
W	32361	131140	0
W	70076	13325	0
W	127799	184	0
W	135384	8923	2
W	53629	21616	0
W	109757	2693	0
W	76498	375348	0
W	885	489	0
W	75234	11767	0
W	59908	4267	0
W	133809	6796	0
W	61072	29165	0
W	124615	6233	0
W	118403	341	0
W	53842	713	0
W	69229	3438	0
W	77163	54882	0
W	57147	4227	3
W	70251	8519	0
W	888	7115	4
W	136067	490	0
W	50055	34578	0
W	22515	1229	0
W	58951	293243	0
W	100121	30837	0
W	72598	156	3
W	138959	11534	2
W	31082	1490	0
W	121133	8255	0
W	51654	37728	0
W	75591	3796	3
W	66044	1869	3
W	36712	2222	0
W	897	2249	0
W	898	432519	0
W	64238	24435	0
W	28143	14572	0
W	50806	2136	0
W	94469	801	0
W	899	23755	0
W	43885	126748	0
W	38714	123184	0
W	113340	9544	0
W	157615	89	0
W	54501	84913	0
W	901	8556	0
W	148973	2812	3
W	71251	48258	0
W	902	237516	0
W	57259	431	0
W	47248	1440	0
W	48465	5638	0
W	21186	41493	0
W	20854	343789	5
W	904	189279	0
W	54393	10805	0
W	131025	1999	2
W	906	153904	0
W	166715	1140	0
W	75348	3483	2
W	51805	91186	0
W	46814	5965	0
W	909	1522865	6
W	910	2674	0
W	59419	62744	3
W	912	12980	0
W	31309	93507	0
W	21006	82057	0
W	913	51833	0
W	78415	35204	0
W	914	174488	5
W	66677	1796	2
W	77127	20150	0
W	40566	11111	0
W	918	1908	0
W	40864	160459	0
W	22297	954	1
W	78017	19752	3
W	71972	33839	0
W	35135	18776	0
W	39381	39116	2
W	65609	901	1
W	64665	174	0
W	32248	64714	0
W	925	329719	0
W	50395	2255	4
W	161543	39	0
W	37782	58579	0
W	926	381	0
W	927	106557	0
W	85318	69983	0
W	80427	12137	0
W	125883	17038	0
W	130185	1215	0
W	33561	276030	0
W	33426	23255	0
W	68123	37289	0
W	47443	101717	0
W	70610	16437	0
W	929	1430740	0
W	60232	188355	0
W	35530	16185	0
W	50056	2289	0
W	58258	19962	0
W	934	6123	0
W	38801	20027	0
W	64013	24941	0
W	935	10997	0
W	936	27691	0
W	42030	64521	4
W	73546	1896	0
W	938	3289	4
W	24936	287427	0
W	163285	42	0
W	140318	39222	5
W	31146	44928	0
W	164199	2851	3
W	28220	4066	0
W	107823	24465	0
W	39859	39498	0
W	43399	8457	3
W	52651	1311	0
W	43400	81180	0
W	76520	69472	0
W	50900	4523	0
W	94264	6086	0
W	95121	6142	0
W	36316	8858	0
W	32249	52879	0
W	21180	55385	0
W	22345	2756	0
W	946	80202	0
W	50057	7813	0
W	20369	51386	0
W	23109	150469	0
W	48934	23145	0
W	948	3551244	5
W	32960	6843	0
W	69895	155233	0
W	160199	1149	0
W	950	31925	0
W	951	505362	6
W	43967	64283	0
W	36828	9262	0
W	57261	55108	5
W	20625	37287	0
W	47792	4860	0
W	954	3308	0
W	955	4043207	5
W	126712	21295	0
W	958	1124225	0
W	129047	2325	4
W	23206	190728	0
W	959	108988	0
W	117570	502	0
W	71751	22148	0
W	38748	16396	0
W	106826	1952	0
W	167548	6	3
W	26542	116591	0
W	60597	33751	0
W	74998	48914	0
W	36236	312016	0
W	962	312	0
W	53083	6757	0
W	965	1108434	6
W	96656	2541	0
W	73830	24358	0
W	32301	70202	3
W	111435	1403	0
W	57700	51456	3
W	29792	3987	0
W	71189	39099	0
W	164647	1729	0
W	57296	861	0
W	102903	3806	0
W	36589	303446	4
W	23184	147684	5
W	69541	1051	0
W	66503	2208	0
W	38030	309023	0
W	63487	128	0
W	85700	11238	0
W	159538	1887	2
W	42577	26403	4
W	53808	3328	0
W	979	101571	0
W	980	110230	0
W	52460	144	0
W	25722	106040	4
W	42273	606982	0
W	23561	54	0
W	41529	1293	0
W	112185	3804	0
W	73047	18380	0
W	85884	1028	0
W	34827	171953	0
W	59021	80927	0
W	984	2538	2
W	35793	73607	0
W	45778	29391	0
W	65387	917	0
W	33636	468439	0
W	67309	23391	0
W	21007	47873	3
W	159002	4287	0
W	56566	775	1
W	62650	67310	0
W	989	933774	0
W	70021	7378	0
W	36510	139984	4
W	78719	38326	0
W	39295	121535	4
W	40517	794	0
W	993	1013	2
W	994	11946	0
W	87905	6031	0
W	63712	128994	0
W	106792	59533	7
W	165308	5754	0
W	74779	6384	0
W	54098	68302	0
W	31396	81931	0
W	47208	76677	0
W	995	302938	0
W	996	828	0
W	71599	18210	0
W	29912	99486	0
W	55341	6046	1
W	23207	154760	5
W	140855	6532	0
W	60448	185331	0
W	44371	14848	3
W	33605	145603	0
W	74327	454	0
W	37341	8493	0
W	96587	6878	0
W	50494	41382	0
W	73806	8643	0
W	1001	3211	0
W	127801	14731	3
W	52706	184404	0
W	124264	2646	1
W	72132	3518	0
W	148327	1044	1
W	132919	1000	0
W	30027	105849	0
W	69007	705	0
W	55410	79429	0
W	136494	98077	2
W	39842	83937	0
W	140537	20	0
W	77067	58324	0
W	149273	83	3
W	116117	3962	0
W	59885	324	0
W	1008	18047	0
W	1009	7743	0
W	22877	2686	0
W	124074	20723	3
W	41584	30832	0
W	48645	3207	0
W	61955	53019	0
W	43730	1162	0
W	125549	8682	0
W	33945	6173	0
W	46178	288445	0
W	1011	18848	3
W	74993	111199	0
W	64831	42572	0
W	32225	60928	0
W	1013	6877	0
W	1014	1024012	3
W	53347	5102	0
W	20876	132064	0
W	24845	316611	0
W	100381	1762	0
W	34269	6646	2
W	82435	4836	0
W	82436	9360	0
W	49175	17750	3
W	50164	49597	0
W	102526	12851	2
W	57792	1351	0
W	137479	16982	0
W	74375	6039	0
W	72527	637	0
W	20215	18887	5
W	77521	31133	0
W	52399	413791	0
W	113112	42718	0
W	87312	33943	0
W	1022	189000	0
W	72420	206310	0
W	41316	292539	3
W	54481	23886	0
W	73440	47879	3
W	1027	6563828	0
W	73807	118642	0
W	54927	16292	4
W	33199	4616	0
W	39552	70678	2
W	148096	78	0
W	64648	135678	0
W	156683	43	0
W	128162	16040	0
W	1031	59971	5
W	49621	25377	3
W	78818	17185	0
W	34657	34743	0
W	1033	308122	0
W	75619	1760	0
W	35501	293252	0
W	36341	34577	0
W	22878	3485	0
W	61526	271	0
W	48997	140	0
W	59365	757	0
W	1038	130984	3
W	70534	17958	0
W	26308	51050	0
W	42249	2242	0
W	38885	1078	1
W	31946	4782	0
W	115667	1153	0
W	69250	87595	0
W	26295	23254	0
W	21187	36683	4
W	39042	12636	0
W	20944	120803	4
W	43946	4316	0
W	154068	48174	0
W	59411	4525	4
W	107239	1688	0
W	42673	10442	0
W	43993	73450	0
W	38802	245455	0
W	161603	140	4
W	75569	7928	0
W	44274	10592	0
W	1046	3084	0
W	28101	115317	4
W	35758	65893	0
W	1047	37835	0
W	73343	1910	0
W	24868	4223	2
W	1051	831683	7
W	38424	595	0
W	62193	5140	0
W	35564	17934	0
W	85407	7233	0
W	1055	5969	0
W	64618	79062	2
W	81237	9827	0
W	50883	376190	0
W	45316	2610	0
W	114692	1681	0
W	1057	35678	0
W	35131	374	0
W	1058	18811	0
W	38959	5739	0
W	57465	9662	0
W	35250	132168	0
W	87977	6028	0
W	33519	88811	0
W	38292	10194	0
W	43063	21046	3
W	83572	7268	0
W	46523	4996	0
W	157086	6102	0
W	60769	4261	0
W	1061	1484361	0
W	26591	294046	3
W	1064	25090	0
W	93725	1026	0
W	21731	70538	4
W	68837	38515	0
W	21595	11186	0
W	1065	180738	5
W	62292	79	0
W	61157	9510	0
W	1071	67192	0
W	28457	133082	0
W	57724	12916	0
W	36630	2293	0
W	71139	951	4
W	102242	989	0
W	68430	9008	0
W	35136	18667	3
W	26527	107733	5
W	31004	64360	3
W	1072	15989	0
W	1073	2841	3
W	66117	620	0
W	55804	31375	0
W	54295	42456	0
W	53167	9401	0
W	26822	121	0
W	48970	112387	0
W	28458	13762	0
W	145436	1814	0
W	135521	7449	0
W	23562	87	2
W	57930	103649	1
W	86296	8266	0
W	82743	22626	0
W	1082	207199	0
W	102243	950	0
W	58264	13180	0
W	44425	13031	0
W	21786	29264	0
W	1085	2426	0
W	54180	21604	0
W	1086	48244	4
W	100654	2802	0
W	125797	17281	2
W	135808	4970	3
W	44372	6835	0
W	44828	17172	0
W	71347	788	4
W	69726	2433	0
W	25703	109860	0
W	55659	1198	0
W	56540	3052	2
W	1091	1883	0
W	59487	13456	0
W	125145	8339	3
W	76710	62485	4
W	43989	94255	3
W	79332	14826	0
W	1094	105297	0
W	1095	266463	5
W	135005	5853	0
W	163513	93	0
W	1097	997769	0
W	28254	15370	0
W	24846	202743	4
W	50495	59998	0
W	22518	2124	0
W	46084	78521	0
W	97823	2194	0
W	36397	16113	0
W	43310	29173	0
W	76784	86054	0
W	73788	1750	0
W	1101	95330	0
W	1103	760420	5
W	1105	334	0
W	20370	197947	5
W	55986	22369	0
W	115688	519	1
W	33750	85009	0
W	1107	1113	1
W	49349	470	0
W	33928	5041	0
W	1108	25456	0
W	1109	13003	0
W	57885	47864	0
W	23285	743	3
W	59259	1333	2
W	1112	7191	0
W	62861	15915	3
W	23110	374486	0
W	1114	1759023	6
W	46794	71855	0
W	26610	86102	5
W	73037	3846	0
W	48457	85424	0
W	1121	91907	2
W	38823	42739	0
W	67073	1089	4
W	1122	146285	0
W	32362	10160	0
W	21855	32881	0
W	82438	4910	0
W	162147	15	0
W	54273	2598	0
W	1127	2504	0
W	147061	654	1
W	66362	11463	0
W	125427	193	0
W	46514	72492	3
W	53478	1603	0
W	91834	3054	0
W	1129	30863	0
W	1130	280412	0
W	1131	1173951	5
W	58452	1425	0
W	34730	84163	0
W	31053	105653	0
W	83676	23220	0
W	1133	2704	0
W	1134	301319	4
W	22447	5798	0
W	131216	2548	0
W	57544	321023	4
W	69060	1549	0
W	136972	6055	0
W	118444	100792	0
W	165760	215	4
W	66490	5495	0
W	69108	137609	0
W	145782	551	1
W	1138	1457	0
W	59753	1722	0
W	134556	1328	0
W	81098	7848	0
W	31845	16636	0
W	1140	256363	0
W	58523	4005	0
W	1142	1203	2
W	31819	1809	0
W	36085	2944	0
W	54888	2474	0
W	20483	22897	0
W	1145	37880	0
W	41998	13530	0
W	37473	33151	0
W	122144	6020	0
W	38001	7805	0
W	59390	4726	3
W	34627	38841	0
W	56979	17204	0
W	36258	88739	0
W	67917	10778	0
W	117338	5480	0
W	95765	6820	0
W	38358	131629	3
W	49835	139056	0
W	75485	743	0
W	31854	108572	0
W	73083	904	0
W	70438	7716	2
W	115668	26	0
W	81324	10984	0
W	1153	3999952	0
W	39096	5578	0
W	1154	6571969	4
W	20432	270356	5
W	26687	18025	0
W	143640	1538	4
W	1158	6013	3
W	1159	2067708	0
W	166271	1136	0
W	22394	4371	0
W	1161	594204	6
W	84875	59521	0
W	57229	353437	0
W	42936	438	0
W	35183	7533	0
W	51394	41982	2
W	123460	7436	0
W	1164	145721	0
W	81912	2845	0
W	80429	11211	0
W	33929	1714	0
W	1165	433509	4
W	66657	583	0
W	125609	2261	0
W	29151	31050	0
W	28102	37676	0
W	39574	192660	0
W	51022	14019	0
W	33427	35177	0
W	1169	61388	0
W	84139	8115	0
W	110123	12304	0
W	21008	7560	4
W	31741	791	0
W	161961	1957	0
W	24822	19346	0
W	37449	761	0
W	136844	1220	3
W	86699	7283	0
W	84093	2154	0
W	38327	284606	0
W	1171	468772	4
W	159155	256	4
W	1172	613748	5
W	106827	167	0
W	1174	39488	0
W	33706	3569	0
W	80762	5660	0
W	66132	8176	0
W	115041	4885	0
W	23185	101795	0
W	166439	4403	3
W	75363	1723	0
W	67924	18345	0
W	36797	25545	0
W	128132	97	0
W	46504	162168	0
W	20433	273216	0
W	21221	454355	0
W	46917	535	0
W	1181	264173	0
W	69456	6752	0
W	58977	32732	0
W	49971	20467	0
W	98826	49270	0
W	33828	67783	0
W	115556	1051	0
W	81349	14817	0
W	67238	20533	0
W	121841	12622	0
W	64030	15017	4
W	94992	261	0
W	96273	163	0
W	167178	18	3
W	46309	285880	0
W	132210	19015	3
W	31033	68347	0
W	81507	32188	0
W	1187	2886	0
W	40327	22430	0
W	113341	22644	0
W	114054	23116	0
W	128188	33897	4
W	66399	2144	0
W	163794	58	1
W	1189	1596	0
W	86158	2548	0
W	96766	1272	0
W	79180	8470	0
W	140534	2437	2
W	85361	14410	0
W	30903	141502	0
W	1191	113197	0
W	30028	16432	0
W	74570	1081	0
W	116113	15084	0
W	55699	37395	4
W	48998	473	0
W	52864	71605	0
W	1193	52821	0
W	44585	10838	0
W	53420	1430	0
W	45232	21790	0
W	53348	35582	4
W	105542	4043	0
W	1196	64732	0
W	47559	1779	0
W	49945	110070	0
W	124500	25473	0
W	57725	104783	0
W	124786	8952	0
W	80148	7934	0
W	38395	10330	0
W	125578	3010	0
W	63000	57714	0
W	22232	745553	5
W	71637	15879	0
W	77202	35394	0
W	28146	3054	0
W	49650	93754	0
W	80027	19280	0
W	37814	29487	0
W	66118	562	3
W	55660	111886	0
W	80636	13590	0
W	81723	38818	0
W	61368	4211	0
W	33404	127557	0
W	21438	63262	0
W	35298	70263	0
W	40271	3629	0
W	1206	15689	0
W	1207	459064	6
W	70941	360	0
W	47255	205117	4
W	1212	107613	0
W	144881	38373	0
W	74013	1057	2
W	162562	27991	2
W	54654	3278	0
W	36751	38782	0
W	163947	16858	2
W	32205	28260	4
W	71059	104168	0
W	72799	16850	4
W	63931	24684	0
W	73504	1341	0
W	29913	238450	0
W	1216	26195	0
W	40296	134353	3
W	58411	34378	0
W	29642	8437	0
W	77950	38032	4
W	44466	2556	0
W	55297	2457	0
W	62773	1063	0
W	44655	972	0
W	32087	2821	0
W	160320	1668	0
W	64359	37669	0
W	70460	10308	0
W	22131	403	0
W	81054	7072	0
W	21222	18461	0
W	1224	3189	0
W	54372	5889	0
W	64887	3959	0
W	108279	769	0
W	167713	2038	0
W	70894	8276	1
W	58454	826	0
W	29258	197800	2
W	1226	810	0
W	22132	441	2
W	102546	5021	0
W	22519	211957	0
W	1229	3279565	0
W	20799	250603	5
W	50540	6137	0
W	121955	6552	0
W	152978	174	0
W	88228	74092	0
W	46826	48152	5
W	69324	1801	0
W	73370	103848	0
W	52930	1351749	5
W	53395	6485	0
W	65813	27324	3
W	1233	258309	4
W	66069	3970	0
W	101922	1294	0
W	21657	6686	0
W	43670	10277	0
W	1235	219492	0
W	62424	57842	0
W	55898	632229	0
W	103611	1846	0
W	1238	1006513	0
W	39362	9410	0
W	70050	1763	4
W	66046	432	0
W	71291	18086	3
W	70837	1343	0
W	25853	33177	5
W	72087	10706	0
W	51262	2867	4
W	37008	187014	4
W	96149	1749	0
W	113342	30134	0
W	43350	2161	0
W	57780	88615	0
W	164544	2308	3
W	36553	133	2
W	131938	1076	0
W	137564	10520	0
W	80313	44555	0
W	1246	78483	0
W	54695	70517	4
W	1247	925	0
W	71692	5445	0
W	75524	16519	0
W	42388	2355	0
W	1249	20590	0
W	50032	5232	4
W	1250	244191	0
W	68080	16101	0
W	38250	8041	0
W	49754	84174	0
W	128818	1160	0
W	75344	333	2
W	41317	6516	0
W	49263	5053	0
W	56716	222928	0
W	127696	3575	0
W	1260	647788	6
W	20434	4808	0
W	101727	24320	0
W	1261	333283	0
W	51823	14037	0
W	1264	72041	0
W	88229	26725	4
W	39060	43801	2
W	50607	8573	0
W	41034	5217	0
W	32486	303073	5
W	74746	1134	0
W	45915	268	0
W	150093	929	0
W	58021	15843	0
W	69061	5702	0
W	49651	19258	0
W	1271	91544	0
W	77919	30791	0
W	45201	6072	0
W	1275	26013	3
W	125433	26042	0
W	1279	2399	0
W	1280	1948214	0
W	161553	5006	2
W	70595	1805	3
W	1282	3595	0
W	29152	19796	4
W	149489	6101	0
W	1284	3959	4
W	79209	10287	0
W	71658	20880	0
W	22214	643459	0
W	163865	334	0
W	42578	641	0
W	29293	19435	3
W	64830	62327	4
W	65620	4111	0
W	22880	5237	4
W	77467	58869	0
W	49795	24280	4
W	28147	22910	0
W	45810	37488	0
W	1294	874470	0
W	33967	581116	0
W	58916	7049	0
W	85631	1607	0
W	21439	17762	0
W	1298	776523	0
W	22448	394377	4
W	56774	30364	0
W	33983	56218	0
W	56785	42598	0
W	72623	25375	0
W	1301	743031	0
W	41010	58451	0
W	1303	23540	0
W	1304	80491	0
W	29857	569050	0
W	53519	1549	3
W	106828	151	0
W	50188	707	2
W	81038	16007	0
W	1305	10372	0
W	157099	659	0
W	45773	13993	0
W	1306	176	3
W	80150	4410	0
W	62740	3671	2
W	1311	879	0
W	127921	58971	0
W	71060	9215	0
W	1312	163	0
W	44781	16409	0
W	63601	30382	2
W	49556	89107	0
W	74574	1091	0
W	22881	8202	0
W	108245	10515	0
W	49674	48939	0
W	78545	21310	0
W	37021	268327	5
W	58183	9286	5
W	72965	3125	0
W	154767	2163	3
W	130427	359	0
W	73642	2284	0
W	36657	40405	3
W	38992	1725	0
W	51464	22472	0
W	57179	4577	0
W	1316	28176	0
W	64974	2706	0
W	65049	11081	0
W	1319	31778	5
W	32065	15696	0
W	82506	7834	0
W	72725	4814	0
W	39286	53281	0
W	47085	5805	0
W	54196	24626	0
W	26771	74302	0
W	68274	154	0
W	133137	2229	0
W	60475	27971	3
W	76626	79756	0
W	102941	2363	0
W	143641	1106	0
W	35627	1883	0
W	167476	107	0
W	39822	112081	0
W	72800	41565	0
W	66098	2681	0
W	62194	1298	0
W	122311	13220	0
W	1330	6319	0
W	1332	593917	0
W	43870	2665	0
W	69344	2589	2
W	69542	126283	0
W	66464	52836	0
W	1333	2815	0
W	53754	4955	0
W	52549	86108	0
W	1335	525033	0
W	44731	1432	0
W	32400	145282	0
W	55620	30423	0
W	20484	81486	5
W	162405	1464	2
W	31090	9086	0
W	1340	58637	0
W	63920	23343	0
W	47937	3809	0
W	57180	1365	0
W	46130	18934	0
W	39954	42333	4
W	53396	19543	0
W	1342	14278078	6
W	49089	84231	0
W	37093	67396	0
W	32961	13623	0
W	23564	1067	0
W	43112	45747	0
W	1345	400956	0
W	37398	3873	0
W	79652	28115	0
W	90984	3828	0
W	1346	3108836	4
W	126886	850	0
W	1347	74870	0
W	138218	11006	1
W	89820	3738	0
W	21732	492271	0
W	83727	12891	0
W	83504	3770	0
W	118036	914	0
W	1348	2434	0
W	45023	6178	0
W	72624	334	0
W	44805	27423	0
W	1349	23300	0
W	1350	139827	0
W	22522	5564	0
W	33178	100202	0
W	1353	31178	0
W	21671	469013	0
W	22449	24369	0
W	31876	31783	0
W	1355	1241083	0
W	20973	221319	6
W	156384	7088	2
W	103419	4131	0
W	28118	115186	0
W	38666	19567	0
W	21440	8822	0
W	126526	708	0
W	78614	66104	0
W	74370	418	0
W	1358	1500	2
W	52199	6213	0
W	37210	400	0
W	68950	50831	0
W	55805	54279	0
W	44467	14085	0
W	54404	14221	0
W	1365	35220	0
W	38597	99224	0
W	73632	31661	0
W	57181	2566	0
W	90869	8766	0
W	55719	17609	0
W	1367	668493	0
W	49443	26240	0
W	65254	332	0
W	73564	58856	0
W	40662	543	0
W	85248	675	0
W	1374	5901	0
W	20877	39887	0
W	35156	21684	3
W	70916	2863	0
W	1375	3523	0
W	53210	20411	0
W	32554	19457	3
W	42155	6287	0
W	48034	6342	0
W	20878	142681	4
W	62218	22405	0
W	21858	425	0
W	133055	256	0
W	116525	1245	0
W	68033	1401	0
W	113113	31541	0
W	165510	1150	0
W	109468	807	0
W	58284	1475	0
W	41299	171937	0
W	65378	13997	4
W	55428	12021	0
W	1381	390852	6
W	36204	4515	0
W	55483	1528	0
W	33405	12564	3
W	30521	36699	3
W	65907	1195	0
W	63388	29908	0
W	31877	204787	0
W	1383	67632	0
W	63014	7804	5
W	40483	1252	0
W	71312	3245	0
W	74282	1791	0
W	1384	110029	0
W	46760	5460	0
W	1385	3408	0
W	81024	79876	0
W	79554	3802	0
W	72489	2475	0
W	1386	1205001	0
W	41802	19527	0
W	110192	2299	0
W	75120	3046	0
W	26335	14186	2
W	60927	15806	0
W	1389	23976	4
W	29042	24875	3
W	136071	50860	2
W	39521	39845	3
W	35675	12887	0
W	76501	398630	0
W	1390	784	0
W	127972	1381	0
W	1396	364187	4
W	20485	21972	4
W	71905	1955	0
W	54585	1069	3
W	48447	9088	0
W	71348	513	0
W	44586	7420	0
W	71576	25198	0
W	57987	40848	0
W	69920	2560	0
W	36579	54981	4
W	113126	37304	0
W	53755	68345	0
W	87979	4640	0
W	158194	75	0
W	71740	4260	0
W	96012	3805	0
W	116733	4084	0
W	44034	11249	0
W	40663	2261	0
W	148776	1727	0
W	117339	12567	0
W	61037	33509	0
W	41318	2279	0
W	42392	1074	3
W	73128	6138	0
W	20435	6005	0
W	52498	3952	0
W	68860	734	0
W	62871	5600	0
W	58796	249686	0
W	62741	6799	0
W	40101	605	0
W	40936	22820	0
W	1410	105682	0
W	46918	3157	0
W	135645	2021	0
W	1411	1116174	0
W	101778	1680	0
W	33606	43439	0
W	109243	3844	0
W	22882	316	0
W	46661	6900	0
W	26297	73526	4
W	1415	110609	0
W	1416	1875	0
W	1417	273549	5
W	34658	3662	0
W	42288	9459	3
W	147294	49583	5
W	131979	45102	0
W	102071	3297	0
W	145588	20197	0
W	1419	35993	0
W	63333	11347	4
W	23565	562	0
W	44124	370	0
W	1420	435698	0
W	51892	6741	0
W	1422	14013	0
W	28069	131185	0
W	62911	34930	0
W	43035	4602	0
W	29214	27094	0
W	69665	14598	2
W	46349	28774	0
W	29862	41629	0
W	64881	122	0
W	36646	12102	0
W	56000	14464	0
W	70359	6848	0
W	113019	3045	0
W	57347	18927	2
W	40297	6683	0
W	1423	467926	4
W	38601	50109	3
W	48466	206259	0
W	70499	9694	0
W	138311	2093	0
W	39672	447	0
W	63752	20808	0
W	41823	55425	0
W	78875	23122	0
W	62386	177293	0
W	135338	42	0
W	1428	127	0
W	26298	110366	0
W	129167	887	0
W	1429	288458	0
W	106829	2898	0
W	53690	3306	0
W	1431	11242	2
W	38275	34495	2
W	1432	28262	4
W	1433	176569	5
W	40633	108971	0
W	61284	2122	0
W	23111	275271	0
W	147761	940	0
W	59964	16881	0
W	80188	31312	0
W	116724	10539	0
W	22884	197565	0
W	1437	7950	0
W	35357	198536	0
W	42461	13617	4
W	69376	103	0
W	55019	6691	0
W	74296	8418	0
W	60476	36756	4
W	65116	151853	0
W	72136	12887	0
W	1444	29233	0
W	20326	33777	0
W	21859	6735	3
W	100197	585	0
W	48323	17110	0
W	77468	21539	0
W	134305	41123	3
W	1449	3591	0
W	35267	20303	0
W	1455	1383	0
W	36761	3966	0
W	126058	1255	2
W	52401	48557	0
W	132264	28332	0
W	57668	1368	0
W	1458	2303	0
W	38517	881	0
W	44721	1596	0
W	121506	22637	0
W	69738	79238	0
W	57737	16435	4
W	1461	540884	0
W	1464	102584	0
W	56403	20192	0
W	66124	51212	0
W	60731	170623	0
W	81650	8565	0
W	1466	150433	0
W	44720	238567	4
W	21223	60325	0
W	56166	57732	4
W	60031	19077	0
W	33382	83999	0
W	33578	4221	0
W	29623	44162	5
W	66717	36413	0
W	147970	1919	4
W	126385	13387	0
W	127871	472	0
W	62532	795	1
W	52857	28350	0
W	78246	16019	0
W	140587	394	0
W	69589	154967	0
W	64427	7215	0
W	38813	11828	0
W	44840	13053	0
W	32410	3144	0
W	34637	39004	0
W	53691	179827	0
W	22298	7697	0
W	1475	5983	2
W	55933	20842	3
W	41113	12870	3
W	55429	54876	0
W	62846	7218	3
W	125133	4256	2
W	1476	477741	5
W	44434	7142	0
W	58987	2605	0
W	42076	307169	4
W	43214	98894	0
W	1479	4503	0
W	130602	732	0
W	1480	8049	0
W	1481	124104	0
W	106976	6270	2
W	43155	47541	0
W	29827	8038	4
W	1484	532855	0
W	49041	35852	0
W	36103	2412	0
W	38715	7314	0
W	48696	3860	0
W	106044	9045	0
W	77708	2026	0
W	39071	1359	0
W	25830	16518	0
W	113165	12275	0
W	70306	35692	3
W	53095	54134	4
W	146272	21	0
W	110345	5263	0
W	59631	12273	2
W	43351	483	0
W	55575	18665	0
W	36992	26277	0
W	77068	113196	0
W	21860	457	0
W	1497	14466	0
W	122521	2445	0
W	57124	21890	0
W	71778	30817	0
W	109105	3849	0
W	67072	51273	0
W	39702	9009	0
W	72818	91560	0
W	20436	27233	0
W	21498	99591	0
W	1499	60724	0
W	60598	10051	0
W	69317	6799	0
W	21861	456	0
W	38294	310933	0
W	63839	68744	0
W	34659	16193	0
W	39713	46874	0
W	149954	10761	2
W	66949	27921	0
W	40582	9580	0
W	47560	4004	0
W	52831	5284	0
W	79780	11827	0
W	69392	8601	0
W	54799	2321	0
W	1505	12301	0
W	101893	3917	0
W	28176	35337	5
W	161892	437	0
W	120274	4616	0
W	1509	37612	0
W	1510	216	0
W	48867	2170	0
W	52287	12784	0
W	65903	35583	0
W	112553	25	0
W	106830	134	0
W	143053	29471	0
W	109980	26465	0
W	33751	12156	4
W	161529	1797	0
W	41671	3223	0
W	41096	101576	4
W	1514	20369	0
W	21009	215056	0
W	143103	286	0
W	46095	24237	0
W	38716	13333	4
W	42554	6904	0
W	132195	20093	3
W	32624	4527	2
W	22885	4350	0
W	122216	4794	0
W	28103	50978	0
W	37733	4851	0
W	22215	63297	4
W	32595	4962	0
W	80335	22762	0
W	36342	105247	5
W	130269	4668	0
W	48159	7154	3
W	52201	4151	0
W	38602	47548	0
W	29775	82796	4
W	49610	4094	0
W	92242	378	0
W	40634	386889	0
W	136357	13543	0
W	58215	20665	0
W	64278	22912	3
W	56368	15460	3
W	1519	2559	0
W	1521	800	0
W	37468	59678	0
W	148271	3962	0
W	73474	3505	0
W	89313	5487	0
W	52531	17328	0
W	1522	2292	0
W	1523	617537	0
W	57182	57225	0
W	58619	32525	0
W	87118	2371	0
W	73718	1954	0
W	53349	83	0
W	44632	198440	0
W	64285	259	0
W	51639	1613	0
W	128715	569	1
W	136990	452	2
W	127843	25797	0
W	53211	1123	0
W	56799	2123	5
W	43210	125400	0
W	56478	1197	0
W	78820	21857	0
W	32250	178749	0
W	1532	7392	0
W	81521	35371	0
W	50297	1205	0
W	41999	37211	0
W	45750	196422	0
W	56085	196604	0
W	32596	131141	0
W	33428	76352	0
W	69441	1636	0
W	120500	5632	0
W	32608	11008	4
W	1537	261713	3
W	143102	938	0
W	123109	10546	0
W	1538	35983	0
W	54743	24613	0
W	1543	32123	4
W	162973	5190	0
W	33707	5004	0
W	44000	92711	0
W	54744	10552	0
W	1544	14338917	5
W	128015	748	0
W	57262	3523	0
W	98339	11440	0
W	72680	39785	0
W	1545	8715	0
W	36259	322035	0
W	31374	3517	0
W	28426	780736	0
W	45947	177769	0
W	36916	2012	0
W	69019	175331	0
W	55769	1434	0
W	135337	236	0
W	76647	27653	0
W	33857	29553	0
W	87313	56607	0
W	107994	2055	0
W	49539	62782	4
W	26654	773131	0
W	1552	274459	0
W	29145	659	0
W	75407	972	0
W	31263	7624	0
W	160021	1514	2
W	32171	334062	0
W	29589	46099	0
W	24812	123509	0
W	86851	1054	0
W	67897	31637	0
W	135224	4	0
W	40596	4978	0
W	1558	28299	0
W	52461	1018	3
W	28148	2230	0
W	47561	11228	0
W	63258	1126	0
W	21010	165723	5
W	166026	11194	2
W	90985	1218	0
W	59073	3146	0
W	36343	24622	3
W	104460	4429	0
W	1562	19336	0
W	1563	14064	0
W	106937	2844	0
W	1564	379	0
W	22527	16806	3
W	33136	50292	0
W	51587	1790	2
W	1567	16620	0
W	1568	100715	0
W	1569	9148	0
W	95418	13956	0
W	41724	1857	0
W	144698	4385	0
W	53523	1384	0
W	59938	61043	3
W	1571	29456	0
W	45366	1758	0
W	1575	3202	3
W	38667	14069	0
W	131974	86	0
W	85571	1797	0
W	56595	551	2
W	70930	19642	0
W	87678	1235	3
W	101084	12167	0
W	91080	866	0
W	67809	2383	0
W	56278	27643	2
W	1586	42936347	0
W	80866	42845	0
W	1589	25059	0
W	128133	9130	0
W	29318	92190	4
W	47030	124976	0
W	50541	28243	0
W	1591	14746	5
W	36866	12650	0
W	102136	14621	0
W	54463	112461	0
W	40365	827	0
W	66521	1179	0
W	59048	3663	0
W	49861	31420	0
W	56567	11181	0
W	37211	1792	0
W	44102	766	0
W	87093	4313	2
W	55956	33004	0
W	1596	1517356	0
W	159276	100	0
W	45811	7088	3
W	64165	3901	0
W	1597	1714	0
W	1598	283846	0
W	75539	12675	0
W	75137	1869	0
W	53212	2594	0
W	38684	2170	0
W	126060	8872	0
W	20879	133734	0
W	37212	155	0
W	72397	1729	0
W	1604	23816	4
W	58216	1930	0
W	1606	1780419	0
W	70815	1685	0
W	28314	45	0
W	25949	393568	0
W	1609	177351	0
W	87323	14468	0
W	142188	3546	0
W	22233	103	0
W	39037	38467	0
W	68696	25835	0
W	1612	16074	0
W	42036	201858	3
W	24904	14844	0
W	74747	6665	2
W	68726	76810	0
W	47719	27100	0
W	136981	2503	2
W	1615	4217	0
W	51582	20860	0
W	62121	2989	0
W	34807	58783	0
W	41772	27031	0
W	23208	85945	3
W	42262	12941	0
W	43513	154144	0
W	31005	1257	0
W	20327	280624	0
W	139051	299	3
W	74943	35	3
W	33758	34853	0
W	26645	1283	3
W	108462	403	0
W	47562	16267	0
W	122914	17790	0
W	1622	386947	4
W	149393	39	2
W	32962	6425	0
W	37213	127173	3
W	37273	28121	0
W	146266	30702	2
W	133761	1720	0
W	41406	38969	0
W	35532	27719	0
W	55661	43386	0
W	64603	37846	0
W	121335	280	0
W	29319	51789	0
W	84291	15664	0
W	128092	301	2
W	117122	12961	0
W	55835	2104	0
W	134247	701	1
W	1627	20388	0
W	1629	223990	0
W	21699	123416	0
W	100473	54522	0
W	43449	77668	0
W	65521	28484	0
W	69054	40843	4
W	30493	103768	4
W	86388	2298	0
W	52125	13404	0
W	1636	162032	0
W	42212	6350	0
W	74377	23759	0
W	1638	21663	0
W	29259	80905	0
W	59934	502	4
W	88943	41794	0
W	78570	11397	0
W	57756	6711	0
W	154423	43595	3
W	56404	131212	0
W	69105	34636	4
W	99568	1627	0
W	29850	90305	4
W	38824	22555	3
W	1643	31982	0
W	24905	163001	0
W	21672	47618	0
W	1644	1476394	5
W	158044	781	0
W	76612	370089	0
W	69526	10580	0
W	75148	3265	0
W	68395	30596	0
W	50165	3267	3
W	62366	1472	0
W	1645	58097	0
W	89775	5256	0
W	88024	1685	0
W	1647	3490158	6
W	1648	2010576	5
W	55161	16337	0
W	1649	6395	0
W	24869	55654	0
W	54231	10577	0
W	22887	440	0
W	49992	11249	4
W	53903	1315	0
W	39913	14154	4
W	22888	1289	0
W	58677	7121	0
W	1650	440	2
W	1652	87070	0
W	101416	890	0
W	143656	3173	2
W	1654	9603	0
W	42736	8745	0
W	38639	44180	0
W	83982	10398	0
W	1656	17764	0
W	47060	26164	4
W	64245	9666	0
W	67728	8225	0
W	43114	31425	0
W	91653	27965	0
W	63334	68267	2
W	118607	3603	0
W	21673	42667	4
W	74945	76	4
W	99515	3612	0
W	64668	83816	0
W	1660	63059	0
W	85362	20856	0
W	32067	76110	3
W	1662	19395	0
W	61650	7054	0
W	1663	20839	0
W	68795	62918	1
W	61063	27432	0
W	53225	48623	0
W	29776	154798	0
W	106831	185	3
W	81055	16037	4
W	128322	11	0
W	84194	869	0
W	65944	63229	0
W	38359	153876	0
W	74844	6637	0
W	57230	134808	0
W	56673	37121	4
W	1664	57468	0
W	64113	17897	0
W	63670	385	0
W	69226	688	0
W	1666	1617	0
W	57184	52283	0
W	59719	441	3
W	33869	255246	0
W	65927	10950	0
W	23243	63348	0
W	137565	6565	0
W	66551	21602	0
W	121372	1598	0
W	32018	31837	0
W	32308	18294	0
W	61143	2061	0
W	75205	4041	0
W	51770	9284	0
W	1671	3283	0
W	39382	2459	0
W	84627	1750	0
W	128296	42775	0
W	69335	1198	0
W	21136	80044	4
W	39604	3262	0
W	128810	2241	0
W	117200	117	2
W	1675	1445352	0
W	1677	4091	0
W	55770	40691	0
W	69255	3368	0
W	61556	42551	0
W	1679	791939	0
W	80030	10798	0
W	141259	2640	0
W	1680	2216189	6
W	32207	3119	0
W	1684	17450	0
W	122597	1207	0
W	43603	71016	5
W	163387	8201	0
W	20932	449	0
W	21416	8002	0
W	1687	1059	3
W	58988	86705	0
W	40969	7383	0
W	89742	4459	0
W	29980	68367	3
W	71493	31727	0
W	142780	8961	0
W	158497	1761	3
W	36344	53049	0
W	59781	4713	0
W	57940	10601	0
W	86123	976	0
W	119990	8649	0
W	103375	568	0
W	20328	481189	4
W	121205	89347	0
W	41100	8009	0
W	1695	25074	0
W	1698	4935587	6
W	26336	331135	5
W	44266	55770	3
W	20765	63745	4
W	1702	2026023	5
W	74551	210478	3
W	54297	1062	0
W	74020	21189	0
W	1704	5965262	6
W	62113	4876	0
W	43951	6794	0
W	89519	879	0
W	165019	187	3
W	34718	153661	0
W	55343	141082	0
W	29804	242532	0
W	120144	39359	0
W	106832	2120	0
W	37664	597	0
W	48478	149	0
W	40944	33455	0
W	45986	21205	0
W	80597	24836	0
W	31164	8194	0
W	90840	4305	0
W	63934	36680	0
W	74879	1333	0
W	73176	12549	0
W	1712	5076252	0
W	1713	14899	0
W	67527	84518	0
W	123772	10368	0
W	50934	22805	0
W	48242	3663	2
W	1715	543400	0
W	1716	984	3
W	23193	241144	3
W	59153	2482	0
W	126005	80492	0
W	42926	36217	0
W	58716	2100	0
W	49724	3655	0
W	128324	1551	1
W	42840	11955	4
W	46006	1184	0
W	59754	4537	0
W	44728	20934	0
W	54655	289158	0
W	61160	22396	0
W	70307	56073	0
W	32251	5829	0
W	51699	172246	3
W	91054	1272	0
W	44862	47145	0
W	23194	185013	4
W	1720	1025	1
W	77960	73123	0
W	66258	189	0
W	53323	14788	0
W	53917	43592	0
W	31148	313300	3
W	48578	312466	0
W	116352	359	0
W	115810	3397	0
W	132958	1245	0
W	96410	1298	0
W	50586	771	0
W	82128	5540	0
W	52633	1044	0
W	72406	33	3
W	1723	143010	0
W	1725	18906	0
W	81738	4243	0
W	68543	20159	0
W	69325	30	0
W	48512	96981	0
W	69173	2344	0
W	1730	5385	0
W	20438	2215	0
W	49491	21835	0
W	84697	16553	0
W	67079	67260	0
W	119213	2472	0
W	1734	762292	4
W	56697	14978	0
W	56090	62717	0
W	70212	15488	0
W	113219	1985	0
W	165593	1549	0
W	21867	14379	0
W	45137	10069	0
W	75709	147959	0
W	104035	49	0
W	78873	86760	0
W	71866	53260	0
W	163077	275	3
W	22259	6868	1
W	82040	4252	0
W	70144	3925	0
W	34809	100386	0
W	1738	1208	2
W	144741	1954	0
W	1741	38928	0
W	1742	54306	0
W	77994	44227	0
W	1743	7374	0
W	43115	17832	0
W	1744	41301	0
W	29294	128108	3
W	31149	2576	0
W	161138	15	0
W	25897	8151	0
W	47175	3930	0
W	32411	80986	0
W	77889	15745	0
W	78263	17725	0
W	53466	22520	3
W	1746	39791	0
W	41547	84457	0
W	132247	825	0
W	1747	185105	0
W	52783	22194	0
W	71917	1542	0
W	81832	4106	3
W	64988	395	0
W	1749	1401	0
W	70611	536	2
W	1751	313570	5
W	44339	16841	0
W	72674	38116	0
W	30542	39745	0
W	31916	949	0
W	48453	7303	2
W	39099	384	0
W	1753	234548	0
W	52246	124	0
W	69244	15801	0
W	55240	8748	3
W	59686	122724	0
W	74991	24090	0
W	31165	19441	0
W	40262	15784	3
W	115689	19659	0
W	78670	13013	0
W	69400	5637	3
W	52126	10765	0
W	87681	1218	0
W	1756	507816	0
W	46415	4187	0
W	34601	3215	0
W	79088	4298	0
W	61199	24532	0
W	1759	1472	0
W	50058	40775	0
W	1760	4594	0
W	32988	179293	0
W	65257	19316	2
W	92139	2523	2
W	55807	1193	3
W	70793	123	3
W	126197	17044	0
W	26655	17328	0
W	1765	2062045	0
W	1767	7792	0
W	40614	50696	0
W	38803	5914	3
W	33824	30208	3
W	73890	30716	0
W	102129	49584	0
W	52440	32238	0
W	36713	13139	0
W	31891	4788	0
W	1773	2955719	0
W	22889	37554	0
W	57852	4276	3
W	134468	665	4
W	33708	58433	4
W	29096	19846	0
W	49043	14582	4
W	60599	53772	0
W	44226	8069	0
W	66977	45061	0
W	59903	19267	0
W	62090	14792	0
W	20721	40124	0
W	75585	8937	0
W	130085	259	0
W	38295	10388	0
W	1786	1368	0
W	56091	5434	0
W	1787	23340	0
W	127552	702	0
W	21307	197274	0
W	21442	189966	4
W	38251	1788	0
W	68562	47490	0
W	42101	45769	0
W	91783	5873	0
W	29320	37856	0
W	28427	11921	0
W	30503	88121	0
W	56211	10777	0
W	20881	40702	4
W	1792	12683	0
W	1793	3931	0
W	32088	74627	0
W	60705	172232	0
W	34602	9903	0
W	158325	1875	0
W	1795	297757	3
W	74236	2555	0
W	39733	71898	5
W	165507	5326	5
W	1799	4003463	0
W	49435	9827	0
W	1804	24571	0
W	33430	177376	4
W	35996	290790	5
W	43604	28357	3
W	69299	84	0
W	1808	615561	0
W	1809	2086634	6
W	1810	41121	0
W	40152	19563	4
W	45812	248463	0
W	74791	2818	0
W	128163	2939	0
W	1811	236075	0
W	71896	51505	0
W	119546	6895	0
W	135339	2293	0
W	112319	2543	0
W	63911	5242	0
W	140683	3287	0
W	1816	19937	0
W	1818	345089	0
W	1819	388636	5
W	1820	1083104	5
W	28255	697350	0
W	45469	5081	0
W	128127	42008	0
W	73211	11090	0
W	77857	61510	0
W	149802	1184	0
W	119326	4738	0
W	121374	31405	0
W	75398	164	0
W	129429	629	0
W	26798	122411	0
W	76244	2485	0
W	43871	2887	0
W	22395	112305	0
W	23112	221588	0
W	90871	1308	0
W	20548	228983	5
W	53524	598	2
W	21701	134495	3
W	125792	2433	2
W	29966	30288	0
W	80006	13398	0
W	1821	59700	0
W	1824	521	0
W	26337	248978	0
W	45024	145086	3
W	24963	1389	4
W	28459	10609	0
W	72972	9695	0
W	49737	4135	3
W	59097	151158	0
W	1826	27769	0
W	20371	119594	0
W	49421	35896	0
W	56052	13698	0
W	20242	55122	0
W	62890	5437	2
W	20626	102033	0
W	25692	22906	2
W	129363	1912	0
W	1831	44592	0
W	64649	38744	3
W	119005	1178	0
W	61732	9350	0
W	65154	16799	0
W	28289	20850	0
W	115690	45111	0
W	20627	26307	5
W	1833	128983	0
W	53035	1524	0
W	1834	153	2
W	128050	2521	1
W	1835	33811	3
W	68628	7526	0
W	28460	99129	0
W	20439	40740	0
W	73197	5386	0
W	48700	284	0
W	123903	51851	0
W	46464	1630	3
W	51263	9347	0
W	130932	2788	0
W	1839	19016	0
W	40280	11078	4
W	70017	26324	0
W	77806	65041	0
W	162848	76	0
W	60385	86364	0
W	124410	10266	0
W	51826	21433	0
W	59805	2143	0
W	119465	866	0
W	53692	54726	0
W	53324	90227	0
W	41205	228781	4
W	60435	53290	0
W	49265	276	0
W	40342	415	0
W	72627	1826	0
W	59755	139151	0
W	29165	6961	2
W	55263	2489	0
W	39914	32840	0
W	98133	6159	3
W	59109	2403	3
W	39301	38127	0
W	37869	278030	0
W	68669	1188	0
W	47865	93740	3
W	45307	10995	0
W	39011	3110	3
W	71736	332	0
W	162737	4063	3
W	75582	1490	0
W	67024	16957	4
W	21350	14954	3
W	20196	195695	6
W	1853	7742	0
W	136991	8055	0
W	34638	30395	0
W	25723	42387	3
W	23363	855	0
W	76701	200335	0
W	110998	14602	0
W	57186	33665	0
W	62624	99471	0
W	155743	26989	1
W	1860	139919	0
W	42181	4765	0
W	61031	184972	0
W	136062	2208	3
W	91572	60	0
W	35771	29649	0
W	50033	12944	0
W	20722	41929	4
W	50059	42793	0
W	72880	3521	0
W	81782	10840	0
W	23209	58148	4
W	23186	508900	0
W	1861	4410	0
W	25922	11936	0
W	168556	7248	0
W	1862	1509	3
W	78510	21996	0
W	63347	4365	0
W	42130	151798	0
W	61868	13704	0
W	100229	941	0
W	165872	83	2
W	74028	45879	0
W	111139	363	0
W	140120	1695	4
W	46505	50025	0
W	72380	7499	0
W	133563	21751	1
W	90017	3105	2
W	98340	10197	0
W	104423	63993	0
W	43197	82645	0
W	66380	14724	0
W	41012	2206	0
W	81522	52271	0
W	1868	55546	0
W	83574	2999	0
W	150086	1717	0
W	1869	4741	0
W	130086	7807	0
W	65099	9742	0
W	33649	7507	0
W	29061	147840	4
W	33562	4596	0
W	46320	25804	0
W	62618	1392	0
W	57133	104764	0
W	68763	17988	0
W	34596	29149	0
W	167684	102699	4
W	55245	2483	0
W	83763	1015	0
W	58266	1346	0
W	44468	9956	0
W	33738	73128	5
W	48295	838	3
W	51106	719	3
W	37306	89870	0
W	91835	876	0
W	51950	6483	0
W	96361	3660	3
W	145767	1934	0
W	1879	7	0
W	21077	329565	3
W	52381	6985	1
W	72707	23805	0
W	89473	1026	0
W	48869	44303	0
W	68601	63300	0
W	138581	452	0
W	64654	10977	3
W	110346	10660	0
W	42564	261326	0
W	22396	583207	0
W	1885	8600	0
W	44001	72660	4
W	68314	69725	0
W	20724	367876	0
W	107997	754	0
W	95173	3598	0
W	40122	3697	0
W	73130	16906	0
W	165192	2572	0
W	138722	828	0
W	63507	13963	0
W	140613	6978	0
W	57510	39248	0
W	1888	486848	0
W	51204	176491	3
W	56768	2312	0
W	128181	71130	0
W	60478	2560	0
W	70859	13867	0
W	20766	6159	0
W	1890	1003887	0
W	21011	49326	4
W	49266	1584	0
W	61536	16560	0
W	32252	6729	0
W	72362	10247	2
W	1891	17866	0
W	22890	78617	0
W	51493	302	0
W	95174	2334	0
W	125134	2937	0
W	50682	4937	0
W	85508	6100	0
W	1895	1241196	0
W	40328	45845	0
W	141589	1150	0
W	1896	1282	0
W	155883	3489	0
W	136010	72	0
W	38804	15161	0
W	61611	24579	0
W	121266	5566	1
W	45162	18159	3
W	62352	13111	0
W	144782	6721	2
W	127812	614	2
W	1901	101767	1
W	22299	38602	3
W	88415	6332	0
W	57745	932	0
W	45813	6196	0
W	49576	2817	0
W	1904	886517	5
W	1905	1226628	0
W	72801	4167	5
W	44916	156812	0
W	46145	19374	0
W	73212	5018	0
W	128365	20979	0
W	64129	16234	0
W	81762	8573	0
W	36867	23714	0
W	56429	71383	0
W	1907	351705	0
W	1908	8300	0
W	84628	1302	0
W	54920	24028	0
W	69163	11279	0
W	71426	48736	0
W	1909	1806837	0
W	20549	12332	0
W	61499	32519	4
W	21870	221495	7
W	164086	8875	1
W	20726	26529	3
W	82376	15595	0
W	40519	11075	5
W	148117	45048	1
W	71865	59032	0
W	31034	107998	0
W	124616	141	0
W	48279	10283	0
W	130285	45	0
W	43797	1949	1
W	72756	3718	0
W	74238	5395	0
W	84629	40838	0
W	29914	4743	3
W	73699	4864	4
W	41507	7644	0
W	89923	351	0
W	51264	183604	0
W	29295	20193	0
W	130697	2004	0
W	71503	173	0
W	82444	6642	3
W	1915	9610	0
W	66727	2635	0
W	132270	2387	0
W	59848	701	0
W	143851	2053	0
W	127278	12375	0
W	26773	15590	0
W	29596	11601	0
W	22137	2762	4
W	21078	37520	0
W	70926	4941	0
W	59489	7916	3
W	135329	9439	0
W	1923	16202867	6
W	51714	184	0
W	1924	3541407	0
W	139044	12811	0
W	75166	14929	0
W	92879	4473	0
W	1925	200107	4
W	56955	42770	0
W	1927	653483	0
W	138347	2266	3
W	71716	2312	0
W	1928	132429	0
W	127973	10476	4
W	69723	169314	0
W	1932	32673	0
W	39976	7449	0
W	1935	10421	0
W	50398	2862	4
W	69747	1567	0
W	158393	32478	3
W	44826	249769	0
W	69697	3547	0
W	145851	29467	0
W	90472	2753	0
W	39532	51800	0
W	88026	890	0
W	1940	415165	4
W	47139	140	0
W	29097	48331	0
W	82377	26967	0
W	88027	812	0
W	51265	5462	0
W	85411	5744	0
W	33113	24426	0
W	32963	105469	5
W	55474	50806	0
W	52267	6813	0
W	42311	560	0
W	133827	972	3
W	24964	2355	0
W	145922	6431	0
W	43591	43251	0
W	52956	2356	0
W	166189	5763	0
W	25693	87067	0
W	125769	2827	0
W	117446	1568	0
W	68544	6735	0
W	22532	45047	0
W	77961	21790	0
W	50542	26155	0
W	77822	20659	3
W	1948	101179	0
W	128769	1528	0
W	48779	68065	0
W	24965	1568	3
W	52601	16408	0
W	143822	4830	0
W	33114	34624	3
W	65273	88336	0
W	39506	3739	0
W	36414	222198	0
W	34639	7164	0
W	144189	5	0
W	1951	10958	0
W	1952	32209	0
W	50955	105192	0
W	60387	13486	0
W	60890	10487	0
W	1958	2792	0
W	60005	8017	4
W	59756	1406	0
W	1959	9877	3
W	80915	13041	0
W	80108	14084	0
W	26636	5627	0
W	1964	25989	0
W	84096	9405	0
W	100253	7518	0
W	48701	3328	0
W	21351	180676	0
W	61991	15763	0
W	128010	7184	0
W	136856	3369	0
W	109794	45701	0
W	65598	5444	0
W	32226	81619	0
W	56279	11609	0
W	1969	8791	0
W	26611	59283	3
W	124760	2220	0
W	42033	7568	0
W	36722	140011	0
W	45728	43032	3
W	68359	819	0
W	73348	122	0
W	36260	143617	3
W	48359	28681	4
W	39554	134404	0
W	136770	890	0
W	1977	2401	4
W	77237	12378	0
W	83037	76682	0
W	36841	504	0
W	73572	24946	0
W	1978	60557	0
W	79686	29492	0
W	72336	455	2
W	82129	4977	2
W	20440	2088	0
W	57312	33962	0
W	68076	14899	4
W	20278	131660	0
W	23210	223991	3
W	55344	94185	0
W	129147	669	0
W	57396	6086	0
W	1984	46698	0
W	41689	150779	0
W	36673	126294	0
W	136845	1528	0
W	46047	36989	0
W	105543	2711	0
W	67768	16950	0
W	132970	1522	0
W	20612	22996	0
W	56997	33045	0
W	44881	138167	0
W	94107	178	0
W	56167	6713	0
W	154264	1030	0
W	1991	52461	0
W	75486	7279	0
W	144585	1582	0
W	73371	14901	0
W	167148	55	3
W	48579	1259	3
W	103661	2703	0
W	1992	20257	0
W	55260	3365	4
W	119309	8743	0
W	49678	37132	0
W	97235	31099	0
W	47209	24763	0
W	87161	510	0
W	62897	2747	2
W	160686	9358	0
W	1999	8385	0
W	135162	4937	0
W	129022	9442	0
W	119563	1685	0
W	45335	12672	0
W	41091	24412	0
W	32253	9431	0
W	21279	24545	3
W	130120	2249	0
W	68752	1297	0
W	101065	1012	0
W	2004	1618	2
W	54347	42819	0
W	98101	19260	0
W	55171	37901	0
W	35172	333741	0
W	158076	1885	0
W	34719	54328	0
W	134211	439	0
W	47320	16709	0
W	23287	47153	0
W	58859	1606	0
W	29076	68261	0
W	138862	1464	0
W	22450	6516	0
W	54027	44505	0
W	51628	319181	0
W	2008	2209	0
W	61934	1571	0
W	128101	3565	0
W	61935	10646	0
W	148721	6601	0
W	67976	5030	3
W	48870	11684	0
W	63117	25140	0
W	74632	6068	0
W	54735	281836	5
W	71249	109031	0
W	45661	87	2
W	57708	4174	0
W	39012	50250	0
W	51647	104233	0
W	121875	16357	0
W	2015	256971	0
W	106653	2865	0
W	20441	30177	4
W	26786	3259	0
W	52602	54742	0
W	20676	315990	0
W	87531	35847	0
W	76001	160	3
W	69821	462294	0
W	56617	75150	0
W	24813	83694	0
W	81757	45267	0
W	155566	1865	0
W	102550	17670	0
W	2021	64078	0
W	106833	58	0
W	2023	74307956	8
W	120377	2251	0
W	48625	12569	0
W	51192	13167	0
W	63753	1121	0
W	2025	33210	0
W	56039	51078	4
W	63948	2235	0
W	26746	14954	3
W	124741	241	0
W	2027	174342	0
W	128165	621	0
W	2029	1661	0
W	39623	12185	2
W	70993	37271	2
W	59063	4615	0
W	137028	899	0
W	2031	80488	0
W	59589	324112	0
W	73414	2949	1
W	35502	49089	0
W	56233	279006	0
W	76521	105516	0
W	70025	72759	0
W	75454	14976	0
W	2038	1920	0
W	70145	54438	0
W	94604	353	0
W	31265	74160	3
W	53226	18135	0
W	20279	19601	3
W	32492	221897	0
W	40172	217927	0
W	31719	965331	0
W	2043	41492	0
W	2044	268684	0
W	48702	4266	0
W	52805	21694	0
W	2047	24819	0
W	2048	957039	6
W	2050	90758	0
W	133255	30859	0
W	78265	13000	4
W	50799	233	0
W	87526	35231	0
W	88746	3333	0
W	65446	35639	0
W	86317	11344	0
W	46057	16655	0
W	73667	1754	2
W	119592	4134	0
W	53904	2766	0
W	39734	3606	0
W	74585	19863	0
W	2054	104143	0
W	152634	10520	0
W	64163	7817	0
W	168766	29484	1
W	30590	283196	0
W	81100	10648	0
W	122900	9510	0
W	2058	158472	4
W	101026	722	0
W	76506	141927	0
W	2060	82970	0
W	2061	3231521	6
W	63696	50074	0
W	33829	20343	0
W	45369	3696	0
W	42551	119736	0
W	31006	227532	0
W	67842	1610	0
W	2062	99373	0
W	82007	64162	0
W	43500	81547	0
W	45814	46856	0
W	55102	15509	0
W	115886	1108	0
W	2063	317595	0
W	22534	5678	4
W	42831	6274	4
W	40970	240923	0
W	49267	10040	0
W	82041	9713	0
W	2066	10352	3
W	86743	6871	0
W	2068	63084	5
W	62560	138	0
W	2069	644997	6
W	80667	8362	0
W	134846	3204	2
W	2070	80721	0
W	2071	377288	0
W	134812	920	0
W	132536	8130	0
W	63914	51289	0
W	40615	161941	0
W	77360	53830	0
W	28256	23815	0
W	71349	375	0
W	75194	250	2
W	28257	15632	4
W	67827	22878	0
W	43116	624	0
W	84369	5597	0
W	22535	2457	3
W	46156	19329	0
W	84097	4814	2
W	129675	2061	0
W	32254	120243	0
W	75683	7549	0
W	29253	62335	0
W	137849	6385	0
W	26525	1278	3
W	30030	130050	0
W	127829	2135	0
W	54207	172716	4
W	25951	58469	3
W	26533	15135	0
W	65337	4841	0
W	2079	7354740	5
W	65462	6763	0
W	2080	3860	0
W	87341	6313	0
W	31317	22376	3
W	63665	15405	0
W	61115	85744	4
W	37980	434856	0
W	38656	9627	0
W	137754	1223	0
W	2083	23475647	6
W	70628	5492	0
W	149012	11472	1
W	53448	1132	0
W	62963	7917	0
W	2087	206267	0
W	116118	966	0
W	75155	2057	0
W	68854	60847	3
W	64760	15476	0
W	48313	37301	0
W	37070	1978	0
W	41725	5204	0
W	57367	5189	4
W	2091	766	0
W	63311	388	0
W	71994	6775	0
W	2092	594626	0
W	35388	207501	0
W	2093	128739	0
W	42743	982	0
W	45117	47794	0
W	58597	5286	3
W	129729	724	0
W	38957	26103	0
W	123337	18061	0
W	21499	13809	4
W	2095	828	3
W	122942	1384	0
W	57903	78785	0
W	2096	650837	6
W	105712	61	0
W	2098	135375	0
W	22536	46868	0
W	21249	415265	0
W	137386	3640	0
W	51656	144	0
W	127774	151	0
W	2101	126272	0
W	78912	4395	0
W	116897	2164	0
W	128449	282	0
W	67256	5483	3
W	128339	173	0
W	67050	4194	0
W	81509	19109	0
W	91125	263	0
W	93285	2581	0
W	128266	11688	0
W	2106	2084	0
W	2107	3420995	6
W	22537	165	0
W	82628	13182	0
W	46807	19772	0
W	48871	3702	3
W	77890	71904	0
W	2111	1233	0
W	113756	455	0
W	158196	158	0
W	2112	7521	3
W	150908	2418	2
W	131847	636	0
W	22301	8146	0
W	42866	5761	0
W	68057	47686	0
W	39315	16303	0
W	60365	168629	0
W	144517	271	0
W	60803	82394	4
W	57368	17222	0
W	44903	5395	0
W	62338	1344	2
W	2117	1069	0
W	21137	11315	0
W	131350	9475	0
W	2123	130012	0
W	50768	2459	0
W	57966	3263	0
W	127872	1882	1
W	2126	110578	0
W	30522	81798	0
W	62027	5589	0
W	26592	14033	3
W	64302	6489	0
W	65409	2994	0
W	20800	262730	5
W	124714	7431	3
W	2130	137758	4
W	63313	62319	0
W	141247	10953	0
W	59064	5269	0
W	42765	468601	0
W	20628	71256	0
W	158163	65	0
W	72726	1900	4
W	2132	764	0
W	30504	82070	0
W	61295	1048	3
W	106528	9047	0
W	2134	1794	0
W	40598	133819	0
W	55934	34984	0
W	56304	12292	0
W	46543	125618	4
W	95768	4475	0
W	40545	60301	0
W	58009	18904	0
W	32184	148819	0
W	26528	220625	0
W	53025	43448	0
W	91281	11828	0
W	79466	3503	0
W	39555	38314	0
W	2143	1437936	0
W	145854	8845	0
W	46375	3072	0
W	54298	66214	0
W	34660	806	0
W	2146	200953	4
W	2147	58594	4
W	24814	29660	4
W	2150	518	0
W	72767	11945	0
W	51249	807	0
W	55202	39662	0
W	74547	77434	0
W	2153	72	0
W	21443	14628	0
W	42062	326190	0
W	37342	37446	0
W	133727	166424	1
W	40831	141686	5
W	35985	33236	0
W	118465	1933	1
W	165511	792	0
W	2159	683793	0
W	35630	18592	0
W	36590	149029	0
W	80405	9689	0
W	45954	4177	0
W	28461	8644	2
W	40411	93671	4
W	165007	3654	0
W	25854	6071	0
W	40003	95001	3
W	32609	11167	0
W	94242	15708	0
W	56430	63726	0
W	60528	34033	0
W	75332	11141	0
W	2164	292827	5
W	63739	16547	0
W	2166	24174	0
W	66112	38574	0
W	57661	141388	5
W	71884	11213	0
W	133036	9377	2
W	30031	15676	0
W	56280	21118	0
W	72545	90278	0
W	51001	38551	4
W	36115	33577	0
W	22210	22427	0
W	2172	401714	0
W	2173	697780	0
W	57369	36276	0
W	2175	250710	0
W	67630	1842	0
W	35997	111068	3
W	54348	34103	0
W	51075	26426	0
W	30494	648463	4
W	98376	1482	0
W	21250	26330	0
W	43078	79036	5
W	137163	1459	0
W	164711	1447	1
W	2180	104564	3
W	79608	166887	0
W	75049	6941	0
W	32636	4663	1
W	56111	262600	0
W	21280	96745	5
W	65846	2757	0
W	62561	1959	0
W	53630	3818	0
W	33201	21381	0
W	31850	22591	0
W	31240	7730	0
W	60290	34606	0
W	65931	1752	3
W	38891	13769	0
W	2184	277683	5
W	115190	1436	0
W	65790	22441	0
W	64365	71606	0
W	2188	16593	0
W	88028	1799	0
W	55577	15251	0
W	2193	328	0
W	32168	3373	0
W	38467	6935	0
W	2195	821	0
W	40546	342	0
W	2196	567020	1
W	84098	3566	0
W	2198	1205	0
W	132521	6717	0
W	75548	30628	0
W	50060	63143	0
W	63186	40	0
W	135340	17773	0
W	128016	666	0
W	48608	312180	5
W	123983	1987	0
W	2203	2029	0
W	48334	232409	0
W	55028	5945	3
W	70762	6281	0
W	44829	158736	0
W	100337	3698	0
W	36233	216650	0
W	41217	36178	0
W	37474	26711	0
W	143881	1276	1
W	33919	6351	0
W	130211	52088	0
W	41218	2492	4
W	65551	74752	0
W	40503	4036	0
W	43668	1242	0
W	33215	11678	0
W	74139	3326	0
W	35373	87515	0
W	106793	1567	0
W	51514	27323	0
W	128343	3437	4
W	109986	5306	0
W	91785	7611	0
W	2217	4589	0
W	143025	2040	0
W	23211	21970	0
W	97306	845	0
W	98134	5184	0
W	134837	179	0
W	75291	98	0
W	75592	30738	0
W	2223	860814	6
W	73549	8737	0
W	127982	4851	0
W	53980	25594	2
W	103077	16971	0
W	128253	2384	0
W	2232	3143	0
W	142375	784	0
W	48533	2850	0
W	31111	44326	0
W	152869	1743	2
W	41563	5743	0
W	2237	6017	1
W	2239	215301	3
W	110764	270	2
W	57580	161790	5
W	42856	22525	4
W	103136	706	0
W	21225	146379	4
W	162485	2338	0
W	128189	4031	1
W	116428	28595	0
W	131202	1923	0
W	72294	18008	0
W	2242	45128	0
W	43008	84227	0
W	2243	1489905	0
W	39904	47460	4
W	67723	13695	0
W	28428	4470	0
W	108973	7118	0
W	34732	21744	0
W	2247	1814	0
W	46664	7406	2
W	2249	34712	0
W	72265	7828	2
W	47025	12255	0
W	50903	3014	0
W	154929	821	1
W	37547	61804	4
W	32132	20616	0
W	71140	6714	5
W	33733	48049	0
W	100500	29881	0
W	33871	105356	0
W	50885	74142	0
W	50399	866	0
W	130698	17293	0
W	70574	130162	0
W	118698	11683	0
W	63144	21737	0
W	38360	16261	0
W	134248	2511	0
W	97785	28582	0
W	2258	5330	0
W	36723	94288	0
W	115442	6198	0
W	51648	3933	0
W	38624	17290	0
W	119771	16781	0
W	25724	203778	0
W	37981	22401	0
W	82283	1498	0
W	52088	20429	4
W	20882	101380	3
W	28370	135006	0
W	2266	469613	0
W	109137	5426	0
W	26656	4600	0
W	85952	7661	0
W	2267	156910	0
W	55088	71891	0
W	52898	29498	5
W	94769	6499	0
W	2268	11187	0
W	52289	125398	0
W	68029	5815	0
W	29268	41418	4
W	20550	23436	4
W	132429	109	0
W	2269	1742	3
W	61281	52547	0
W	76507	126182	0
W	51002	4431	2
W	52174	3256	0
W	69311	3845	0
W	45287	11114	0
W	51162	4864	0
W	130000	6064	0
W	21444	5530	0
W	2275	418947	0
W	137921	13032	0
W	93410	161	0
W	2279	635176	6
W	43009	14588	0
W	58037	8791	3
W	77842	68977	0
W	23288	95118	3
W	51566	52629	0
W	55246	1235	0
W	28290	5088	0
W	46544	46417	0
W	56559	2961	1
W	133959	6598	4
W	2283	958939	0
W	21226	63492	0
W	39735	114554	2
W	53528	112	0
W	2287	144025	0
W	127942	51550	0
W	66238	27623	0
W	2289	7632707	6
W	2290	7702	0
W	39159	1884	0
W	121063	1294	0
W	39491	4585	4
W	29603	86080	0
W	24966	4973	4
W	43688	16288	0
W	63031	35466	0
W	68697	15404	0
W	25753	31458	0
W	59098	830	0
W	2296	10920	0
W	38837	12052	0
W	38411	2580	3
W	128190	14996	1
W	50061	4155	2
W	2299	106115	0
W	78686	94903	0
W	43756	5897	0
W	69044	3780	0
W	64899	71688	0
W	145153	14404	0
W	58412	1746	0
W	2301	10484	0
W	2302	42583	5
W	40208	3102	0
W	32610	3082	0
W	57159	154630	0
W	75187	1437	0
W	2303	2581	0
W	80238	12254	0
W	71728	7381	0
W	68951	11695	0
W	64878	8526	0
W	32556	13219	0
W	125798	19301	2
W	72830	4442	3
W	20974	31141	0
W	151770	893	0
W	117324	1223	0
W	36621	498	0
W	2306	384436	0
W	134350	12512	2
W	31773	31931	2
W	165763	1086	0
W	33685	7879	0
W	122474	5751	0
W	52564	8756	0
W	51931	7561	0
W	120743	4422	0
W	41369	85997	0
W	2310	2292	0
W	144186	1745	0
W	2311	473	0
W	166721	0	2
W	30505	3814	0
W	104829	43993	0
W	38735	5595	0
W	123683	11077	0
W	2313	595405	0
W	56648	30554	0
W	68049	11621	0
W	127564	12581	1
W	58413	6966	0
W	152407	2372	0
W	108283	610	0
W	58026	27533	0
W	44882	12994	0
W	2321	2279672	0
W	21549	52603	0
W	54223	11527	0
W	67312	5854	0
W	58692	67965	0
W	36129	4548	0
W	81784	18700	0
W	41398	316076	0
W	127894	554	0
W	2325	1521317	5
W	76754	80378	0
W	2326	14094690	0
W	44457	37696	0
W	2333	77760	0
W	67539	6707	0
W	56002	14008	0
W	139444	536	0
W	75330	16015	0
W	2338	33506	0
W	44927	1631	0
W	55987	9647	0
W	26718	116495	0
W	2339	7937	2
W	21251	16811	0
W	26823	260687	0
W	23113	128850	0
W	76824	84945	3
W	56040	150390	5
W	29278	92099	0
W	2346	416077	0
W	61104	111	1
W	44215	2809	0
W	68665	16545	3
W	21500	187680	0
W	40635	125370	0
W	36476	28765	0
W	2352	81	0
W	84905	5936	0
W	62073	8564	0
W	51829	16455	3
W	87315	81203	0
W	21596	59658	0
W	2358	5455	0
W	50946	6794	0
W	59285	1699	0
W	54405	78604	0
W	52337	18100	0
W	97807	3911	0
W	70953	10149	0
W	20372	105551	3
W	121185	915	0
W	106835	26	0
W	68391	49575	4
W	68701	13810	0
W	93200	3973	0
W	2359	6454	3
W	50453	2151	0
W	51033	433	0
W	44310	8258	0
W	79385	8532	0
W	37847	16935	0
W	56053	9690	0
W	2361	1480580	6
W	116781	11121	0
W	40665	593	2
W	81192	7030	0
W	84330	10382	0
W	77382	113219	0
W	166793	44340	0
W	126888	1062	0
W	83616	2286	0
W	104497	3212	0
W	67824	173	0
W	2367	42119	0
W	72204	4644	0
W	126483	614	0
W	75107	24811	0
W	25924	13586	0
W	159461	3896	2
W	2368	10618	0
W	31947	1098	0
W	64519	3269	0
W	73732	105586	0
W	49422	234214	0
W	76693	71290	0
W	47722	91041	0
W	104248	4550	0
W	30481	43242	0
W	2372	989643	4
W	139662	2973	0
W	50034	936	0
W	106836	47	0
W	137087	29517	0
W	164511	54	0
W	52215	40154	0
W	48360	377	0
W	34661	72434	3
W	134856	5646	0
W	40902	17380	0
W	20855	99493	0
W	90417	26918	0
W	22544	71523	0
W	43157	114920	0
W	77361	78446	0
W	67401	16340	3
W	77962	41828	0
W	47830	9614	0
W	2381	343250	0
W	20678	80550	0
W	127776	2611	0
W	28371	124633	0
W	113418	11926	0
W	25926	180246	0
W	32530	18421	0
W	45336	26093	0
W	25927	39291	0
W	100643	44137	0
W	74848	18964	0
W	127332	6078	0
W	50189	30734	0
W	63364	7516	0
W	33520	591	0
W	55916	117940	0
W	2388	1634	2
W	32227	1521	1
W	46111	16362	0
W	108420	10720	0
W	36706	58863	0
W	145534	27014	0
W	41803	6596	0
W	37158	27118	0
W	2393	4085234	0
W	139448	68	0
W	68296	46668	0
W	128179	63	0
W	2395	97281	0
W	50963	37	0
W	2396	136988	0
W	31918	2065	0
W	50190	3633	0
W	2397	185	0
W	50749	23576	0
W	2398	233884	0
W	96411	1380	0
W	55029	8658	0
W	60185	4009	0
W	36675	3846	0
W	136406	4400	0
W	54099	2787	0
W	58236	84129	0
W	80198	10861	3
W	44426	27935	0
W	54406	1256	0
W	45966	16917	0
W	40666	2482	4
W	33431	38256	0
W	98341	10421	0
W	37203	4863	0
W	45370	9763	0
W	28429	48969	0
W	2402	3668	0
W	67444	2895	0
W	57981	4497	0
W	33709	22577	0
W	67773	4830	0
W	56515	21444	0
W	69147	13472	3
W	84293	5610	0
W	41187	20578	0
W	2405	5894	0
W	20883	175988	4
W	41571	330182	0
W	39160	11420	3
W	86857	1615	0
W	73882	1017	0
W	73250	26019	0
W	22894	15135	4
W	41432	154413	0
W	46751	3776	0
W	2407	22760	2
W	24847	374579	3
W	63348	14797	0
W	73038	5027	0
W	39062	48664	3
W	90445	6738	0
W	65617	15706	5
W	77891	24456	0
W	46972	43239	0
W	155300	162	4
W	2411	3338	0
W	39140	3888	0
W	42972	1476	1
W	51725	16590	0
W	110858	9290	0
W	46559	33930	0
W	146566	7091	0
W	91616	52398	4
W	107464	455	0
W	68805	11832	0
W	50750	17127	0
W	48703	6074	5
W	74903	68	0
W	39150	10136	0
W	59476	1598	0
W	62884	3460	0
W	48230	7145	0
W	2414	25668	0
W	22261	172413	0
W	78981	29470	0
W	149561	70	0
W	69844	5044	0
W	128234	509	0
W	29604	19331	0
W	64166	27	0
W	37684	10809	0
W	2415	13277	0
W	159747	15201	3
W	124715	2196	0
W	2417	6838	0
W	150272	1591	1
W	21189	94557	0
W	24823	50795	0
W	60567	35547	0
W	93559	10019	0
W	57348	1133	0
W	2421	123994	0
W	49796	19253	0
W	54468	55177	0
W	98377	1855	0
W	128235	1789	0
W	48263	49746	0
W	59577	20476	2
W	32020	11213	3
W	57148	37537	0
W	30904	9849	3
W	2425	413035	0
W	77716	5336	0
W	2428	512809	0
W	132824	3807	0
W	52482	1362	0
W	111203	8953	0
W	2431	15925	4
W	108103	904	0
W	22234	52949	3
W	2432	360159	0
W	33930	76940	0
W	2433	82304	1
W	61296	37369	0
W	53780	18145	0
W	78218	40414	0
W	2434	16461	0
W	86283	32112	0
W	30591	235863	0
W	66691	2635	0
W	65556	60847	0
W	123684	168	2
W	22545	4509	0
W	84196	1528	0
W	61361	23170	0
W	28382	201690	4
W	30032	10337	0
W	102138	8404	0
W	95746	4140	0
W	34733	357729	0
W	35709	1317	0
W	84000	20138	0
W	50166	112594	0
W	120574	5387	0
W	61869	21522	0
W	21879	608	0
W	32611	83254	0
W	2437	113109	3
W	36086	8710	0
W	67930	1513	0
W	81543	37593	0
W	49789	5156	0
W	97352	620	0
W	2438	20686	0
W	70757	55823	0
W	2442	3972	0
W	2443	10358	0
W	69077	4107	0
W	87763	398	0
W	44732	78758	0
W	20933	149903	0
W	52888	6198	2
W	52031	48752	0
W	56659	45554	0
W	127312	20981	0
W	26688	19529	4
W	43933	7100	1
W	63530	8318	0
W	54645	177	0
W	33521	887286	0
W	23114	232530	0
W	122719	178	0
W	100657	4914	0
W	33777	3118	0
W	146395	72	0
W	56202	367452	4
W	33607	325307	0
W	93201	4321	0
W	70597	14190	0
W	77824	61580	2
W	78982	8453	0
W	25725	10616	0
W	35358	233356	0
W	78229	42622	0
W	29146	752233	5
W	24907	134357	0
W	89825	4799	0
W	167188	1622	4
W	74152	53658	0
W	63516	27643	4
W	40154	490556	5
W	84101	3672	0
W	29269	9892	0
W	29098	97745	4
W	128161	420	4
W	75156	5645	0
W	102588	5893	0
W	2459	725	0
W	137895	175	0
W	93242	5203	0
W	91302	3360	0
W	140351	3205	0
W	58027	382616	0
W	38442	80355	0
W	157491	1109	0
W	40123	18068	0
W	2466	384463	0
W	21308	4162	0
W	82445	9741	0
W	49596	45032	3
W	28367	26660	0
W	32658	23299	3
W	39130	16789	0
W	69801	615	0
W	75455	29728	0
W	66235	259	0
W	32989	528	0
W	55679	45534	0
W	2473	38000	0
W	110015	1144	0
W	39982	235270	0
W	65599	19626	0
W	2476	24037	1
W	131939	7092	0
W	53781	11854	0
W	126881	924	0
W	2479	16470	0
W	24945	12986	0
W	21139	6214	0
W	2480	53538	0
W	72266	66678	0
W	36554	74573	0
W	128304	856	2
W	2484	833	0
W	60821	53598	0
W	78149	6257	0
W	102193	4436	0
W	25871	9076	0
W	50400	950	0
W	47158	32217	0
W	39736	346	0
W	2486	2344470	6
W	39843	10286	0
W	157492	39	0
W	113937	13018	0
W	36774	66608	0
W	159508	2392	0
W	88417	1939	0
W	84197	5729	0
W	28084	352669	0
W	22235	245474	0
W	29767	186064	0
W	55030	183727	0
W	2491	47594	0
W	35534	292545	0
W	123962	15053	0
W	20329	135596	0
W	2492	3809890	5
W	20373	46378	3
W	84906	11691	0
W	22302	65980	0
W	56956	10550	0
W	38253	273979	4
W	128102	21	0
W	55485	23228	0
W	124342	72888	0
W	133480	5030	0
W	47256	16254	4
W	28104	153570	0
W	74828	1176	0
W	2496	826	0
W	25779	145369	0
W	2497	5257	0
W	119521	2479	0
W	62466	20379	0
W	125116	26364	0
W	131860	1582	3
W	82043	4849	0
W	124676	28055	0
W	59002	2726	0
W	41124	6659	0
W	68702	739	0
W	93412	309	0
W	48554	24618	0
W	159874	34	0
W	22546	253	0
W	124745	2016	0
W	167644	1789	1
W	42227	39533	0
W	42538	5572	0
W	162657	5414	2
W	48174	8867	0
W	60449	34715	0
W	2504	1406006	0
W	157493	212	4
W	158880	1748	0
W	114962	16413	0
W	30686	13820	0
W	76718	62528	0
W	20727	460987	5
W	2508	7706	0
W	65486	20086	0
W	21702	119638	4
W	2509	1123722	5
W	62619	61094	0
W	64718	1253	0
W	138917	3941	1
W	103297	11031	2
W	23115	321086	0
W	35374	33973	0
W	58457	1693	0
W	2514	2140	0
W	49269	6421	4
W	33858	7480	0
W	2515	1035707	4
W	55900	13355	0
W	39435	5197	0
W	120394	4480	0
W	29186	53925	3
W	158649	8127	0
W	70946	7202	0
W	55140	28412	4
W	67972	6236	0
W	2517	1174	2
W	59429	15528	1
W	32329	31686	0
W	52692	6518	0
W	72975	16965	0
W	150709	3310	1
W	26339	35447	0
W	2523	684	0
W	2524	141700	0
W	46841	41625	2
W	44348	13708	2
W	52428	14347	3
W	2534	1537717	5
W	62195	4711	0
W	77051	303545	0
W	95989	24269	0
W	78913	9805	0
W	57920	22063	0
W	80495	8839	0
W	2539	28203	0
W	157494	8	0
W	20243	23393	0
W	71711	14740	0
W	115156	4044	0
W	36511	83802	0
W	25726	112036	0
W	160207	245	0
W	118253	52990	4
W	111560	11565	0
W	53749	23772	0
W	39447	9481	0
W	51712	502	0
W	62922	97025	0
W	48303	11608	3
W	21227	40158	4
W	35795	355	0
W	2545	22312	2
W	2548	11127	0
W	2549	63533	0
W	40252	6339	0
W	39634	39665	0
W	53919	73206	3
W	150710	4636	2
W	35579	21535	0
W	116958	7739	0
W	25803	15656	0
W	61320	3174	0
W	92468	5909	0
W	2558	1962889	0
W	69257	3710	0
W	120395	13901	0
W	2561	599844	0
W	49270	910	0
W	2562	272922	0
W	21079	251504	2
W	78633	26632	0
W	82513	2092	0
W	168187	5791	3
W	2564	57520	0
W	73644	32298	0
W	25872	47346	0
W	52618	167324	0
W	69013	21532	4
W	43563	86341	0
W	2570	3043513	0
W	24908	67301	3
W	39161	245034	3
W	97307	982	0
W	149041	1914	2
W	114515	1920	0
W	147968	10458	0
W	2573	21195	0
W	43186	5492	0
W	141218	14349	2
W	97399	7136	0
W	95449	2615	0
W	30612	1291	0
W	47176	441	2
W	2577	1166628	0
W	74619	9081	0
W	46911	5686	0
W	2579	214237	0
W	40386	28504	0
W	116452	2685	0
W	2581	114890	0
W	73084	6490	0
W	72122	383	1
W	65669	9873	0
W	32948	209491	0
W	99336	1339	0
W	70377	12183	0
W	33216	43621	0
W	71331	5528	0
W	108104	1235	0
W	65618	2954	5
W	56118	16435	0
W	47061	14918	0
W	46157	34947	0
W	56152	143222	0
W	62684	1432	0
W	21140	13453	5
W	50733	7416	0
W	96275	190	0
W	63628	15466	4
W	40124	112042	0
W	121849	363	0
W	43539	19865	0
W	76475	211704	0
W	63423	1377	2
W	35359	91139	0
W	45792	4723	0
W	33872	64576	0
W	2592	574887	6
W	71329	35321	0
W	2595	470687	6
W	60128	19318	0
W	35280	8578	0
W	38685	25919	0
W	60294	2585	3
W	37001	17099	0
W	53467	2243	0
W	22142	11267	4
W	55533	6875	0
W	2597	135395	0
W	99517	7922	3
W	38450	41541	0
W	40209	2969	0
W	36500	9995	0
W	46216	69935	0
W	50062	28994	0
W	2601	491	2
W	60043	5853	0
W	61086	7939	3
W	137705	4769	0
W	41804	3178	0
W	2602	43621	4
W	2603	343342	0
W	87371	1831	0
W	117277	1971	0
W	61052	39561	0
W	111383	8480	0
W	64198	72837	2
W	43947	41604	4
W	168250	151	3
W	119583	3635	0
W	47010	163086	0
W	100163	6196	0
W	21309	27490	0
W	44917	20951	0
W	33233	48770	0
W	124924	20383	2
W	38826	20007	0
W	101418	380	0
W	80367	3474	0
W	31855	279077	0
W	68389	10209	0
W	36799	67229	0
W	72120	686	0
W	2617	140211	3
W	123695	3800	1
W	71303	3824	0
W	43671	21717	0
W	48152	3322	0
W	72299	23867	0
W	65806	20100	4
W	147173	1458	0
W	39092	12962	0
W	147638	300	0
W	56707	10839	0
W	64895	12284	0
W	36907	31658	0
W	47327	75890	0
W	86798	3743	0
W	73764	16829	0
W	100871	2492	0
W	52807	11518	0
W	60587	47007	2
W	32192	648239	0
W	32425	1416	2
W	32364	3083	0
W	41196	29044	0
W	58374	104857	0
W	2630	1574340	0
W	80368	23575	3
W	67724	65352	0
W	62123	21807	0
W	69879	2683	0
W	75384	21	0
W	41138	5719	0
W	127873	5187	0
W	85737	4348	2
W	51193	1995	0
W	75132	340	0
W	79655	70818	0
W	2635	853796	6
W	110367	2040	0
W	35184	42972	0
W	36658	4732	0
W	118466	1740	0
W	41283	85653	0
W	2637	1132578	0
W	2638	582592	4
W	123066	5313	0
W	75191	16821	0
W	2639	32887	0
W	42995	84926	2
W	75566	11307	0
W	42012	157446	4
W	74356	22532	0
W	61765	4795	0
W	21883	9970	0
W	20374	587648	0
W	100854	4733	0
W	68411	2499	3
W	60126	92921	0
W	148520	3810	0
W	39844	26744	4
W	2645	438180	0
W	83260	2202	0
W	21352	21477	0
W	132175	376	0
W	2647	676526	0
W	71694	6438	0
W	29187	70943	0
W	44407	139884	0
W	2651	10525	0
W	50168	191479	0
W	47730	40067	3
W	2652	287677	5
W	104112	20149	0
W	21012	249065	5
W	75306	161833	0
W	2653	19492	0
W	72814	7480	0
W	53811	871	0
W	2656	28124	3
W	50401	269	0
W	152513	111	1
W	2657	14526	0
W	76900	44877	0
W	56316	5051	0
W	47250	4095	1
W	21550	46149	0
W	22303	48247	4
W	43968	868	2
W	32090	30822	2
W	2660	45933	4
W	36868	6117	0
W	35747	43035	0
W	62578	161574	0
W	91413	491	0
W	93243	2188	0
W	161538	12819	3
W	103439	7189	0
W	22262	49616	0
W	146279	1768	0
W	159119	888	2
W	128780	1601	0
W	163647	5931	3
W	32299	5326	0
W	24909	232395	0
W	2663	3172	0
W	2664	31585	0
W	74989	5853	0
W	26274	36381	3
W	41179	151903	0
W	112957	13478	0
W	68412	4167	3
W	61870	33557	0
W	125208	2468	0
W	113114	49775	0
W	126198	2024	0
W	85512	7452	0
W	2671	10075	3
W	56323	60156	0
W	43862	52183	0
W	24848	35908	0
W	42037	90437	0
W	36049	2619	0
W	2674	36418	0
W	44644	62887	0
W	76756	187315	3
W	86642	18909	0
W	2675	3003349	0
W	2677	1160	0
W	21884	2606	0
W	45674	10622	0
W	21551	104782	0
W	55081	552	0
W	69300	11436	0
W	2683	95028	0
W	152363	1091	0
W	28430	98998	0
W	142328	2145	1
W	67979	1225	0
W	94003	2274	0
W	2686	19912	0
W	63418	11464	0
W	83618	8139	0
W	74334	8804	0
W	2688	111664	0
W	2689	104825	0
W	2690	20102	0
W	55390	86303	0
W	43228	3993	0
W	168201	504	0
W	116354	190	0
W	47210	72228	0
W	2692	33850	0
W	2693	2094	0
W	34828	27816	0
W	64153	17694	0
W	22236	12993	0
W	75008	3821	0
W	45138	16959	0
W	2696	276957	0
W	52159	4902	0
W	2697	4075927	0
W	131032	574	2
W	80472	9663	0
W	71760	88	3
W	35596	7973	3
W	51301	14281	0
W	77239	15341	0
W	127915	7286	0
W	24910	6454	0
W	44841	282568	0
W	76076	4119	0
W	48495	35769	4
W	28119	252986	3
W	62631	38795	0
W	102726	851	0
W	59893	31299	0
W	46980	28772	0
W	2706	2189948	0
W	50402	4856	0
W	119946	3613	0
W	97714	338	0
W	66225	5742	0
W	2708	1886	2
W	101725	74058	0
W	21013	9391	0
W	64360	54439	0
W	22897	823	0
W	2711	7813	0
W	64825	3012	0
W	2712	47432	0
W	2713	105212	0
W	55516	560	0
W	52429	18418	0
W	48496	4896	2
W	34788	38965	3
W	71632	24564	0
W	2715	58937	0
W	58340	23308	0
W	56618	96295	0
W	2717	17447	0
W	48362	1540	4
W	74808	33185	0
W	128061	151	3
W	29887	22799	3
W	132879	862	0
W	49956	153436	0
W	44249	3960	0
W	2719	1487	0
W	42902	20913	0
W	2722	936662	5
W	40945	5897	0
W	65552	18496	3
W	64612	2389	0
W	70678	66619	0
W	64841	37078	0
W	33485	3152	0
W	100164	9048	0
W	31108	178013	0
W	58968	98765	0
W	119159	813	0
W	92248	1095	0
W	64701	12751	0
W	2725	538132	4
W	41265	285	0
W	2727	1833	0
W	56596	9933	3
W	2728	59895	1
W	36762	16763	0
W	30709	196471	0
W	20330	209548	0
W	2730	757198	6
W	41370	2286	4
W	42264	235088	0
W	80155	5035	0
W	60361	3278	0
W	32092	12984	0
W	2733	434150	4
W	34829	51408	0
W	139986	556	0
W	36749	155137	0
W	64351	10773	0
W	2736	47702	0
W	44322	10190	0
W	35299	27266	0
W	2737	5302	2
W	117733	3261	0
W	167715	13371	1
W	43179	9521	0
W	2741	18339	0
W	2743	311	0
W	75775	4678	0
W	60848	134534	0
W	33778	24535	1
W	46761	7036	0
W	48130	4477	0
W	75289	1226	0
W	58507	8776	0
W	30480	56511	0
W	62143	7031	0
W	67616	27386	0
W	37279	31225	0
W	41655	1489	0
W	73516	123	0
W	40670	8317	4
W	2755	23826	0
W	26670	69277	3
W	36800	23422	0
W	87060	6776	2
W	39770	15383	0
W	63265	7690	0
W	2756	2846216	0
W	60295	56079	0
W	22550	12381	0
W	39296	32385	0
W	126264	2705	0
W	94411	1468	0
W	132583	32660	0
W	93547	11006	0
W	2760	12365	0
W	25952	106517	0
W	67909	3125	1
W	22304	2207	0
W	2762	111653	0
W	128144	25604	0
W	64715	2581	0
W	35503	28507	0
W	64060	3585	0
W	26310	38886	3
W	73782	45766	0
W	75428	33547	3
W	117201	106495	4
W	2766	1372547	0
W	57738	108934	0
W	144415	23879	2
W	47981	118806	0
W	66125	514	0
W	51357	68240	3
W	120815	1462	0
W	31007	11509	4
W	29888	19270	3
W	30033	10075	0
W	21649	433287	5
W	26311	22779	0
W	60296	22835	0
W	51793	182895	3
W	39992	15953	0
W	146904	15841	2
W	52441	4003	0
W	2776	17083	0
W	81042	13049	0
W	56873	516	0
W	50683	14818	0
W	56086	3447	0
W	35469	22523	0
W	47416	28936	5
W	68650	962	0
W	20280	178406	5
W	68414	2248	0
W	59886	781	0
W	2779	20663	0
W	73858	16	2
W	63077	15973	0
W	42914	4977	0
W	56675	2154	2
W	56718	124902	0
W	70121	37851	0
W	39120	13448	0
W	70622	1014	0
W	20728	288270	0
W	2783	6376	3
W	2784	120219	5
W	39162	35719	0
W	36185	73703	0
W	89243	720	0
W	32638	193381	0
W	61559	20226	0
W	22397	7766	0
W	35286	453412	4
W	55662	14201	0
W	38340	3759	0
W	73493	2427	0
W	50035	64102	0
W	35343	25098	0
W	26372	3910	0
W	39347	16293	3
W	2786	2170	3
W	137214	60	0
W	57039	41579	0
W	132156	1264	0
W	20767	10466	0
W	23368	562	0
W	71921	354	0
W	83677	8531	0
W	55621	3616	0
W	42832	27852	0
W	71315	155043	0
W	116429	60507	0
W	129673	2070	4
W	20630	55942	4
W	160022	16265	0
W	82339	42622	0
W	44133	12920	0
W	39845	22231	5
W	58309	3246	0
W	42894	1666	0
W	2789	21259	0
W	116157	92	2
W	20631	198416	4
W	57955	2100	0
W	56719	99675	1
W	52032	7897	0
W	20551	5400	4
W	53530	5035	0
W	32302	26576	0
W	62780	10479	0
W	48160	151564	0
W	2791	7241	2
W	2793	1012	0
W	39714	161936	0
W	70535	25471	0
W	37859	72903	0
W	40115	5025	2
W	20375	3768	2
W	56736	11832	0
W	2795	10866	3
W	20679	21223	3
W	2797	16168	0
W	41863	1003	0
W	36659	54881	3
W	58303	157899	0
W	23369	43	0
W	160023	69	0
W	38002	4772	3
W	67197	1200	0
W	29967	14817	0
W	36977	14696	0
W	157495	183	3
W	120379	321	0
W	2804	2238	2
W	65448	55729	0
W	30034	30143	0
W	2807	303931	6
W	131205	3848	1
W	31212	5813	3
W	75860	4218	0
W	75052	22347	0
W	56432	10179	0
W	57993	4377	0
W	2809	85306	4
W	100250	9826	0
W	57059	146	0
W	108586	26318	0
W	2810	988	0
W	57160	18794	0
W	138894	4064	1
W	41572	168219	2
W	130676	141	0
W	23179	662179	0
W	2811	41807	0
W	35485	11088	0
W	85886	321	0
W	22451	161157	0
W	2814	167	3
W	81765	17409	0
W	108670	20938	0
W	97490	933	0
W	74366	8539	2
W	2815	5432	0
W	53350	2979	0
W	82447	4562	0
W	72281	6432	0
W	2818	235550	3
W	98500	4535	0
W	21252	761649	5
W	36026	4627	2
W	52738	58652	0
W	160112	68	0
W	55948	71405	0
W	65361	713	0
W	2822	1439	0
W	158909	1961	0
W	65187	20240	0
W	41101	142025	0
W	57537	56727	0
W	2823	4406	0
W	24911	7632	0
W	61490	10970	3
W	54482	23112	4
W	98137	1989	0
W	79990	31871	4
W	2825	2321	0
W	2827	6174	0
W	47460	87140	0
W	124265	1206	0
W	29889	8973	0
W	146068	16	0
W	63607	16164	0
W	70883	5963	0
W	21014	59937	5
W	24824	556	0
W	164550	43	3
W	37481	4264	0
W	52603	2609	0
W	96770	824	0
W	101384	2977	0
W	46725	2856	2
W	26312	704152	0
W	2839	53637	0
W	76786	102359	0
W	49192	1727	0
W	118636	12341	0
W	33656	3189	0
W	29279	12911	3
W	36415	180865	0
W	2845	202532	2
W	122395	540	0
W	21190	88849	0
W	44754	27160	2
W	46815	17845	4
W	61811	16949	3
W	43270	7242	0
W	127805	12212	0
W	2850	114783	0
W	38545	44225	0
W	2852	15614	0
W	57581	72930	0
W	68690	71580	0
W	146280	4811	2
W	63176	7480	0
W	165420	6529	3
W	26671	112617	4
W	101604	654	0
W	37982	206939	0
W	70884	5694	2
W	85958	319	0
W	117215	10430	0
W	2858	2330360	6
W	57746	50119	0
W	132626	530	2
W	2860	62497	0
W	2861	96054	0
W	2862	1089	0
W	2863	1103410	4
W	2864	209521	0
W	74091	1268	3
W	54673	75906	2
W	28258	14244	3
W	70687	86596	0
W	118430	21471	0
W	96771	953	0
W	74604	37163	0
W	21760	46281	0
W	42652	14470	0
W	2868	550114	3
W	74483	1784	0
W	35137	102039	0
W	62395	5569	0
W	62019	19519	1
W	79405	61988	0
W	123017	121	0
W	56752	152	0
W	107213	4889	0
W	63294	12644	0
W	2869	1050	0
W	57337	1024	0
W	2873	115918	0
W	60491	8767	0
W	33637	3929	0
W	52658	4548	0
W	75482	3992	0
W	38297	55505	0
W	76661	128922	0
W	2874	546	0
W	20884	13864	0
W	2875	31080	0
W	41036	4778	0
W	110131	6804	0
W	2878	1209	0
W	77760	5065	0
W	63951	1003	0
W	137710	4123	3
W	40560	31774	4
W	45266	42738	0
W	41818	82402	0
W	134482	1169	2
W	65228	18758	0
W	34810	26825	0
W	51302	4310	0
W	2881	5118	0
W	70943	8295	0
W	52203	111348	0
W	74613	5066	2
W	2883	120889	0
W	47042	1894	0
W	73985	35382	0
W	31225	17080	0
W	62220	8060	3
W	143882	7925	1
W	26534	114707	5
W	137232	23457	3
W	31112	6081	0
W	141042	1302	0
W	78316	11251	0
W	87883	22813	0
W	2887	121789	0
W	66800	7579	0
W	56597	1174	2
W	51011	42115	4
W	63037	63672	6
W	40779	54	0
W	44957	14766	0
W	135653	14784	0
W	54618	2119	0
W	131973	779	0
W	72031	18876	0
W	100356	3691	0
W	41879	3973	3
W	65471	7767	0
W	43215	154531	0
W	75507	7389	0
W	26753	29886	2
W	57538	10791	0
W	80063	14680	0
W	2896	59620	0
W	60849	10060	0
W	2898	3792	0
W	2899	510281	0
W	69833	25542	0
W	128236	11862	0
W	56832	17013	3
W	2901	20912	0
W	55856	1410	3
W	52361	48960	0
W	38926	47649	3
W	72446	50978	0
W	43229	94097	0
W	144888	291	0
W	52402	35606	0
W	159689	577	2
W	31008	8967	0
W	26689	122777	0
W	42675	23671	0
W	135691	3054	0
W	36555	5869	0
W	33066	16759	0
W	2911	643541	5
W	157447	1822	0
W	2913	4255941	0
W	2914	7935	0
W	33580	18450	0
W	2916	9212	4
W	43564	6093	3
W	110124	37229	0
W	2918	2370	0
W	54008	10156	0
W	52055	18418	0
W	75144	14	0
W	153767	2365	1
W	36438	163223	0
W	90271	2933	0
W	42469	1468	0
W	93958	7721	0
W	39534	8719	0
W	65000	29071	0
W	56967	10359	0
W	2922	314212	0
W	51251	7130	5
W	26799	9341	0
W	74141	43063	0
W	64793	10658	3
W	55970	83271	0
W	165537	20997	3
W	49002	284	3
W	33471	67313	0
W	75167	437	0
W	56942	4160	0
W	165262	6942	3
W	36660	7632	0
W	40081	15498	0
W	124757	5353	0
W	98869	6571	0
W	115233	1684	0
W	2932	154266	0
W	42032	184136	0
W	92940	4334	0
W	75638	114	0
W	39013	6348	1
W	62101	20702	0
W	51980	99861	0
W	72628	2703	0
W	49354	777	1
W	59679	970	0
W	46075	32810	4
W	43576	283374	0
W	44818	15486	0
W	86297	3976	0
W	131689	2931	0
W	67547	11570	0
W	2935	10223	0
W	85887	493	0
W	56385	76885	0
W	2937	110166	0
W	41114	22179	0
W	38615	131559	0
W	63713	214	4
W	77054	68105	0
W	40481	96954	0
W	2941	1327258	0
W	21310	85505	5
W	21142	23087	0
W	25855	4814	0
W	55857	32553	3
W	42522	485	0
W	109869	136	0
W	74077	1769	3
W	2944	1396127	6
W	2945	44313	0
W	32990	272564	0
W	54790	166553	1
W	21080	58654	0
W	58226	6555	0
W	2949	462524	6
W	138181	13880	0
W	69149	9480	3
W	68999	4362	0
W	79448	5162	0
W	21703	444281	0
W	55431	67476	4
W	60634	9405	0
W	57889	40875	0
W	134306	2193	0
W	2955	70580	0
W	33202	134455	0
W	22554	3638	0
W	2957	924931	0
W	49755	235221	0
W	53480	143600	0
W	60179	107819	0
W	2959	5828	0
W	28359	91341	4
W	32964	110864	0
W	63770	27940	0
W	111679	17951	0
W	26628	5327	0
W	55020	37693	0
W	93897	36510	0
W	38626	245958	0
W	50523	7338	0
W	2966	122024041	8
W	79095	4174	0
W	2967	5693	0
W	2968	40238	0
W	97771	15603	0
W	84632	2298	0
W	78635	17769	0
W	82286	3510	0
W	2975	512	0
W	2976	2746793	6
W	47882	36944	0
W	52566	408	2
W	53351	367	0
W	73306	3925	0
W	2979	148071	0
W	137922	18019	3
W	46264	137208	0
W	92469	4376	3
W	90555	1053	0
W	57190	6395	0
W	47461	48556	0
W	72205	3927	0
W	124751	1639	0
W	84999	4307	0
W	56743	126818	0
W	86126	1460	0
W	63430	4518	0
W	56281	76803	0
W	2988	353776	0
W	66119	785	0
W	64479	1949	0
W	22346	208795	0
W	2990	119483	0
W	30506	14822	0
W	2992	269483	0
W	2995	331236	5
W	49482	20456	0
W	29793	398486	5
W	43303	63021	0
W	47743	16917	0
W	2997	978456	3
W	107904	5969	0
W	26672	113067	0
W	57982	3774	0
W	40674	397	0
W	23370	907	4
W	82973	1719	0
W	59209	9065	0
W	20802	107298	0
W	2998	9534	0
W	81523	19651	0
W	32446	9354	0
W	21822	171546	6
W	22216	18359	0
W	60699	11945	0
W	50169	121086	0
W	75549	1490	0
W	133808	18795	0
W	20681	39812	3
W	47832	7149	0
W	21598	7816	0
W	3004	16243	0
W	21599	109046	0
W	76702	111147	0
W	69950	29295	0
W	30466	3326	0
W	32426	234896	3
W	128294	1799	0
W	115324	3645	0
W	42347	957	0
W	53481	1592	0
W	80064	5237	0
W	113003	39109	0
W	36763	43790	0
W	41602	91345	0
W	35203	212329	0
W	33538	35207	0
W	36724	135755	0
W	3012	3038721	0
W	68974	23308	0
W	60615	1016	0
W	36404	141081	0
W	54031	406293	0
W	3014	10922	0
W	33564	6778	0
W	64838	12296	0
W	128314	10706	2
W	124716	11130	0
W	20975	28769	4
W	56433	32982	0
W	22556	5382	2
W	44017	427	0
W	71898	84423	0
W	77130	39525	0
W	25953	1239	0
W	41102	14775	0
W	69022	5874	0
W	159984	120	0
W	50993	55082	0
W	36501	27126	0
W	3015	153546	0
W	58798	6699	0
W	43631	19929	0
W	3016	2097223	0
W	39808	9631	0
W	37159	75965	2
W	36261	234743	0
W	30545	440	0
W	148485	1524	0
W	22452	102153	0
W	79014	7793	0
W	72398	2734	1
W	29915	3290	0
W	75776	7814	2
W	35566	131715	5
W	59286	1283	0
W	3021	1561	0
W	126280	80068	0
W	110716	17751	0
W	3023	179518	5
W	32093	234534	0
W	3024	441758	6
W	3025	163031	0
W	115669	6291	0
W	72154	53375	0
W	25780	85355	0
W	59768	886	1
W	21600	156050	0
W	31199	6560	0
W	54598	11706	0
W	32938	46418	0
W	117059	2320	0
W	78791	10064	0
W	167143	7440	1
W	121904	22429	0
W	59782	15442	0
W	135098	450	0
W	35390	22475	0
W	33115	234887	0
W	48513	68126	0
W	70089	4466	0
W	69522	8524	0
W	82448	8423	0
W	45288	126788	0
W	128254	61258	0
W	45016	3913	0
W	38328	449841	4
W	48365	1698	0
W	32193	42760	0
W	67372	47057	0
W	3037	547440	6
W	68323	10408	0
W	35185	45750	0
W	21015	201605	0
W	110765	5242	0
W	60601	8670	0
W	63686	1073	0
W	3040	183707	0
W	66638	24131	0
W	89367	2752	0
W	51452	13288	0
W	61017	4350	0
W	36935	56326	0
W	43099	1342	0
W	127777	658	0
W	40353	93289	4
W	84055	6744	0
W	68634	1193	2
W	65612	9104	3
W	3043	309600	5
W	38239	39113	0
W	3046	820	0
W	62964	20173	0
W	48280	13913	0
W	34686	22659	0
W	58548	6548	0
W	60104	170	0
W	56848	2319	5
W	3051	993	0
W	31742	55671	0
W	74062	94400	0
W	3052	50388	0
W	145852	2378	2
W	39278	82980	0
W	51494	41430	0
W	23289	29205	3
W	32949	343214	0
W	3054	1085050	0
W	43840	18377	0
W	60962	70816	0
W	73411	40880	0
W	53399	59413	0
W	86354	3923	0
W	165840	9225	2
W	106231	2020	0
W	61452	29842	0
W	39927	25209	3
W	128344	25086	1
W	68834	2438	1
W	20729	204187	3
W	80065	31564	0
W	3056	12116	0
W	167991	1065	1
W	40412	33468	0
W	70937	29170	0
W	50935	279626	0
W	88030	1311	0
W	141076	1485	0
W	80707	12071	0
W	40210	1353	0
W	55794	95873	0
W	76850	25725	0
W	29597	59083	0
W	32133	86410	5
W	49982	2366	4
W	56720	3655	0
W	3060	2069	0
W	3061	93080	0
W	61338	836	3
W	33406	28637	0
W	38559	25587	0
W	144410	3433	2
W	32447	298	0
W	155859	7356	0
W	123299	10080	1
W	54043	3352	0
W	52676	11226	1
W	21081	39715	0
W	28431	58969	0
W	38641	7057	2
W	126372	2157	4
W	126929	6457	0
W	30523	66479	0
W	163649	1434	1
W	39462	5974	0
W	36439	46578	0
W	58954	22008	0
W	3067	536	0
W	118546	188	0
W	48256	2768	0
W	48287	118415	5
W	55103	5754	0
W	72019	1522	0
W	32074	29988	0
W	111501	6674	0
W	56325	184906	0
W	35660	88938	0
W	21891	3872	0
W	61538	1278	0
W	138448	521	0
W	3070	17153	0
W	33189	201231	0
W	65379	31251	0
W	38546	11970	0
W	106969	22178	0
W	3074	414	2
W	22557	3259	3
W	97036	129809	0
W	119112	37267	0
W	62609	13135	0
W	41169	8803	0
W	72452	33098	0
W	66339	620	0
W	3077	22051	1
W	107243	334	0
W	20442	99446	3
W	111691	1195	0
W	44317	149	0
W	51086	61700	3
W	61049	2184	0
W	76703	379521	0
W	147991	2766	3
W	32309	5430	0
W	59527	2358	0
W	55230	36397	0
W	44774	1256	1
W	3080	55637	0
W	128095	757	0
W	98342	7116	0
W	39422	52510	0
W	97611	17862	0
W	20613	401989	0
W	75634	3023	0
W	67037	6153	0
W	3084	310095	0
W	28373	48911	2
W	44035	45583	3
W	46634	1618	0
W	40282	40414	3
W	3085	8761	4
W	77474	35707	0
W	85889	1822	0
W	134462	5627	1
W	3086	64664	0
W	20281	32687	2
W	3088	8408	0
W	168626	22033	1
W	42124	9556	3
W	56308	1776	2
W	3090	106178	0
W	52483	20899	0
W	22144	588	0
W	3093	822990	0
W	67542	31405	0
W	3095	684453	0
W	151654	56	0
W	3097	23669	5
W	3098	1210	2
W	57693	28207	0
W	118037	1004	0
W	45163	27913	0
W	25755	11162	0
W	53422	11104	0
W	3101	15230	0
W	21311	89271	4
W	31743	108088	0
W	46027	92997	0
W	86298	5737	0
W	45815	15053	0
W	3104	616303	4
W	38717	2487	0
W	65666	4186	3
W	38693	47407	0
W	45495	14443	0
W	42236	20721	0
W	35567	43390	0
W	39905	11868	0
W	37057	237573	5
W	75778	16610	0
W	43150	6895	0
W	26719	4544	0
W	49825	92546	0
W	24825	201026	2
W	75587	237	0
W	40116	34168	0
W	50305	6852	0
W	125104	4612	3
W	36869	41310	4
W	3110	344347	0
W	137851	2835	0
W	3113	1242106	3
W	97421	3983	0
W	128117	2032	0
W	128332	22	2
W	42462	7093	0
W	127826	1280	0
W	57125	5721	0
W	22558	899	0
W	61032	9292	0
W	77874	100596	0
W	52216	6957	3
W	3116	5441	0
W	57767	5312	3
W	104130	8601	2
W	22347	24262	0
W	21143	176235	0
W	39535	46341	0
W	128452	40	0
W	68377	13398	0
W	32531	17621	0
W	72308	7570	0
W	52318	33091	0
W	55345	90523	0
W	108624	1807	0
W	127813	995	2
W	3121	1236	0
W	56326	2749	0
W	100949	2497	0
W	110702	2567	0
W	25873	290065	5
W	46827	383472	0
W	58841	1333	0
W	74638	64949	0
W	40272	46600	0
W	22145	407	0
W	3127	2052	0
W	22559	2026	0
W	55901	282781	0
W	113429	12967	0
W	54722	184885	0
W	55622	10017	0
W	86214	159	0
W	84001	31746	2
W	49684	5887	0
W	67131	2851	0
W	26787	22951	0
W	35268	4509	0
W	82744	41444	0
W	39514	146048	0
W	3131	58889	2
W	54101	11342	0
W	80851	115194	0
W	31213	318781	3
W	3135	104002	0
W	47230	11165	0
W	36752	93223	0
W	52808	770	0
W	56804	2296	0
W	61853	4042	0
W	30710	4057	0
W	63866	21767	0
W	66070	68007	0
W	70918	19097	5
W	167714	12721	1
W	106061	973	0
W	126215	2	0
W	74553	23683	0
W	67155	11749	0
W	49230	878	0
W	48467	3357	0
W	125645	1181	0
W	79449	40292	0
W	79658	24077	0
W	95152	5371	0
W	44275	53140	0
W	48366	4031	0
W	66861	12949	0
W	162186	37	0
W	63764	1117	0
W	38892	31975	0
W	111385	10096	0
W	75648	3907	2
W	115080	914	0
W	3142	11263	0
W	3143	6724	0
W	102943	2210	0
W	3146	356	2
W	3148	7294083	0
W	28070	253455	0
W	55358	13952	0
W	3150	2670	0
W	3151	2472	0
W	20803	12568	0
W	137423	16185	0
W	57134	2327	0
W	43216	10735	0
W	20804	2563	0
W	31035	66157	0
W	96563	11388	0
W	128051	89	0
W	64932	7879	4
W	55657	27331	3
W	49177	69425	0
W	3154	1914666	0
W	20553	1702	4
W	30524	50030	0
W	55090	25950	0
W	20885	1295	0
W	71082	642	0
W	73316	635	0
W	3156	55978	4
W	57191	27588	0
W	3158	70872	0
W	44045	2127	0
W	53618	15580	0
W	3160	892818	5
W	59392	12431	0
W	3161	48978	3
W	3163	24551	0
W	133729	1232	0
W	87687	9104	0
W	56968	1732	0
W	52791	28507	4
W	30592	117679	0
W	71418	5741	3
W	71228	4643	0
W	3165	255901	0
W	33641	39109	0
W	60227	941	0
W	75451	1449	0
W	60992	8364	0
W	26593	39335	0
W	75270	818	0
W	51012	42024	0
W	26657	91859	0
W	109355	1021	0
W	20283	7800	0
W	76161	2504	0
W	134847	15167	2
W	3170	1538	0
W	41320	98290	0
W	87937	3056	0
W	100847	107002	0
W	93346	500	0
W	29188	22714	5
W	29981	26384	0
W	54521	57589	3
W	79339	18901	0
W	104436	6553	0
W	43577	136998	0
W	116230	2389	0
W	47853	57933	0
W	49131	1168	0
W	28397	10036	4
W	98104	6997	0
W	22560	1492	0
W	42952	637	0
W	34796	92759	4
W	38547	7153	0
W	21312	381039	0
W	46063	3871	0
W	61033	1553	0
W	32228	14626	4
W	46762	78851	0
W	31982	11463	0
W	38839	73668	0
W	60252	14067	0
W	36477	3334	0
W	131156	49338	0
W	75593	14630	0
W	30044	115188	0
W	57450	20812	0
W	58651	89729	0
W	33523	5738	2
W	60892	99386	0
W	32991	767	0
W	43586	71509	0
W	40283	1863	0
W	162599	1885	1
W	79340	6322	1
W	21787	163821	0
W	166949	110	3
W	3180	293929	0
W	26720	10241	3
W	64639	2839	0
W	69503	33206	0
W	54102	1334	3
W	52754	21784	0
W	31241	46385	0
W	70166	10618	0
W	91417	633	0
W	50403	2153	0
W	76704	241882	0
W	21313	6751	0
W	51034	48536	4
W	61952	39957	0
W	40193	28717	0
W	80474	4282	0
W	29099	11611	0
W	68453	3155	0
W	46114	23768	0
W	38642	63736	0
W	28221	17362	3
W	34811	46549	0
W	3184	46090	4
W	128011	160764	0
W	81325	4507	0
W	43379	57722	0
W	64762	63684	5
W	127865	240582	0
W	68635	18219	4
W	3185	224108	4
W	62625	287295	0
W	54394	5457	2
W	32075	31984	0
W	62132	6627	0
W	39928	393286	0
W	3186	46358	0
W	23116	176113	0
W	32532	20942	5
W	21893	1305	0
W	32005	3398	1
W	38032	83919	0
W	57545	9752	0
W	71704	33866	0
W	118559	18244	0
W	43948	5012	0
W	38694	128802	0
W	105289	98	0
W	21646	95857	0
W	26275	31411	0
W	57913	5119	3
W	70974	33223	0
W	121395	6054	0
W	23117	154084	0
W	58416	11093	0
W	63365	7339	0
W	109108	4526	0
W	121064	5593	0
W	39906	105545	0
W	21675	267530	5
W	129676	9456	0
W	47916	8050	2
W	45783	79546	5
W	60409	15024	0
W	45337	42449	0
W	46158	22858	0
W	69924	26534	0
W	3193	52652	0
W	46351	270053	3
W	45072	4280	0
W	84715	19854	0
W	3194	6505	0
W	77826	119204	0
W	127857	8042	0
W	37548	245065	0
W	59014	3390	0
W	3196	3747	0
W	66279	63540	0
W	71030	9283	0
W	130204	2321	0
W	71124	34306	0
W	20948	116455	0
W	58739	24390	0
W	71309	9821	0
W	64949	3938	0
W	3200	587	3
W	52931	44786	0
W	3201	569659	0
W	3202	40764	0
W	45816	23005	0
W	61291	10501	0
W	58955	77310	0
W	32208	223015	0
W	3205	6522	0
W	59880	8218	0
W	33432	353744	0
W	21788	6473	0
W	72421	10909	3
W	67132	6791	0
W	59867	11912	0
W	77827	85105	0
W	147823	891	1
W	42255	8825	0
W	3207	6653576	0
W	117341	4673	0
W	3209	9129135	7
W	20443	8990	0
W	34720	77239	0
W	157498	22	0
W	23176	218	0
W	69192	4758	1
W	65258	14623	0
W	36488	91859	0
W	3212	2583	0
W	134463	1421	0
W	95124	11505	0
W	64675	101	0
W	3214	590	0
W	56448	26636	0
W	38893	67018	0
W	76726	113485	0
W	68161	5784	0
W	80958	16674	0
W	3217	710	0
W	56943	9033	0
W	3218	251910	0
W	32255	20882	2
W	32134	82106	0
W	31919	514559	0
W	58131	5619	0
W	67584	25956	0
W	52907	26153	0
W	129639	343	0
W	34735	42625	0
W	62632	1753	0
W	89476	5905	0
W	62482	27282	0
W	48161	76364	0
W	94268	6315	0
W	66444	117532	0
W	3222	64880	0
W	39463	48400	0
W	94006	7777	0
W	68563	101007	0
W	121407	4412	3
W	35281	1422	0
W	52217	24235	0
W	57511	28509	0
W	51588	4084	0
W	3226	572227	4
W	127967	1092	4
W	43961	64124	0
W	107096	1984	0
W	167015	205	4
W	46119	100928	0
W	59778	9754	1
W	100166	4284	0
W	54972	38682	2
W	127897	2834	0
W	79131	24258	0
W	3231	77411	5
W	22905	7342	0
W	88231	34756	3
W	40781	4981	4
W	52102	79297	0
W	29624	73159	3
W	113086	488	0
W	3234	320905	5
W	3235	1072	0
W	33664	7089	0
W	141313	2604	0
W	72291	684	0
W	57747	21411	0
W	43263	153	0
W	139503	1666	0
W	75480	10976	0
W	130280	714	0
W	74172	525	0
W	68682	12226	0
W	30546	38442	4
W	72740	5799	0
W	65541	39344	0
W	63457	4343	0
W	56998	49452	0
W	29215	203597	4
W	50543	6093	0
W	100950	2454	0
W	75352	649	0
W	21894	1365	0
W	44951	487	0
W	45267	5825	0
W	48255	10426	0
W	66680	62138	0
W	39043	66344	0
W	3241	52973	0
W	155538	13246	0
W	60778	12729	2
W	145025	1130	0
W	72023	42	0
W	55865	21547	0
W	73733	44181	0
W	36829	3329	0
W	31866	9144	0
W	137966	11693	0
W	64210	5773	0
W	50228	35063	0
W	39955	32698	0
W	73993	899	0
W	39824	64720	0
W	64025	503	0
W	38827	43904	0
W	21501	113568	0
W	3246	967	4
W	57701	34478	2
W	123850	978	1
W	101549	861	0
W	28227	276608	0
W	21896	1579	0
W	23118	219645	0
W	44868	12140	0
W	95177	3941	0
W	150245	4217	0
W	128716	3747	0
W	55392	24005	0
W	151500	2218	0
W	128201	34	0
W	73808	1890	0
W	57135	41279	0
W	40155	7300	0
W	136227	2320	3
W	61362	125678	0
W	41321	60780	4
W	129048	3847	2
W	108044	790	0
W	145783	25363	0
W	107187	11358	0
W	42380	99635	0
W	57601	2337	0
W	3255	83512	0
W	43151	32588	0
W	32992	26900	0
W	64763	1878	0
W	84716	3677	0
W	3258	16403	2
W	89828	2503	0
W	124086	330	0
W	69993	3597	3
W	143893	1214	2
W	3261	104641	0
W	128345	1252	0
W	45976	44889	0
W	69464	43227	0
W	61509	27848	0
W	61911	8891	0
W	24967	32170	3
W	67391	7612	2
W	73232	1906	0
W	118725	9570	0
W	97446	10049	0
W	44340	20924	0
W	32932	10151	0
W	45317	9484	3
W	21601	90618	3
W	73946	1797	0
W	37783	6204	4
W	77668	15937	0
W	26658	48980	0
W	42441	3940	3
W	20216	8312	4
W	3267	51635	0
W	3268	3728911	4
W	3269	2044	4
W	99303	1737	0
W	48202	368	0
W	146737	1720	0
W	59433	32594	0
W	47982	172	0
W	94238	27330	0
W	37214	894	0
W	22563	1913	0
W	36610	25486	0
W	63336	54614	2
W	21502	16040	0
W	66526	20228	0
W	51076	90194	0
W	51945	4704	0
W	45496	9158	0
W	59065	450	0
W	165505	1836	3
W	126386	283	0
W	39825	58372	0
W	32612	1795	0
W	95422	6251	2
W	73404	38103	0
W	20244	34081	0
W	3280	7149	0
W	40616	29104	3
W	65730	73535	0
W	3281	10076	0
W	33686	25242	0
W	60779	35665	0
W	26508	38619	4
W	3284	12036	0
W	104132	409	1
W	55004	9306	0
W	3286	64398	3
W	3287	20705	4
W	65639	9321	0
W	159413	779	2
W	132005	8692	0
W	119761	6957	0
W	61370	4712	4
W	89978	21841	0
W	3292	3486	0
W	163084	12252	4
W	3293	72917	4
W	53920	13326	0
W	56620	91968	0
W	124912	488	0
W	20376	4265	2
W	52957	103075	0
W	64656	3376	0
W	93151	101013	0
W	63574	603699	0
W	48781	8470	6
W	127874	2316	4
W	32256	4162	0
W	87474	58	0
W	52338	44425	4
W	63682	17309	3
W	70683	5195	0
W	3297	18698	0
W	40454	6716	0
W	3300	13349	0
W	89979	35013	0
W	75171	50	0
W	151932	3090	3
W	127814	7539	0
W	113898	14084	0
W	45977	7103	0
W	22907	2845	3
W	36087	1454	3
W	107969	13353	0
W	82857	5990	0
W	56721	372	0
W	29321	170916	0
W	40842	16998	0
W	152514	26	1
W	62999	66963	0
W	30035	25163	0
W	151754	2593	4
W	3303	82329	0
W	49356	7917	3
W	3305	725087	0
W	41471	6240	1
W	67419	4505	0
W	54509	7385	0
W	39423	3124	0
W	65487	16732	0
W	41014	68456	0
W	32021	16151	5
W	3307	1265760	0
W	73236	27382	0
W	86058	4869	0
W	70522	101762	0
W	74902	309	0
W	60706	20648	0
W	39373	151855	5
W	62407	5054	0
W	3311	2859	1
W	121388	253	0
W	112599	404	0
W	51395	8786	4
W	21897	75638	0
W	3313	4382	0
W	79785	19353	0
W	127943	2376	0
W	31351	2274	0
W	147295	839	0
W	3316	813	2
W	136525	110	0
W	55917	14243	0
W	52442	90251	0
W	157610	15594	6
W	31133	4174	0
W	22348	125079	0
W	50684	78565	0
W	70617	2942	0
W	39014	13865	0
W	79561	2250	0
W	54362	137786	0
W	118601	2635	3
W	30905	23975	0
W	3325	72559	0
W	43118	24901	0
W	105787	7811	1
W	31398	131366	0
W	102521	15996	0
W	48368	964	0
W	45793	30403	2
W	39835	194575	0
W	3328	4248	0
W	50307	38272	0
W	3329	3175	0
W	30495	122018	2
W	49499	20000	0
W	74323	6430	0
W	53619	18573	0
W	3331	5129	1
W	54813	4029	0
W	46672	4176	3
W	70009	19623	0
W	73824	7163	0
W	51739	6259	0
W	3333	19612	0
W	82224	3962	0
W	36765	45954	0
W	79469	31311	0
W	3338	22583	0
W	73825	23099	0
W	57500	2104	0
W	3339	12847	0
W	137707	6249	1
W	149510	416	0
W	21734	26953	0
W	30989	67335	4
W	40298	3431	0
W	3343	155	0
W	3344	663871	0
W	3345	18457	0
W	91367	9506	0
W	3347	368142	0
W	32659	138491	0
W	119746	675	0
W	51515	58496	0
W	32557	171055	0
W	77828	139477	0
W	51253	30614	2
W	119976	1352	0
W	54484	4506	0
W	3350	89940	0
W	57451	2715	0
W	36604	118557	0
W	38927	72832	0
W	39772	9659	0
W	76484	374884	0
W	73911	5714	0
W	36936	314342	0
W	57674	34311	0
W	57570	80677	3
W	72389	26815	0
W	54532	8969	0
W	3353	5337	0
W	47495	110681	0
W	74109	396	0
W	75614	16050	0
W	40677	64047	0
W	75577	1405	0
W	61588	8721	0
W	70572	21081	0
W	148664	1032	2
W	51629	199744	0
W	41339	4891	0
W	29216	88357	0
W	168679	742	2
W	71700	10754	0
W	26340	451554	4
W	54533	91482	0
W	98055	104958	0
W	117754	610	0
W	66661	27466	0
W	35580	49892	0
W	3361	8328	0
W	3363	51268	0
W	55486	23446	0
W	3364	6932	0
W	161600	1329	0
W	3365	1600	0
W	3366	1446684	0
W	126422	1461	0
W	3368	109444	0
W	42841	801	0
W	154742	1630	0
W	62610	2549	0
W	42265	196334	0
W	47239	197797	0
W	48369	1884	0
W	47257	57467	0
W	82351	13583	0
W	69371	126634	0
W	42842	74158	0
W	132302	6113	0
W	3374	57659	5
W	63352	16528	0
W	52033	21079	0
W	67336	36075	0
W	29322	235251	0
W	68034	7050	2
W	60210	20627	0
W	53631	9577	0
W	48609	88682	0
W	33984	97978	0
W	36661	3872	0
W	3379	2966	0
W	57994	6652	0
W	54146	2363	0
W	62775	125	0
W	39100	930	0
W	31092	9307	0
W	77761	3035	0
W	46121	2615	0
W	103972	2874	0
W	3382	326310	0
W	36489	122693	5
W	40117	8365	0
W	23290	38960	0
W	3383	16095	3
W	135872	4880	0
W	26555	15899	0
W	54285	1781	3
W	70207	9435	0
W	115772	1074	0
W	53757	20744	0
W	136973	9175	0
W	62247	2158	0
W	114508	20009	0
W	3393	3151	0
W	57680	26118	5
W	22565	41037	0
W	57904	9422	0
W	43187	19563	0
W	35414	75669	0
W	44276	43074	0
W	3395	179248	0
W	91327	8434	0
W	3396	15716	0
W	74118	3724	0
W	69217	22944	0
W	144583	3444	5
W	32558	48090	0
W	3403	77378	0
W	37756	17526	0
W	129431	57	0
W	81094	8866	0
W	44993	1031	0
W	119274	1718	0
W	81351	13404	0
W	49446	2979	0
W	87690	779	0
W	127998	12671	3
W	64987	1470	0
W	3408	1871	0
W	61861	51238	3
W	44899	40227	0
W	65814	8747	2
W	3411	1489	4
W	3413	953994	0
W	3414	8413	0
W	38616	37563	4
W	161531	33	0
W	128035	5148	1
W	44693	32004	0
W	3417	19511	0
W	68001	8912	0
W	3419	662	2
W	69962	734	0
W	52677	12254	3
W	65932	25819	0
W	67102	25669	0
W	122205	2992	0
W	50819	784	0
W	124925	801	0
W	71867	89653	0
W	94357	6129	0
W	118910	15770	0
W	132880	766	0
W	21704	8303	2
W	32559	42770	0
W	149421	2901	1
W	3423	313784	0
W	45326	805	0
W	52932	28082	0
W	31167	100543	0
W	3427	142741	5
W	100254	14657	3
W	54646	43508	0
W	20805	48120	4
W	103139	1214	0
W	33094	12189	2
W	83817	1118	0
W	69072	17574	0
W	3429	224803	0
W	97830	3642	0
W	42932	28825	3
W	21735	10574	0
W	20486	23284	0
W	128138	1266	0
W	74388	32421	0
W	79152	26283	0
W	3432	135482	4
W	167607	15846	2
W	3433	2643250	0
W	54135	6872	0
W	74084	2511	0
W	64036	1634	0
W	63608	12407	0
W	69176	19894	0
W	40467	1424	0
W	72074	19458	0
W	21761	9886	3
W	81732	99013	0
W	70034	3326	0
W	97037	51259	0
W	37106	1601	0
W	43490	7942	0
W	22217	49558	0
W	52933	1188	3
W	38970	38577	4
W	57466	6297	0
W	86355	2376	0
W	39592	627	0
W	88991	7861	0
W	61371	7494	0
W	50064	47226	3
W	62663	640	0
W	3442	4617	4
W	29625	56566	0
W	22398	27298	3
W	3444	433	0
W	56509	18702	0
W	120706	14906	0
W	29166	177443	4
W	39605	12611	4
W	36398	23360	0
W	71717	17925	0
W	29605	6279	0
W	74754	1578	4
W	85518	6910	0
W	3447	1118	0
W	54599	35388	0
W	45784	40707	4
W	97645	3542	0
W	30507	104505	4
W	70919	839	0
W	49114	4502	0
W	50994	2647	0
W	25954	50044	0
W	59868	7847	3
W	29842	110873	0
W	53898	89111	0
W	24983	100510	0
W	61147	113102	0
W	75215	130595	2
W	3455	150385	0
W	53244	920	0
W	64724	26263	2
W	73364	29786	0
W	35316	2377	0
W	3456	643	4
W	48371	483	0
W	60602	4844	2
W	23119	143488	0
W	73150	4050	0
W	44183	3732	0
W	128356	11115	0
W	98501	6122	0
W	58010	9337	0
W	23195	17410	0
W	42593	2257	0
W	68173	13337	0
W	66473	5305	0
W	82225	4719	0
W	20856	162519	5
W	63588	2342	0
W	3464	1465266	5
W	66456	7783	0
W	61670	25519	0
W	122651	6798	0
W	56568	12763	0
W	22292	85621	0
W	52500	117871	0
W	3468	18483	0
W	45817	99853	0
W	46973	73946	0
W	81445	11591	0
W	144581	2038	1
W	69096	7907	0
W	136645	68175	0
W	48372	615	2
W	52534	172761	0
W	120109	879	0
W	103329	1505	0
W	36490	5872	0
W	93293	4712	0
W	104504	4692	0
W	31168	39456	0
W	130121	850	0
W	3471	390058	5
W	26594	156044	0
W	32257	4954	0
W	41206	173852	0
W	66496	9483	0
W	75543	28691	0
W	74133	2809	0
W	53380	14407	0
W	55091	4253	2
W	56621	877	0
W	3478	3215	0
W	65298	11866	0
W	78743	79107	0
W	65867	2071	1
W	3480	21424	0
W	128112	179	0
W	61319	453	0
W	33389	11513	4
W	58766	33186	0
W	48337	22998	0
W	3483	11461	0
W	68869	7693	3
W	73040	173	2
W	33811	228983	5
W	54234	23801	0
W	32613	46733	0
W	133960	1836	0
W	132787	1524	0
W	110134	13722	0
W	47698	35655	4
W	22567	391	3
W	57956	1197	0
W	20661	155017	0
W	49863	81796	0
W	74596	3001	0
W	46773	53065	4
W	51771	44943	0
W	52018	10390	0
W	57831	27160	0
W	81766	29059	3
W	28323	10483	4
W	132271	953	0
W	22146	272	0
W	49275	1259	2
W	73228	2162	0
W	93244	4533	0
W	58191	20375	0
W	85807	1395	0
W	71670	3206	1
W	3488	44249	0
W	3489	2297	3
W	54772	554	1
W	118291	15966	0
W	157499	55	0
W	83702	11530	0
W	34272	947	0
W	39773	12149	0
W	68596	1143	0
W	85258	2621	0
W	48497	63783	0
W	66750	537	0
W	3491	171607	0
W	22568	15461	0
W	127228	61428	0
W	84202	4076	0
W	33931	18568	0
W	61705	44734	0
W	82759	4446	0
W	134017	126	0
W	57192	3697	0
W	57193	9276	0
W	3494	159381	0
W	49972	549	0
W	3496	1344	2
W	33217	125199	5
W	101085	23305	0
W	60388	2974	0
W	154119	121	0
W	68816	1653	0
W	3498	15909	0
W	36502	83761	0
W	125109	62	0
W	36881	75502	0
W	90475	7119	0
W	3501	13249	0
W	125144	6	0
W	21314	5903	0
W	69764	4281	0
W	36591	250632	0
W	3503	24657	0
W	3504	34505	0
W	68845	60945	0
W	42476	114600	0
W	40329	5838	0
W	52257	4873	0
W	3505	916	0
W	43317	5928	3
W	3506	131552	0
W	71719	43934	0
W	44870	34591	0
W	156684	1379	2
W	65009	2039	0
W	163329	332	1
W	40678	8642	0
W	63008	541	0
W	3508	5974	0
W	62872	80179	4
W	52809	1801	0
W	45374	254	0
W	33739	23609	0
W	25728	34813	0
W	49414	14098	0
W	72977	2131	2
W	32229	45950	4
W	42749	1397	0
W	78318	11357	0
W	3510	11152	0
W	43158	53878	0
W	123616	1872	0
W	112190	6221	0
W	46865	4355	4
W	86981	1724	0
W	83140	2762	2
W	3511	477420	0
W	38669	27704	3
W	72366	1319	2
W	31744	33817	0
W	32967	18003	0
W	46568	2095	0
W	20730	293348	0
W	52415	153	2
W	61350	19191	0
W	128030	693	0
W	3513	16972	0
W	103184	1570	0
W	48938	409	0
W	70867	252216	0
W	50751	976	0
W	50800	61881	3
W	72819	4459	0
W	40064	5646	0
W	62692	16821	0
W	75113	11573	0
W	42610	2636	0
W	70360	25230	0
W	51951	18801	0
W	84371	8817	3
W	3520	1519	0
W	67059	1049	0
W	115670	8334	0
W	121486	650	0
W	59085	2875	0
W	44883	15350	0
W	61408	13956	4
W	30687	156987	0
W	56023	19502	0
W	49836	2350	0
W	28121	1472	0
W	3525	134560	4
W	110737	8507	0
W	130213	13459	2
W	59046	43569	0
W	73178	2091	0
W	32993	38103	0
W	37075	78251	0
W	121387	4563	0
W	67766	340	0
W	51195	6780	0
W	20768	538399	3
W	139510	1955	0
W	50610	94232	0
W	131026	2677	0
W	37558	24261	0
W	3529	31550	0
W	131671	127	2
W	25899	2685	0
W	79138	37485	2
W	21353	66177	4
W	60144	28253	4
W	22909	53298	2
W	49624	263791	0
W	20769	4048	0
W	3532	17878	0
W	77893	32354	0
W	3534	98510	0
W	142458	534	0
W	77286	11294	0
W	116959	9166	0
W	122993	47857	0
W	26788	21355	0
W	53315	321583	0
W	56649	18597	0
W	75218	11750	4
W	3536	682	3
W	53532	482	0
W	100201	508	0
W	81353	21832	0
W	64480	1251	0
W	3539	113323	5
W	72049	45386	3
W	58640	18741	0
W	31841	1276	3
W	129928	2045	0
W	3540	846763	0
W	36130	4411	0
W	22569	22876	0
W	49966	8137	0
W	3541	137081	0
W	44452	198431	4
W	75114	4838	0
W	3544	562	0
W	62659	4337	0
W	71057	3193	0
W	31084	140	0
W	22495	39448	3
W	167536	7053	3
W	47516	1223	0
W	82451	3130	4
W	21315	241484	0
W	75394	1215	0
W	3550	4099	0
W	20976	39922	0
W	157454	58425	3
W	26690	59101	5
W	3554	6823	0
W	92089	5159	0
W	71793	38349	2
W	47873	590	0
W	48603	77142	0
W	3557	325033	0
W	41615	11927	0
W	66360	231	0
W	136858	423	0
W	71616	7672	0
W	48288	38620	0
W	26313	23640	0
W	68030	84710	0
W	73347	218	2
W	20284	12603	0
W	3562	291655	0
W	50455	5453	4
W	58871	1102	0
W	3563	6468	3
W	60635	191465	0
W	3564	2342366	6
W	66952	149449	0
W	3565	4296	0
W	32022	262477	0
W	29890	248868	0
W	3568	392612	0
W	33657	99863	0
W	95409	30497	0
W	75220	1323	0
W	54136	2992	0
W	40679	2293	0
W	28260	2948	3
W	128545	3742	0
W	46048	1890	0
W	73745	2440	0
W	61974	70186	0
W	22147	2637	3
W	118911	50718	2
W	48373	1946	0
W	160932	24	0
W	149850	31625	4
W	60588	29910	0
W	58011	329871	4
W	70316	9873	0
W	36611	754	0
W	150998	554	0
W	65670	1836	0
W	37344	43959	3
W	23373	1478	4
W	65101	602	0
W	128237	401	2
W	39352	219385	0
W	46673	4501	0
W	117281	2775	0
W	3583	392	3
W	31892	3185	0
W	47699	13924	0
W	107724	2437	0
W	20487	32283	0
W	41716	2954	0
W	158392	17317	0
W	20731	173190	2
W	64145	8568	0
W	59947	3508	0
W	52792	32207	3
W	66990	10420	0
W	54591	43754	0
W	40914	84201	0
W	3587	15973	0
W	61064	5303	0
W	168078	27	2
W	41125	1707	4
W	44634	366396	4
W	39287	8380	0
W	69785	689	0
W	47720	5861	3
W	68134	31059	0
W	54973	130363	0
W	67487	7612	0
W	39151	6540	0
W	109012	1546	0
W	3592	120009	0
W	72277	1022	2
W	122872	2363	0
W	38276	49354	2
W	89315	8973	0
W	95125	8789	0
W	145754	712	0
W	74481	5049	0
W	67568	33837	0
W	55281	107371	0
W	31319	52622	0
W	22570	4867	0
W	3600	8421	0
W	64975	7464	0
W	33873	26914	0
W	128221	3229	0
W	3602	3081	0
W	3603	27776	0
W	33985	539947	0
W	65915	3449	0
W	56435	195937	0
W	92527	654	0
W	55182	16267	0
W	3604	6397	0
W	21017	10496	0
W	63145	130959	0
W	28149	165544	3
W	35505	35042	0
W	56142	2778	0
W	40413	9630	0
W	81447	24213	0
W	3607	340005	0
W	77894	50843	0
W	53381	181865	0
W	45967	20337	0
W	131251	20	0
W	60479	2524	1
W	45753	14220	0
W	3609	38709	0
W	113516	9903	0
W	73777	661	0
W	60707	49956	0
W	49680	131286	0
W	21316	12143	0
W	21602	69714	3
W	61998	70475	4
W	66552	12545	0
W	34640	92790	0
W	154887	99	0
W	52056	158	0
W	123265	3471	0
W	43994	45278	0
W	32094	85980	3
W	3613	1573262	6
W	129878	684	0
W	3614	781751	5
W	51657	2633	0
W	122609	9225	0
W	47779	108773	0
W	74986	62620	0
W	65155	11706	0
W	64546	1500	0
W	3615	27618	0
W	21398	92925	4
W	21018	50487	0
W	3617	974000	5
W	50230	1380	4
W	131027	5831	4
W	50406	4282	0
W	3621	2392	0
W	134604	9841	0
W	3622	57113	0
W	39871	12410	0
W	137522	1435	0
W	3623	16361	0
W	78764	25012	0
W	73324	8903	3
W	3625	4056940	6
W	57602	13099	0
W	37148	1607	0
W	80241	17666	0
W	55282	12179	0
W	48626	22275	0
W	37517	9566	0
W	130515	1207	0
W	35506	111945	0
W	146071	129	1
W	64146	66122	0
W	64211	21421	0
W	75275	14867	0
W	40843	2430	0
W	40082	3537	2
W	36366	5883	4
W	57414	409	0
W	55031	37714	0
W	74119	20673	0
W	73891	43021	0
W	52382	27714	0
W	26691	32372	5
W	57927	51813	0
W	3630	1094451	7
W	50782	1452	0
W	61200	89345	0
W	3631	18722	0
W	22910	13108	4
W	47724	7978	0
W	3632	1305	0
W	39872	11694	0
W	3633	569250	5
W	133699	3041	0
W	3634	11845	0
W	167636	3	2
W	3636	3241413	0
W	3637	17281	0
W	68146	32016	0
W	37698	8150	3
W	127763	13807	4
W	48281	19756	0
W	32006	5539	0
W	26692	11318	0
W	61992	3769	0
W	41275	17550	0
W	79972	26249	0
W	30045	16097	0
W	39715	29120	0
W	67931	48440	0
W	38585	7841	0
W	77383	118647	0
W	73471	6422	0
W	46674	3202	0
W	3640	172501	0
W	32366	239202	0
W	3643	6144	3
W	67756	53210	0
W	59748	15777	0
W	60512	12458	0
W	28071	8716	3
W	91463	1009	0
W	86706	2551	0
W	31226	53256	0
W	134075	848	0
W	41188	17927	0
W	36416	10484	4
W	35224	75734	0
W	46304	38779	0
W	55060	108747	0
W	3646	107847	0
W	3647	22005	0
W	3648	297678	0
W	3649	7969005	7
W	3650	27491	0
W	21354	93756	5
W	58198	27078	0
W	28105	67792	0
W	46583	13903	0
W	144811	2037	0
W	29167	17881	0
W	82079	4913	0
W	149796	7631	3
W	3655	3816	0
W	58767	11501	0
W	86631	184650	0
W	56875	2021	0
W	3656	28298	0
W	65411	562	0
W	126049	8990	2
W	21650	10863	0
W	119800	1442	0
W	51036	4618	2
W	42801	45485	0
W	43849	103215	0
W	38268	85194	0
W	60297	198206	0
W	77074	29950	0
W	75571	5766	0
W	28432	155647	0
W	22237	93790	3
W	58124	17232	3
W	95115	24421	0
W	81607	20434	0
W	135849	2672	3
W	35138	7393	0
W	48580	8906	0
W	46490	958	0
W	56213	41244	0
W	121480	17698	5
W	22399	4470	0
W	3666	123	0
W	146524	525	0
W	37411	333311	0
W	84792	1067	0
W	73095	17104	0
W	20285	58485	0
W	28398	9855	0
W	59262	260443	0
W	30711	2196	0
W	80066	10316	0
W	124389	612	0
W	55866	6117	0
W	3669	871211	0
W	104114	23134	0
W	20489	92495	0
W	3670	41687	4
W	3671	254	0
W	38627	20781	0
W	99469	54967	0
W	71663	20543	0
W	29768	106676	0
W	63420	50288	0
W	49821	100366	0
W	48627	7487	3
W	74092	236055	0
W	129938	2212	0
W	3673	999046	5
W	61394	11166	3
W	96557	85537	0
W	3676	3541	0
W	164330	192	3
W	44913	4349	0
W	97357	117	0
W	3680	230360	4
W	38383	33621	0
W	21253	102197	4
W	59311	33490	0
W	33236	11170	0
W	46816	1892	0
W	128222	950	0
W	73488	99	0
W	87343	7732	0
W	113155	21175	0
W	64236	156823	0
W	22454	278618	0
W	29101	111265	3
W	47681	5393	0
W	54889	84824	0
W	3690	649	3
W	28106	481026	4
W	20490	3756	3
W	79247	9866	0
W	100502	29755	0
W	60155	45171	0
W	37071	70718	0
W	49922	27190	0
W	52443	34244	4
W	102946	447	0
W	72399	39581	0
W	47062	3008	0
W	41103	206899	0
W	57619	58780	0
W	72224	13588	0
W	62680	51514	0
W	32533	107581	0
W	73363	374	0
W	47528	131939	0
W	128062	81	0
W	3701	153647	5
W	26761	44011	0
W	75388	4095	0
W	86510	1057	0
W	3703	446867	0
W	62389	10409	0
W	123538	153	0
W	117040	2881	0
W	90806	63235	0
W	62223	1079	0
W	3706	674439	0
W	59420	18629	0
W	3707	2537	0
W	126818	16770	0
W	3708	93856	5
W	44576	7358	0
W	57832	48482	0
W	32560	20464	0
W	50146	35	2
W	91519	720	0
W	20632	213690	4
W	87169	1043	0
W	3709	25993	0
W	21789	259345	0
W	71402	49284	0
W	40213	6335	0
W	42442	5493	0
W	36186	5636	0
W	56503	10555	0
W	56054	122313	0
W	67030	19968	0
W	67769	770	0
W	3714	39440	0
W	95111	112217	0
W	70720	1250	0
W	40575	87403	0
W	69740	88117	0
W	43701	10447	0
W	74518	27784	0
W	66374	29561	0
W	107570	13489	0
W	125551	6174	4
W	113913	1655	2
W	132377	3206	0
W	49775	109832	0
W	3719	65293	0
W	77895	17405	0
W	42611	1367	0
W	81524	14423	0
W	67552	882	0
W	20444	39367	3
W	56296	16943	0
W	20608	82987	4
W	134093	2379	0
W	3721	321006	6
W	69269	12055	0
W	47501	70646	0
W	68183	1163	3
W	38341	52450	0
W	85002	6893	0
W	3728	10633	2
W	80220	5928	0
W	89651	1903	0
W	65859	3243	0
W	26276	26488	3
W	160586	1581	1
W	102315	36084	3
W	61718	4402	3
W	137929	9748	0
W	36345	178062	0
W	21899	57193	0
W	3732	579501	4
W	116051	1326	0
W	37072	51802	0
W	3733	53951	0
W	55414	28500	2
W	53140	74208	0
W	51777	5798	0
W	150469	4645	0
W	116532	5602	0
W	99970	1462	0
W	42692	87114	0
W	3734	1020563	0
W	22305	43752	5
W	3735	278273	0
W	32330	4799	1
W	29606	63119	5
W	49810	8089	0
W	65229	477	3
W	37499	67090	0
W	58310	43525	0
W	41976	1932	2
W	85065	12215	0
W	156685	681	0
W	54522	9497	0
W	76627	33507	0
W	35740	2487	0
W	33650	48591	0
W	35300	158396	0
W	146000	1892	0
W	38362	15688	0
W	61035	92197	0
W	56586	7608	0
W	3740	217706	0
W	46990	3881	2
W	3742	793768	5
W	62664	242020	0
W	3743	135227	0
W	135656	5262	2
W	28433	119336	0
W	72378	399	0
W	20887	87731	4
W	30046	78933	0
W	62756	574072	0
W	64547	4695	0
W	67673	562	0
W	26378	84427	0
W	3747	240565	0
W	127778	112	1
W	3748	184044	0
W	90412	269962	0
W	52290	12262	0
W	20554	43119	0
W	3751	119099	0
W	30994	20320	0
W	40522	333715	0
W	38993	1278	0
W	107921	1369	0
W	113130	1329	0
W	110196	8108	0
W	132974	4118	1
W	46747	6697	0
W	72795	10540	3
W	21901	2029	0
W	89432	3977	0
W	72644	247865	0
W	3760	29920	3
W	49640	102476	0
W	3762	1606783	0
W	50170	113372	0
W	59784	4512	0
W	53534	84	0
W	3764	31135	0
W	49064	309393	0
W	34709	41743	0
W	3765	68327	0
W	53943	87408	0
W	57024	38609	0
W	59633	5202	3
W	147824	1602	2
W	57932	5032	0
W	37131	12532	0
W	23120	123350	0
W	74684	133766	0
W	87769	3973	0
W	60017	1771	2
W	98461	29197	0
W	45978	6525	4
W	3770	1215114	4
W	3772	233770	0
W	82381	10557	0
W	74546	14353	0
W	28085	131520	4
W	81545	27607	0
W	97237	11882	0
W	53678	47663	0
W	96622	3865	0
W	21019	16439	3
W	3775	125317	0
W	63589	9422	4
W	46515	29831	0
W	72218	9285	2
W	68986	62181	0
W	97422	17256	0
W	101551	1339	0
W	3779	12401	0
W	60636	8789	0
W	44577	12054	0
W	129929	34939	4
W	36889	9358	0
W	48162	38209	0
W	95258	1072	0
W	62164	28958	3
W	40105	158896	0
W	131201	18463	0
W	161786	9359	1
W	71170	2951	0
W	65117	5289	0
W	20245	133365	4
W	61530	3642	0
W	37757	896	0
W	140388	15202	0
W	45675	62061	0
W	41145	42528	3
W	149037	17251	0
W	46097	5567	2
W	31802	12935	0
W	25756	179561	0
W	47859	54631	0
W	70542	358	0
W	32939	50967	0
W	32345	61544	2
W	32968	26470	0
W	71660	1379	0
W	31284	580	0
W	35739	95691	4
W	20949	200951	5
W	3791	3193646	0
W	155796	118109	0
W	166554	142	3
W	156823	812	0
W	75276	12407	0
W	74490	1861	0
W	74964	8689	0
W	21020	2090	3
W	78531	21282	0
W	44830	164994	0
W	3802	1686	0
W	82975	1031	0
W	149111	1278	2
W	63177	1840	0
W	83386	14229	3
W	64604	35974	0
W	117237	6549	0
W	3804	15007	0
W	36802	158134	0
W	43888	56732	0
W	73448	71808	4
W	41390	7436	0
W	125972	19748	0
W	26721	94768	0
W	49582	122	3
W	106796	1209	3
W	54696	17684	0
W	71276	70	3
W	3809	25628	0
W	157219	33237	3
W	52552	13232	0
W	75583	8288	0
W	142610	2268	2
W	78576	8952	0
W	80590	29074	0
W	3816	235	0
W	73449	1201	0
W	150031	3545	0
W	32367	3801	2
W	33843	93918	0
W	44562	23530	3
W	57783	5926	0
W	3820	10603	0
W	50101	5515	0
W	3821	250886	0
W	3822	1638	0
W	95126	21536	0
W	51603	8941	0
W	30482	3049	0
W	155301	583	0
W	133629	1344	0
W	32969	169532	0
W	40829	2271	3
W	54781	11879	0
W	68825	2603	0
W	106797	2400	2
W	71149	14257	0
W	121481	2682	0
W	49447	22849	0
W	48705	2272	0
W	3832	8	0
W	3835	10407	0
W	61604	40578	0
W	90215	615	0
W	30508	33151	0
W	41587	82862	0
W	61410	23636	0
W	115651	490	2
W	50686	21805	0
W	62192	109176	0
W	29864	166328	0
W	64309	8681	0
W	65041	11729	0
W	43889	4523	0
W	65705	2196	1
W	57921	11060	0
W	54264	1711	3
W	30688	2681	0
W	57854	116227	4
W	3845	18799	0
W	117127	427	0
W	24948	28738	0
W	36262	16782	0
W	3847	197	3
W	54601	353780	0
W	116836	16843	0
W	141106	1583	0
W	90418	63471	0
W	131065	4920	0
W	128047	148	2
W	139042	226	0
W	52176	27036	3
W	79616	19159	0
W	49045	5599	0
W	3852	34445	4
W	107010	964	0
W	3854	189141	0
W	32950	27360	0
W	79506	3206	0
W	107215	2551	0
W	56168	47110	0
W	54602	52478	0
W	3856	24873	0
W	151515	1041	0
W	3857	4414	0
W	3858	19482	0
W	88356	5862	0
W	50588	34049	4
W	3861	1222280	5
W	58784	44001	0
W	3863	105389	4
W	125413	1542	1
W	48783	24928	0
W	64941	177	4
W	60175	27227	0
W	21254	108397	0
W	55173	4005	0
W	133676	12020	0
W	128267	30374	0
W	3869	65425	5
W	106789	251	0
W	3872	93273	4
W	3873	80662	0
W	102158	1844	0
W	3874	214190	0
W	134449	625	2
W	21903	47839	3
W	50820	22570	0
W	68305	4152	0
W	66024	16437	3
W	82453	14484	3
W	23121	368577	0
W	57914	3975	0
W	56858	30834	0
W	57749	68348	0
W	3877	90017	0
W	109579	817	0
W	3878	267958	1
W	3879	620507	0
W	63289	12636	0
W	41526	46778	0
W	66511	6081	1
W	113358	8119	0
W	111401	14205	0
W	3881	1991	0
W	126829	1687	0
W	71868	78229	4
W	128232	6412	0
W	114258	1111	0
W	129989	13599	0
W	48957	123436	0
W	49157	7603	0
W	119900	857	0
W	52619	1083369	5
W	127935	304	0
W	35581	102312	0
W	49529	33999	0
W	71706	18940	0
W	3890	12474	0
W	164619	1033	4
W	40585	3643	0
W	55334	28320	0
W	126026	790	0
W	3894	393089	0
W	3896	4626	0
W	48155	43866	0
W	3898	15098	0
W	68484	49852	0
W	87344	7342	0
W	3902	62192	3
W	28222	50980	0
W	24968	5333	0
W	67318	77946	0
W	3903	7566	0
W	83973	31725	0
W	61059	4224	0
W	3906	2143	0
W	3907	188514	0
W	111645	1350	0
W	48498	10019	0
W	3908	486916	5
W	60637	108039	0
W	125737	3176	0
W	60337	6146	0
W	21705	1193	0
W	40005	77426	0
W	3911	463800	0
W	127779	694	0
W	66991	95556	0
W	47159	714359	4
W	163076	663	0
W	3914	3892	0
W	54961	13019	0
W	39164	175614	0
W	68787	9059	0
W	106798	684	0
W	38805	231617	0
W	45139	21482	0
W	25874	29407	4
W	30547	2845	0
W	51207	232124	3
W	45140	20259	0
W	159506	2010	0
W	40939	5609	0
W	75312	8917	0
W	48706	31	0
W	67636	5099	0
W	73384	4272	0
W	31920	86296	0
W	22455	4193	0
W	63324	36410	0
W	68341	707	0
W	75378	2374	0
W	115692	1468	2
W	36512	253174	3
W	3929	8009	0
W	60431	229143	0
W	71232	12360	0
W	70520	31460	0
W	3931	1536	0
W	141773	658	0
W	22218	564	0
W	69129	3598	0
W	121482	2966	0
W	74378	1193	0
W	54921	31212	0
W	128722	102	0
W	33779	99967	0
W	57060	15422	0
W	29646	21036	0
W	85066	8824	0
W	90848	3780	0
W	3935	374073	0
W	50611	6999	0
W	3936	3031	0
W	35167	2201	0
W	35186	51538	0
W	122181	891	2
W	3938	1686	3
W	60050	15513	0
W	58934	6796	0
W	43402	8484	0
W	34830	12170	0
W	33687	12136	4
W	30713	25777	3
W	29598	90050	0
W	85578	2417	0
W	76963	61004	0
W	64964	27308	4
W	41564	39979	0
W	33986	535618	0
W	67211	7466	0
W	81872	1906	0
W	159414	18638	0
W	122601	4696	0
W	105360	1928	0
W	40638	69599	0
W	52998	8914	0
W	61168	21870	0
W	73783	14521	0
W	123435	20659	0
W	61009	893	0
W	36263	190039	0
W	96845	560	0
W	53708	893	2
W	157500	83	0
W	143238	2025	0
W	49448	25710	0
W	3951	33284	0
W	3952	1271	0
W	161391	94	0
W	65797	3098	0
W	37022	38384	0
W	116620	653	0
W	54724	5279	0
W	96351	39283	0
W	41603	24304	0
W	43333	2306	0
W	79154	46982	0
W	3957	16259	0
W	44481	17406	0
W	3958	18792	0
W	44812	410476	0
W	51833	23999	0
W	65671	1723	0
W	53141	18625	3
W	87632	5401	0
W	62237	38807	0
W	66393	9009	2
W	59806	7489	1
W	82454	6270	0
W	57630	87041	0
W	40504	25921	0
W	77288	17903	0
W	66568	19165	0
W	21214	40475	0
W	42552	7962	0
W	109732	10082	0
W	3973	35263	0
W	33116	39086	0
W	36803	6857	2
W	29794	92818	0
W	70538	8622	0
W	100386	2248	0
W	73685	28064	0
W	35443	1169	0
W	57757	8954	0
W	3976	107428	5
W	50612	101340	0
W	30613	5088	0
W	122667	4048	0
W	52908	8490	0
W	37824	15099	0
W	3979	1893154	0
W	3980	747	0
W	71854	560	0
W	37292	267812	0
W	93619	3249	0
W	33237	10850	0
W	67919	62898	4
W	38994	112851	0
W	3982	2418806	4
W	45603	1763	0
W	81818	3945	0
W	58376	24462	0
W	42480	32029	0
W	49973	12423	0
W	25757	109661	0
W	69640	5199	0
W	40125	24710	0
W	30627	8978	0
W	87633	2632	0
W	45987	52858	0
W	39165	64693	0
W	3989	2969	0
W	55988	8812	0
W	57735	4812	0
W	166446	3822	0
W	75323	1015	0
W	80200	15933	0
W	3994	2258965	4
W	106234	2310	0
W	77952	197115	0
W	54974	1021	0
W	73671	21232	0
W	112096	3078	0
W	64097	76728	0
W	4000	676	3
W	140658	2536	0
W	4001	31446	0
W	129049	2107	0
W	50407	6769	3
W	48982	101501	0
W	97389	17108	0
W	49756	2200	0
W	59168	9709	0
W	4008	677	0
W	67302	92634	4
W	67156	9435	0
W	128268	4708	3
W	48190	3406	2
W	42580	20845	0
W	4011	793844	0
W	66175	4683	0
W	52866	36522	2
W	77289	49051	0
W	130404	7762	0
W	4013	23	0
W	4014	135332	3
W	77243	10034	0
W	69656	8954	0
W	4020	520879	4
W	46448	1544	0
W	65050	617	0
W	78484	40622	0
W	46996	1068	0
W	61722	3771	0
W	21603	62234	0
W	72531	32	0
W	89368	1374	0
W	62686	11785	0
W	39316	6421	0
W	34664	14513	0
W	47259	133951	2
W	55264	3011	0
W	60969	24175	0
W	50641	183	0
W	40892	3830	0
W	56214	33680	0
W	64150	11253	2
W	34665	3976	3
W	22264	219049	0
W	52218	9633	4
W	159216	297	0
W	37345	64933	0
W	20332	7921	0
W	29168	98532	0
W	107676	2242	0
W	4032	592486	0
W	159539	587	2
W	79973	80347	3
W	81105	8252	3
W	21905	1788	4
W	67405	6021	0
W	53848	7624	4
W	45916	6124	4
W	20633	36607	5
W	123284	41965	0
W	67204	2187	0
W	36332	115475	0
W	128167	4821	3
W	142825	6043	0
W	4038	454	0
W	42351	263024	0
W	32135	27580	0
W	4039	56	0
W	141970	1079	0
W	26556	3980	0
W	121399	486	0
W	165478	106	0
W	69816	1571	0
W	160545	14200	0
W	4043	23527	0
W	76719	62818	4
W	61045	30388	2
W	65511	41414	0
W	49400	284302	0
W	112959	7482	0
W	148258	1660	3
W	50065	57939	0
W	4047	362307	4
W	55283	106029	0
W	75345	11108	0
W	66239	3541	2
W	60985	13550	0
W	68485	19374	0
W	67328	109313	0
W	127932	1315	2
W	39846	18944	0
W	4049	1429	0
W	56569	18549	0
W	90512	3226	0
W	69293	4281	0
W	66586	840	0
W	70479	4888	3
W	4051	692425	0
W	4052	12749	0
W	45818	32144	2
W	102910	13184	0
W	142455	1291	2
W	51806	21134	0
W	69322	295	0
W	72587	3094	0
W	55242	202488	0
W	45819	26836	0
W	64395	973	0
W	60211	41641	1
W	35598	310159	4
W	53271	2447	0
W	67490	41802	0
W	31375	18298	0
W	56328	19562	0
W	59597	6150	0
W	54254	13480	0
W	4061	3062	0
W	111027	187	0
W	36987	3098	0
W	60180	578505	0
W	81740	630	0
W	46352	6223	0
W	35470	15706	0
W	73455	2462	0
W	4065	18914	5
W	44121	46839	0
W	132975	80	0
W	4069	60082	0
W	4073	490117	0
W	57501	51027	0
W	4075	689579	5
W	125137	599	0
W	59968	1310	0
W	53782	1333	0
W	51589	93344	0
W	119547	48524	0
W	65632	23641	0
W	70507	20062	0
W	87417	678	0
W	4076	81864	0
W	32303	18537	0
W	146797	519	0
W	77417	71394	0
W	64050	2709	1
W	57837	7971	0
W	107054	53093	0
W	57548	692	0
W	35695	218608	3
W	75488	41	0
W	110306	1922	0
W	44125	118532	0
W	39873	2749	0
W	60168	16962	0
W	74499	48011	0
W	133630	2167	0
W	113702	6725	0
W	57149	55706	0
W	133677	2658	0
W	53694	21474	0
W	33238	80251	0
W	40263	69356	4
W	54782	46594	0
W	88840	1007	0
W	4093	12283	0
W	95424	31188	0
W	126181	1334	0
W	130516	20890	3
W	4095	3288	0
W	4096	309792	0
W	36440	40105	4
W	81657	3284	0
W	4097	137273	0
W	22575	5184	0
W	64310	93736	0
W	22148	931	0
W	127844	5199	0
W	59454	1692	0
W	55183	35901	3
W	121588	3743	0
W	117094	43430	4
W	40433	3030	0
W	81145	3933	0
W	41726	6964	0
W	72747	231	4
W	111692	3026	1
W	47883	3766	0
W	65112	1454	0
W	63223	1446	0
W	157501	74	0
W	4100	4425	4
W	4101	5128	0
W	61715	503	0
W	42783	37444	0
W	73434	144433	0
W	157502	76	0
W	49864	26890	0
W	4104	87289	5
W	71997	3447	0
W	74259	528	0
W	63932	13481	3
W	29062	123620	0
W	115025	12890	0
W	4106	283406	0
W	65236	2283	4
W	68916	829	0
W	4108	118307	0
W	43578	2692	0
W	22576	2562	0
W	59066	55974	0
W	152631	72	2
W	64890	3708	5
W	4111	7323	0
W	85466	2188	0
W	22400	436402	0
W	73801	187	2
W	29778	128649	4
W	4113	7835	2
W	126164	316	0
W	84059	13320	2
W	42020	36997	0
W	78824	14756	0
W	45505	7249	0
W	21082	36242	4
W	38643	23209	0
W	31093	1687	0
W	137897	55	0
W	50313	2176	4
W	4117	674078	6
W	47536	7137	0
W	83768	4736	0
W	153855	1657	0
W	35471	4036	2
W	50652	27295	0
W	4120	2826846	6
W	22913	94	0
W	105835	3538	0
W	35545	242643	0
W	93204	6178	0
W	4122	1101534	0
W	20921	202704	5
W	4123	8695	0
W	55061	123432	0
W	117735	801	0
W	155337	588	0
W	33581	16227	0
W	69520	10800	0
W	4126	1306	0
W	36399	91543	0
W	37540	99000	0
W	40971	29384	0
W	42125	17548	2
W	58512	3408	0
W	87892	30208	0
W	4129	227092	5
W	50066	59612	0
W	79912	4165	0
W	4131	17099	0
W	116735	1795	0
W	4132	464896	0
W	31267	66123	3
W	80067	8521	4
W	4133	124594	0
W	153238	1345	0
W	65501	379	0
W	31214	18309	0
W	4136	4384829	0
W	4137	4045	4
W	72993	30	0
W	40476	387339	0
W	35986	98328	0
W	4139	45611	0
W	104437	7210	0
W	23096	177270	5
W	91419	1759	0
W	126423	3076	0
W	55361	24581	0
W	54350	3523	0
W	150954	280	2
W	131326	6722	3
W	4143	17128	0
W	20286	5928	0
W	47011	12942	3
W	4144	186969	0
W	21193	105816	0
W	56078	1647	0
W	69167	34667	0
W	37990	2347	0
W	43152	79796	0
W	81146	10125	0
W	61292	21519	0
W	64008	1178	0
W	44626	109862	0
W	4148	398997	0
W	49510	293095	0
W	67145	3891	0
W	23292	382310	0
W	37216	367	3
W	38204	19676	0
W	25900	107605	0
W	46322	2321	0
W	46404	109	0
W	22456	2097	4
W	62374	512	0
W	63694	104	0
W	144562	561	0
W	52128	13210	3
W	60432	9135	0
W	44332	18424	0
W	74267	203984	0
W	4162	680	0
W	127858	1765	0
W	44413	16584	0
W	48079	6895	0
W	4163	162861	0
W	65830	32919	0
W	4165	464228	6
W	66853	21018	0
W	100338	4809	0
W	107844	1099	0
W	80615	11248	0
W	25929	11011	2
W	99757	143	0
W	70774	1803	2
W	36418	7301	3
W	80616	65248	0
W	61065	14805	0
W	36775	76011	0
W	68239	34222	3
W	149123	12806	4
W	38481	9131	0
W	108938	2145	0
W	139092	1877	0
W	32970	10731	0
W	110053	2707	0
W	64528	7427	0
W	20492	216292	0
W	68008	10331	0
W	70660	6624	0
W	22577	25396	0
W	40972	12700	0
W	134848	1336	0
W	39586	479	0
W	70931	6949	0
W	25704	247726	0
W	115638	2071	0
W	95797	3166	0
W	59434	70572	0
W	4178	151574	4
W	63961	16324	0
W	119422	4896	0
W	22914	36712	3
W	59590	9725	3
W	61846	116206	0
W	54236	4509	0
W	113115	24718	2
W	4181	2422558	7
W	69834	19999	0
W	125138	51123	5
W	65863	6079	0
W	4182	54306	0
W	74534	10379	0
W	53921	48910	0
W	68298	4271	0
W	4183	1639851	0
W	4185	40038	0
W	50408	328	0
W	4186	597646	0
W	21790	1798	2
W	71848	64953	0
W	78578	11035	0
W	91370	7610	0
W	4189	190513	0
W	84296	3260	3
W	21083	235674	0
W	74311	8407	0
W	105218	3288	0
W	145937	2032	0
W	21255	79648	0
W	60499	6684	0
W	74387	2303	0
W	4194	484	0
W	42565	54000	0
W	61096	2334	0
W	67531	118091	0
W	20217	49860	0
W	4195	2095	0
W	22578	3618	0
W	41213	66832	0
W	20683	50054	0
W	166833	20	2
W	74755	172	0
W	118938	2164	0
W	4198	1720673	0
W	102949	3387	2
W	69271	4473	0
W	99246	34554	0
W	4202	1199178	3
W	4203	110512	5
W	29851	341761	0
W	123592	14189	0
W	24801	39738	0
W	50613	260361	0
W	55284	3216	0
W	38886	19256	0
W	66186	149110	3
W	4206	2955	0
W	37132	2614	0
W	71533	287	0
W	68142	8656	0
W	163846	52	0
W	160924	15050	1
W	76628	97370	0
W	74748	3317	0
W	166825	12	2
W	62980	17627	0
W	4210	6350	0
W	78653	59049	0
W	70758	27154	0
W	107677	2770	0
W	138960	1177	0
W	73905	28153	0
W	53468	3846	0
W	25901	156366	4
W	61036	28783	4
W	4212	924	0
W	45017	2794	0
W	115693	7621	1
W	38003	14078	3
W	78419	12225	0
W	4213	525439	0
W	64732	123870	0
W	74633	50748	0
W	21021	42591	0
W	44928	6121	0
W	66592	99652	0
W	4217	2438	4
W	4218	194615	0
W	43598	6944	0
W	4221	30	0
W	33390	29917	0
W	82978	976	0
W	4224	49756	0
W	4225	34886	4
W	133531	1619	0
W	101365	2430	0
W	65362	33454	0
W	31893	23962	0
W	42533	5890	0
W	46746	104215	0
W	40680	2722	0
W	156027	1415	0
W	112249	3568	0
W	120521	3016	0
W	45093	1265	0
W	76826	33649	0
W	4232	16205	0
W	4235	5489	0
W	61924	4935	0
W	4238	405558	5
W	47160	20105	0
W	20493	119313	4
W	57681	2424	0
W	128019	109	0
W	136173	22589	0
W	49123	3811	0
W	52057	46463	3
W	42491	12811	2
W	44929	5011	0
W	41573	938	2
W	4242	223109	0
W	23254	18109	0
W	40321	21354	0
W	4244	4551	2
W	35225	11269	0
W	82518	5868	1
W	58219	29633	2
W	23123	54797	0
W	134773	2238	3
W	22349	216480	0
W	158543	13115	0
W	20662	260749	0
W	36028	61269	0
W	54275	6015	0
W	40387	54332	0
W	47850	11644	0
W	4248	199421	0
W	72637	5644	0
W	41407	19088	0
W	83680	11253	0
W	83082	2110	0
W	36131	23423	0
W	20287	150390	5
W	4252	438	0
W	33688	41365	1
W	161161	1388	0
W	21446	4121	0
W	31036	8535	0
W	4254	38792	0
W	32310	34582	0
W	90477	2097	0
W	34603	122191	4
W	51197	359873	0
W	22457	198119	0
W	58757	3409	0
W	35415	32703	0
W	155734	12	0
W	28150	121523	0
W	118292	6528	0
W	31150	210862	0
W	167517	540	0
W	20934	23324	0
W	56329	154601	0
W	94747	10580	0
W	108002	1882	0
W	72532	1201	0
W	39363	24092	3
W	39476	6301	5
W	4265	82005	0
W	43171	40652	0
W	85718	6093	0
W	72649	30055	4
W	79726	14729	0
W	4269	13221	0
W	25902	24984	5
W	4271	267859	0
W	105203	185	0
W	44656	24280	0
W	157763	128	0
W	4274	10954	0
W	158908	41	0
W	53993	47409	0
W	66992	15960	0
W	75272	355	1
W	37421	162316	0
W	53769	365592	0
W	48708	578	3
W	93906	23815	0
W	4279	2038467	0
W	20614	13432	0
W	64103	23180	0
W	20378	3805	0
W	26379	151141	0
W	4283	1128877	0
W	35508	49344	0
W	65221	13845	0
W	155331	1281	0
W	4285	57546	0
W	22401	318280	0
W	4287	55794	0
W	40026	10091	0
W	36830	26498	0
W	32534	61539	0
W	31243	250128	0
W	157922	17597	4
W	54464	40169	3
W	41840	26350	3
W	31922	3589	0
W	47668	4966	0
W	160444	7987	3
W	22579	3359	4
W	28107	31602	3
W	36564	31905	0
W	85196	3820	0
W	20807	157594	5
W	4294	1293094	0
W	71387	10	0
W	29876	1490	0
W	59591	6584	0
W	119590	101	0
W	38205	80055	0
W	42767	96540	0
W	28434	65458	0
W	72143	1203	0
W	59757	17593	0
W	39236	11479	3
W	50544	200156	0
W	103491	719	0
W	149264	5445	2
W	52909	2635	0
W	32535	38640	0
W	33203	186780	4
W	79660	35808	2
W	55663	50594	0
W	23212	151893	4
W	75477	25293	0
W	29051	51128	4
W	61984	5847	0
W	20379	28398	0
W	26674	4847	0
W	138546	17924	2
W	36948	6151	0
W	4306	21335	0
W	84004	14151	2
W	130214	4848	0
W	46221	19471	0
W	20634	37344	0
W	74936	4737	0
W	64613	12934	0
W	4307	693801	0
W	134174	9473	0
W	158544	941	0
W	33433	20193	0
W	71705	9749	0
W	33874	59644	0
W	65317	43538	0
W	168390	12044	2
W	58620	16165	0
W	44994	2461	0
W	50456	1198	0
W	20635	32313	0
W	134933	6996	3
W	64279	1123	0
W	22239	1754	0
W	128503	2931	0
W	23124	202044	0
W	21355	113745	0
W	68945	32114	0
W	45074	1761	0
W	57239	7334	0
W	67505	54	2
W	71186	6794	0
W	69367	17114	0
W	61429	63	2
W	90613	919	0
W	4315	515202	0
W	79059	10224	0
W	21181	270173	0
W	120673	1882	0
W	32614	131035	0
W	95425	13973	0
W	92022	62046	0
W	41080	9503	0
W	59155	23034	0
W	4322	6773	0
W	49005	5936	3
W	74919	5858	2
W	22581	10282	0
W	63845	73652	0
W	60500	24433	3
W	70297	89713	0
W	39303	224522	0
W	108522	1482	0
W	71245	3802	4
W	60459	171115	0
W	33710	9024	0
W	127841	30	0
W	49158	76232	0
W	49148	38916	0
W	100905	468	1
W	160124	3534	0
W	21356	218239	0
W	4325	2166815	5
W	116091	576	0
W	57664	46900	0
W	4328	114833	0
W	38342	77032	4
W	93296	2477	0
W	29077	30576	0
W	4330	159268	0
W	4331	766653	0
W	56634	4049	0
W	158394	2889	3
W	97719	27025	0
W	76805	265311	0
W	40140	101548	0
W	58461	1026	2
W	52793	11814	0
W	34721	48024	0
W	44551	5340	0
W	29779	104031	0
W	64350	18137	0
W	58038	27077	0
W	96384	4859	0
W	61985	5425	0
W	68196	1507	0
W	98380	1474	0
W	36237	350295	0
W	68219	15954	0
W	32995	31979	0
W	157503	182	0
W	33968	9989	0
W	40216	25858	0
W	165225	2280	0
W	56650	4346	0
W	4340	699763	0
W	53400	6260	0
W	97832	2174	0
W	70822	9600	4
W	4343	3800	0
W	87419	1980	0
W	4344	725128	6
W	4345	63653	0
W	70599	1371	0
W	4346	262045	0
W	106751	664	0
W	128364	1058	0
W	63826	38604	4
W	37337	40222	0
W	99578	2908	0
W	4349	279183	5
W	115762	6340	0
W	138605	19	0
W	4351	1285347	0
W	105628	555	0
W	127948	1500	0
W	24871	113703	0
W	140861	7695	0
W	55833	277	0
W	4352	1766419	6
W	75264	3051	0
W	49558	33690	0
W	51604	63989	0
W	98108	17396	0
W	36804	3290	0
W	60032	4644	0
W	41727	3452	0
W	127895	1154	3
W	53958	133823	0
W	4357	12765	0
W	71304	19579	0
W	35410	49433	0
W	42072	30040	0
W	38740	2884	0
W	77627	5421	0
W	52103	24986	0
W	4360	1291	0
W	50409	132	0
W	29626	52725	0
W	122602	1551	0
W	33875	18002	4
W	64586	6541	0
W	97881	1265	0
W	21357	54940	0
W	115235	4134	0
W	168302	581	1
W	54105	19759	0
W	76565	77251	0
W	55681	146467	0
W	69189	8788	0
W	51174	2449	0
W	73506	44590	0
W	4363	1227	0
W	128118	1394	0
W	28435	24013	0
W	97079	5014	0
W	56215	5805	0
W	25804	70570	3
W	4364	68083	4
W	4365	21921	0
W	4366	31221	0
W	4367	56460	0
W	4369	2136938	0
W	40393	31299	0
W	62854	21961	0
W	108587	61272	0
W	95531	3421	0
W	55759	38306	0
W	154424	2847	2
W	82980	3526	0
W	66375	33526	0
W	39911	79079	0
W	20494	1759	0
W	44807	15023	0
W	70501	8525	0
W	52867	99299	0
W	80712	68402	0
W	29891	48404	0
W	47580	14073	0
W	4372	931	0
W	64619	27752	0
W	58418	6620	3
W	75528	37906	0
W	56676	41223	3
W	4374	82163	0
W	115763	45056	2
W	129480	28370	3
W	128156	1626	2
W	47884	15898	0
W	26381	77800	0
W	4382	171655	4
W	4383	473859	4
W	48040	1424	0
W	71504	52	0
W	166478	959	0
W	106943	960	0
W	108165	842	0
W	4384	398045	0
W	38245	5780	0
W	44134	1114	0
W	132825	6266	0
W	4387	3770633	6
W	128204	1333	2
W	149189	9156	1
W	4393	3548	0
W	131949	5230	0
W	65722	773	0
W	4394	4773614	4
W	4395	14722	0
W	30907	47457	3
W	50171	207734	0
W	42933	11687	0
W	67910	55936	0
W	125130	309	2
W	36805	269471	0
W	30654	91426	0
W	33391	112767	0
W	68480	4893	0
W	4401	675218	5
W	41233	392716	0
W	67595	33878	0
W	75277	10181	0
W	26557	287986	5
W	66715	11108	0
W	29795	22422	0
W	21084	140286	0
W	4408	162740	5
W	4409	255313	5
W	36474	104522	0
W	68870	4328	0
W	67640	2374	0
W	54928	54305	2
W	138603	4231	1
W	20495	67063	5
W	120828	19604	3
W	121091	3161	0
W	127985	2405	3
W	66757	18321	0
W	50887	10295	0
W	121065	12937	1
W	133623	13635	0
W	67373	5431	0
W	53783	15126	0
W	103300	2157	0
W	52291	8732	0
W	162730	162	0
W	61831	147096	0
W	24913	11108	0
W	44884	2204	0
W	42915	75022	0
W	36161	6473	0
W	52899	35048	0
W	168804	999	2
W	70095	188	3
W	49084	5136	0
W	101124	799	0
W	69583	10257	0
W	4411	1016	0
W	38603	23340	0
W	76471	283896	0
W	165858	8	0
W	80270	3981	3
W	4414	7121	0
W	89180	1271	0
W	71293	83330	0
W	69955	224030	0
W	55285	17827	0
W	117202	8305	0
W	38718	3236	0
W	37023	6617	3
W	84245	968	0
W	54438	21480	0
W	119276	1476	0
W	107331	4228	0
W	46394	202476	1
W	28383	10243	0
W	108554	3087	0
W	74032	8470	0
W	22583	11009	4
W	57119	29146	3
W	28293	77959	0
W	4420	8453	0
W	103914	7399	0
W	32230	131473	4
W	4421	1412	0
W	163716	2833	0
W	4422	14418	0
W	4423	28537	0
W	22402	177130	0
W	57609	3291	0
W	75313	7085	0
W	4426	62948	0
W	4427	20777	1
W	104104	13076	0
W	4428	24804	0
W	65798	163246	0
W	150274	87	0
W	67578	18661	0
W	41395	40633	0
W	4429	621	0
W	101492	8556	3
W	60974	692	0
W	33049	28446	0
W	22917	679	0
W	35760	192102	0
W	35556	3641	0
W	69181	1084	0
W	4433	833	4
W	67885	24745	0
W	32627	33800	3
W	54814	63134	0
W	44578	2787	0
W	164918	1367	4
W	128381	5096	0
W	68220	505	0
W	55809	8371	4
W	23213	44300	4
W	80159	2892	0
W	20555	1907	0
W	59318	66120	0
W	4441	3313	0
W	149565	9491	1
W	69199	54519	0
W	100480	17125	0
W	49695	48355	0
W	67914	475	4
W	28060	32008	0
W	4447	695951	5
W	113551	7661	0
W	4448	133411	0
W	128078	779	0
W	25856	40035	0
W	56562	4125	0
W	61162	36380	0
W	35360	28157	0
W	4451	1490460	0
W	49995	18180	4
W	30715	43708	0
W	66700	2059	0
W	55363	52594	0
W	166396	618	0
W	32996	350176	4
W	31123	9382	0
W	29254	3047	2
W	50679	77828	0
W	133037	6817	0
W	57758	3073	0
W	21358	4623	0
W	52553	710	0
W	54300	70572	0
W	22351	37437	0
W	73459	38590	0
W	32401	32659	4
W	26558	21197	0
W	4460	1252	0
W	113132	17169	0
W	30003	12263	5
W	68468	20264	2
W	70752	31204	0
W	58508	2446	3
W	100856	14867	3
W	135617	23660	0
W	75403	4183	0
W	77476	43348	0
W	51893	41792	0
W	75082	2157	0
W	51658	38720	0
W	4463	146821	0
W	69873	484	0
W	60728	394	0
W	65516	561	3
W	54277	57611	0
W	161231	4428	0
W	53537	566	4
W	36806	186505	0
W	93560	29769	0
W	41445	89148	4
W	4465	665514	0
W	20950	5847	0
W	55949	130762	0
W	81198	17112	0
W	135099	69981	0
W	4468	106603	0
W	128325	2262	0
W	4471	63424	0
W	4473	189794	0
W	4475	1048	0
W	89433	8925	0
W	4477	693112	0
W	118293	12304	0
W	53227	6848	0
W	4478	40663	0
W	73514	40880	3
W	49691	103396	4
W	75422	21748	0
W	68536	2537	0
W	75203	3269	0
W	70576	4552	0
W	40682	10514	0
W	51013	1328	0
W	128961	1316	0
W	130159	13592	0
W	74434	13513	0
W	46748	53078	0
W	68738	16158	4
W	4482	61515	5
W	40126	314158	0
W	36569	63001	0
W	21552	386242	0
W	80990	11556	0
W	121732	27256	2
W	55184	917	0
W	22152	257	0
W	42698	137983	0
W	68703	8921	3
W	56150	45692	2
W	4484	5053	0
W	71292	1486	0
W	29858	70285	0
W	50410	450	4
W	62762	1116	0
W	4487	109315	5
W	78247	35252	0
W	47508	70757	0
W	141431	419	1
W	4489	60336	0
W	63153	17075	0
W	36281	3077	0
W	35798	121490	0
W	34612	42669	3
W	119696	251	0
W	163160	719	3
W	4490	315304	5
W	30605	11069	3
W	34667	967	0
W	60238	67	0
W	4491	634428	0
W	39121	14332	0
W	4492	19351	0
W	4493	837233	0
W	85419	11588	0
W	128333	168	0
W	58513	12811	0
W	131577	1820	0
W	100256	30611	0
W	63774	5086	5
W	51795	777430	0
W	47167	37914	0
W	82289	2253	0
W	108291	2294	0
W	47428	95621	0
W	101928	7053	0
W	26774	12389	0
W	141231	318	0
W	4500	126223	0
W	51396	61846	0
W	41352	5032	0
W	4501	166092	0
W	4502	59506	0
W	32660	10952	0
W	68384	12529	0
W	33876	15250	0
W	4504	1904	3
W	101051	527	0
W	26300	34022	0
W	84952	9755	0
W	28086	68141	4
W	50981	46509	0
W	65402	22951	0
W	145064	228	0
W	59099	7561	2
W	24849	31826	0
W	108660	91	0
W	142536	2389	0
W	4509	1046	3
W	128205	9892	0
W	52104	5669	0
W	4513	7169	0
W	136393	2481	3
W	4514	1548	0
W	112486	4054	0
W	44135	35799	0
W	82455	6263	0
W	4515	1411729	4
W	81450	4896	3
W	116035	4967	0
W	148456	295	0
W	68050	6959	0
W	22584	129	0
W	72945	37383	0
W	48786	107	2
W	64500	3781	2
W	70368	3234	0
W	128119	5082	0
W	47032	48146	2
W	38806	21503	0
W	61073	79458	0
W	128262	23	0
W	34275	25128	0
W	84297	12329	0
W	136153	158	0
W	32661	66948	0
W	32311	9319	0
W	46828	33335	0
W	61172	8156	0
W	78420	5458	0
W	26341	59520	4
W	33711	257757	4
W	33060	50229	3
W	128164	594	2
W	46132	7179	3
W	67352	29571	4
W	118710	426	0
W	42916	11628	0
W	58652	13053	0
W	54011	59870	2
W	62293	17171	0
W	61021	3596	0
W	134849	9032	0
W	162917	1129	1
W	24850	4443	0
W	4527	2580	3
W	134913	997	1
W	74379	83651	0
W	4530	1970	3
W	47733	59843	0
W	127902	14431	0
W	47549	1720	2
W	138873	40910	0
W	46637	8319	0
W	37709	46224	0
W	49279	15326	4
W	53382	5219	0
W	167774	2104	1
W	30628	50105	0
W	36264	110866	0
W	79390	23934	0
W	38016	18609	2
W	39543	12051	2
W	121483	6809	0
W	4536	729332	5
W	59939	5359	0
W	4538	857	0
W	22403	21578	0
W	142665	5325	1
W	52535	59102	0
W	49423	726	0
W	4541	64108	3
W	22586	5241	0
W	32997	772	0
W	168301	104	1
W	56437	15117	3
W	37835	3212	0
W	57334	36252	2
W	23125	203838	5
W	121375	7440	0
W	72533	23327	6
W	4549	1021411	0
W	55609	27560	0
W	68462	2153	0
W	47156	164068	0
W	54130	48848	4
W	55568	11366	4
W	135201	67241	0
W	68154	9402	0
W	118582	18192	0
W	4550	223833	4
W	68546	3690	0
W	22353	2488	0
W	86633	14945	0
W	59957	11686	0
W	4553	8820	3
W	51961	67210	4
W	28384	10569	0
W	59292	80855	0
W	35287	197824	0
W	75684	34801	0
W	64311	44545	0
W	121376	7909	3
W	72911	11718	0
W	67757	10026	0
W	44863	4313	3
W	45822	67047	0
W	81290	46104	0
W	77925	45633	0
W	53850	35025	0
W	4562	16901081	7
W	62399	3512	0
W	34699	140274	0
W	114396	857	0
W	61879	51181	0
W	4563	9205	0
W	33545	41891	0
W	54351	1400	0
W	28213	53203	4
W	80640	39804	0
W	38913	32219	0
W	50317	480	0
W	20382	79618	0
W	107972	7338	0
W	21763	10337	3
W	138392	86	0
W	56406	2500	0
W	4572	262701	0
W	4573	1345789	0
W	35634	12760	0
W	22588	5084	0
W	36314	213023	0
W	60763	1653	0
W	69724	4748	0
W	72304	26359	0
W	4575	122737	5
W	68269	51042	0
W	4576	83071	4
W	69383	154194	0
W	59797	1961	0
W	52660	7875	0
W	55266	17337	0
W	49559	120959	0
W	50232	5082	4
W	76936	30426	0
W	75019	697	4
W	23255	226144	0
W	54255	548	3
W	4584	121729	0
W	81355	20519	0
W	61980	3116	4
W	80671	31796	0
W	4586	134240	0
W	89746	1798	0
W	62595	54398	0
W	4589	901	0
W	48265	71308	0
W	154744	1151	0
W	126021	3936	0
W	41060	156	0
W	47682	1142	0
W	56092	12616	3
W	58514	18158	0
W	4593	821959	0
W	38782	14248	0
W	115149	2196	0
W	50499	10619	0
W	4596	983504	0
W	49661	915	0
W	4597	24929	0
W	26535	107218	0
W	20288	84597	4
W	120043	8838	0
W	126777	9341	0
W	47932	8775	1
W	21022	12402	0
W	110719	2862	0
W	72024	14871	0
W	4603	93727	4
W	47582	15061	2
W	69680	121216	5
W	142781	74	0
W	29968	48179	0
W	33565	26232	0
W	152872	81	0
W	56660	8176	0
W	45677	159381	0
W	74816	1420	1
W	22918	4631	4
W	55441	19254	4
W	72870	45	0
W	4618	2890	3
W	50855	2053	0
W	67880	4298	0
W	127090	15761	0
W	60750	3787	4
W	129260	239	0
W	75263	6298	2
W	74812	4731	0
W	66056	5335	0
W	37330	169427	0
W	63816	7004	0
W	93738	1506	0
W	80069	11339	0
W	4622	29810	0
W	30629	10903	3
W	71869	174684	4
W	53905	44074	0
W	40044	59842	0
W	4625	122751	0
W	26314	81182	0
W	4626	54618	0
W	69387	17722	0
W	61794	172378	0
W	51686	2713	0
W	75127	2341	0
W	32402	4516	0
W	124823	3172	0
W	151890	8898	1
W	33204	13019	0
W	38894	146981	0
W	42482	24876	0
W	50589	41228	0
W	41322	4502	0
W	58733	22338	0
W	37840	76988	3
W	4633	266773	6
W	4634	560	0
W	4637	109849	0
W	57278	14536	0
W	4638	635709	0
W	39045	62933	0
W	4641	911	0
W	36807	140503	0
W	81698	5144	0
W	46516	33321	0
W	74830	161	0
W	51715	3237	0
W	4646	1454	3
W	76887	71397	0
W	49178	11490	0
W	4649	4830236	6
W	48958	216793	0
W	149386	1762	4
W	67674	21535	4
W	115506	6061	0
W	45794	15262	0
W	57025	92027	0
W	143031	21989	0
W	4652	1152	0
W	24872	280392	0
W	88648	11289	0
W	4655	1383539	5
W	25781	79798	0
W	53451	36789	5
W	57339	5133	0
W	20770	2639	0
W	60541	151	3
W	34585	1987	0
W	159261	519	0
W	42114	76069	0
W	62821	37964	0
W	118057	4363	0
W	31996	60109	0
W	4657	62162	5
W	62166	9241	0
W	38519	28348	0
W	52105	187503	0
W	46546	41775	0
W	4660	1995034	0
W	31021	274274	0
W	116960	8887	0
W	26315	415161	0
W	33946	131535	0
W	4662	572	0
W	110018	8085	0
W	52522	6813	0
W	67406	13030	0
W	76629	87978	0
W	65086	2959	0
W	36324	37218	0
W	43324	101918	2
W	63085	104773	0
W	147278	899	0
W	55724	29828	0
W	36238	80948	0
W	59417	47785	0
W	21359	538	0
W	162704	896	4
W	49149	2651	0
W	152431	4183	0
W	49923	37864	0
W	24802	144312	0
W	149622	1310	0
W	78850	6590	0
W	140085	3279	0
W	157875	63	0
W	76553	177911	0
W	51760	11665	3
W	22590	60595	0
W	57078	1481	3
W	56449	56239	5
W	98076	4854	0
W	57873	19868	0
W	117456	903	0
W	4680	16341	3
W	22919	236124	0
W	66946	16171	0
W	101785	2320	0
W	36662	6292	0
W	4681	26849	5
W	4682	221048	4
W	63020	14072	0
W	22920	1194	0
W	24873	15968	0
W	87907	14419	0
W	66869	4158	0
W	45756	1166	0
W	52679	1480	0
W	22458	155986	5
W	41396	110754	0
W	126833	5855	0
W	4687	1060457	0
W	61504	79966	3
W	52811	8762	0
W	31055	30825	0
W	65302	477	0
W	109346	32202	0
W	48570	22785	0
W	56552	52018	4
W	23293	130218	3
W	40300	424887	0
W	35486	2483	0
W	4692	268027	4
W	84005	14706	0
W	20684	4000	0
W	21765	279867	0
W	86515	1679	0
W	4694	10223	2
W	111866	3235	0
W	36949	28252	0
W	68806	58426	0
W	53679	3904	0
W	4696	873759	6
W	56135	22714	4
W	42213	6760	0
W	79300	12285	0
W	4699	302367	0
W	72367	76655	0
W	21194	149125	0
W	132042	507	0
W	4701	2482	0
W	131375	4095	2
W	68642	68167	0
W	26775	28410	0
W	46266	5525	0
W	4704	118616	0
W	75874	2265	0
W	63389	3903	0
W	84028	12154	0
W	4705	1415412	0
W	155881	817	0
W	50730	18806	0
W	75639	10	0
W	28061	345602	0
W	4707	10999	0
W	24969	13410	0
W	4711	3687478	6
W	69997	3956	4
W	32368	31362	0
W	4712	3218	0
W	47444	19817	0
W	77077	57347	0
W	51618	179	0
W	41729	877	0
W	43924	49370	0
W	33392	9196	0
W	4714	43923	0
W	69490	11097	0
W	44023	20610	0
W	154902	234	0
W	89029	5686	0
W	115446	11114	0
W	131286	2151	0
W	57356	107616	0
W	62655	4417	0
W	95532	1995	0
W	4718	18970	3
W	76408	987	0
W	69182	29035	0
W	82861	2157	0
W	29189	10245	0
W	159663	1048	4
W	57305	47951	0
W	56170	17410	0
W	112960	8556	0
W	42869	43997	4
W	44914	72469	0
W	36132	36793	1
W	4727	1083497	0
W	38736	23402	0
W	79410	103960	0
W	70997	1295	0
W	4731	6952902	6
W	31313	8769	0
W	48789	7746	0
W	128103	4168	0
W	4733	3327883	0
W	118023	7090	0
W	21706	275343	4
W	58274	72849	4
W	20808	77432	5
W	48163	34160	0
W	59940	722	3
W	106981	9418	0
W	73088	11199	0
W	61181	7623	0
W	106840	139	0
W	80272	10655	0
W	43198	4551	3
W	32428	226964	0
W	21228	134573	5
W	163279	526	0
W	57957	57888	0
W	50736	8469	0
W	23578	76	2
W	4744	583495	6
W	40785	3909	0
W	37542	1432	0
W	63570	162072	0
W	156540	1655	0
W	35361	135041	0
W	142659	6347	2
W	128454	25	0
W	44300	5157	0
W	37507	4506	0
W	33947	68115	4
W	4748	1290652	6
W	72871	8377	0
W	93739	719	0
W	38720	142079	5
W	21360	4119	0
W	63880	30731	0
W	74255	11965	4
W	52934	4153	0
W	20496	7084	0
W	20446	19662	0
W	127996	2309	0
W	73251	1331	0
W	26802	11327	4
W	59172	12150	2
W	60362	1190	1
W	61620	210994	0
W	69045	7497	2
W	20809	3347	3
W	4756	18872	0
W	78826	34291	0
W	79617	55547	0
W	55299	14158	0
W	141884	9930	0
W	109099	29308	0
W	35317	49416	3
W	41773	3166	0
W	37174	4802	0
W	39515	27270	0
W	31332	6840	0
W	29843	1674	0
W	36141	3818	0
W	134557	1165	0
W	64420	2244	0
W	22921	1998	0
W	62792	15079	0
W	4763	52693	3
W	4766	3406990	7
W	77527	10611	0
W	70869	27077	0
W	159848	93	0
W	42895	9960	0
W	57161	9398	0
W	131561	125	0
W	127205	36325	3
W	77550	12778	0
W	52311	175069	0
W	37175	289935	4
W	72835	7111	0
W	64692	2523	0
W	53314	82776	0
W	38721	13975	0
W	66402	3276	0
W	66346	63955	1
W	68670	1109	0
W	41616	108551	0
W	158881	1411	4
W	59464	21368	0
W	38384	18383	0
W	128318	48	0
W	29280	55872	4
W	142859	21726	0
W	160011	502	0
W	29982	494	2
W	37058	66739	0
W	44733	9376	0
W	59450	3937	0
W	151633	81	0
W	82383	16748	0
W	73052	7746	3
W	138716	3460	0
W	48205	2450	0
W	37878	454	0
W	44002	116669	0
W	60894	59329	3
W	65198	49312	2
W	69258	3406	2
W	66133	34759	0
W	4778	6951	0
W	59173	9976	0
W	4779	338316	3
W	67456	4961	0
W	40640	17720	3
W	39406	54937	0
W	33078	156218	5
W	49727	41794	0
W	156907	13803	0
W	49865	11915	0
W	20246	131267	3
W	107394	618	0
W	70480	5343	0
W	87063	7962	2
W	62951	24809	0
W	168798	68	3
W	63107	966	0
W	139840	60	0
W	144887	1882	0
W	101761	5859	0
W	58132	10017	2
W	167740	126	1
W	57941	98233	0
W	81243	14105	0
W	28151	76035	4
W	38433	76290	0
W	166922	83	2
W	4788	216366	0
W	26316	14091	0
W	39220	6658	0
W	4790	7446	3
W	4792	7219	2
W	48652	558	0
W	4793	2228	0
W	32007	110814	5
W	56677	4090	0
W	26789	28097	0
W	124629	2738	0
W	4795	5526	0
W	4797	23587	0
W	145568	3150	0
W	22306	219609	4
W	91904	2191	0
W	25876	39700	2
W	54338	29918	4
W	4800	1550	0
W	76485	235049	0
W	37280	164953	0
W	55868	3402	0
W	34812	27067	0
W	69116	43295	3
W	59817	6653	3
W	46146	23537	0
W	62340	6562	0
W	73859	3151	5
W	48380	2434	4
W	40414	3423	0
W	20447	59241	0
W	4806	1194096	0
W	21361	7969	0
W	47212	54815	0
W	31170	18066	0
W	24914	12005	0
W	69332	1476	0
W	127866	6068	0
W	70019	13650	3
W	118433	5250	0
W	32096	568436	3
W	35732	4942	0
W	4809	391469	0
W	48134	32425	0
W	4810	219363	0
W	116320	3405	0
W	62596	19624	0
W	53813	1126	1
W	32429	91173	5
W	21448	26932	0
W	4817	450379	0
W	33240	59751	0
W	23294	80261	0
W	72305	11978	0
W	40786	2226	0
W	154905	3634	1
W	4819	672027	0
W	58184	41108	0
W	120756	4760	0
W	151252	3091	2
W	66227	68854	0
W	83035	88446	0
W	42038	7799	2
W	4821	20805	0
W	127936	772	0
W	159262	48458	0
W	21910	390	0
W	67582	17619	0
W	21553	103796	0
W	29627	291901	0
W	55104	41956	0
W	36513	49797	0
W	24803	36054	0
W	78474	64809	0
W	34789	10719	2
W	23256	24845	0
W	87481	89	0
W	63048	17188	0
W	48381	2397	0
W	64993	4061	0
W	61837	558	0
W	59479	215	0
W	125139	563	0
W	70345	399	0
W	44267	9516	3
W	71063	11582	0
W	65565	56353	3
W	26757	92238	0
W	69294	24362	0
W	43331	7357	0
W	4832	74319	0
W	30696	39643	4
W	71713	3795	0
W	39637	27308	0
W	54674	4261	0
W	4834	1300	0
W	42077	228150	0
W	162950	4200	0
W	75550	2047	0
W	72309	32708	0
W	77979	108308	0
W	122245	2911	0
W	72129	8820	0
W	49837	9581	0
W	62043	49196	0
W	32023	7966	0
W	56635	36818	0
W	55318	12259	1
W	55623	35349	0
W	20685	203881	0
W	69835	19188	0
W	55773	104097	3
W	104897	1025	0
W	79132	36421	0
W	4839	36152	4
W	65856	41285	4
W	78105	12370	0
W	4841	112136	0
W	61598	2028	0
W	115694	122	0
W	55537	40712	0
W	44743	5512	0
W	133474	19696	4
W	73400	31	0
W	69422	703	0
W	52812	77637	0
W	29628	4172	0
W	33067	191781	0
W	46378	21875	0
W	31038	399684	0
W	60638	7197	0
W	4851	320506	0
W	40006	50933	3
W	57967	65406	0
W	154648	749	0
W	93168	27309	0
W	40322	6437	0
W	28385	81339	0
W	47260	14595	4
W	70285	6930	0
W	59287	501	0
W	4855	29277	0
W	29752	4421	0
W	29040	82111	3
W	28401	24299	3
W	43509	71931	0
W	40372	95317	0
W	75392	82952	0
W	4858	16982	0
W	36622	1833	0
W	75268	3595	3
W	60480	15598	0
W	57855	16499	0
W	159724	473	2
W	66544	2680	0
W	33969	75487	0
W	54439	72171	0
W	77551	8298	0
W	22404	11093	0
W	22219	397410	0
W	70390	1736	0
W	36029	237795	4
W	4866	360993	5
W	76644	210362	0
W	67947	2220	2
W	20497	12543	0
W	21911	2241	5
W	61613	48588	0
W	32369	4173	0
W	4874	30799	0
W	72374	51740	0
W	38512	26533	0
W	127724	120	0
W	31039	222183	0
W	112698	4382	3
W	39826	29026	3
W	21912	601	0
W	4877	33243	2
W	21503	30534	0
W	4878	24232	5
W	4879	14747	0
W	112600	716	0
W	164452	1492	3
W	4881	962239	6
W	31948	509	0
W	68788	1172	0
W	144120	8446	0
W	37576	172467	0
W	39080	4286	2
W	4887	2311	0
W	61388	32764	3
W	4889	24821	0
W	38506	2472	0
W	69139	24946	0
W	72219	11211	0
W	60850	4036	3
W	44819	38382	0
W	4892	299	0
W	52910	38312	0
W	128269	8042	2
W	61848	81437	3
W	47866	19944	0
W	21145	29603	0
W	131329	3196	3
W	4895	89	0
W	4896	2228851	0
W	59869	139434	3
W	100169	5363	0
W	61661	1550	2
W	31857	78703	0
W	103333	1840	0
W	40284	8421	0
W	41189	40065	0
W	71850	7464	0
W	70157	10729	0
W	110019	2569	0
W	165944	377	1
W	58697	41523	0
W	36852	15254	0
W	47756	38458	0
W	98843	5467	0
W	163533	4451	2
W	30908	15813	0
W	4900	58274	0
W	75109	8140	0
W	4904	346	0
W	114056	6096	0
W	98142	8631	0
W	22459	349737	0
W	20289	840753	0
W	119198	1379	0
W	4905	439646	5
W	39424	8629	0
W	4908	100544	0
W	40127	60185	0
W	34668	122698	5
W	140858	1563	0
W	46867	5012	0
W	4910	8295	0
W	72469	7002	0
W	55143	51848	0
W	82862	2755	0
W	4914	24751	0
W	72681	96432	0
W	4918	15658	2
W	58641	91603	0
W	23214	257119	0
W	4919	634958	0
W	131616	1884	3
W	37024	2304	0
W	73765	740	0
W	30004	7422	0
W	71585	5417	0
W	68361	9216	0
W	40684	18855	0
W	47983	861	0
W	33179	75558	0
W	4924	3799	0
W	4925	8465	0
W	71816	2994	0
W	20333	42997	0
W	44342	26049	0
W	4929	134963	0
W	43188	48622	4
W	65910	27260	0
W	39141	45973	0
W	52177	5508	2
W	4932	1348	0
W	21085	13618	0
W	87064	4683	3
W	20557	10474	4
W	130348	423	0
W	107353	3278	0
W	61321	649	0
W	62133	5488	0
W	4937	4265	0
W	60253	186	0
W	78219	51106	0
W	4938	3269	0
W	4939	220280	0
W	77508	48165	0
W	69946	43916	3
W	66762	5065	0
W	28436	121863	0
W	20686	318305	5
W	4941	81572	0
W	36808	136545	4
W	44427	43608	0
W	74021	4457	0
W	20197	67237	3
W	42714	2019	0
W	112487	1088	0
W	50121	1341	0
W	127726	10014	0
W	100954	2188	0
W	167150	2971	0
W	51230	217330	0
W	101554	1461	0
W	22266	422670	0
W	41323	3335	0
W	4952	8926	0
W	29323	45803	0
W	50318	2288	0
W	4956	47423	4
W	4958	3393	0
W	4959	11173	0
W	23581	21912	0
W	43217	41213	0
W	4963	5048	0
W	35998	82849	0
W	80716	3293	0
W	21676	393519	0
W	37274	61646	0
W	21504	58814	0
W	66320	79610	0
W	90421	13208	0
W	70103	18937	0
W	86455	959	0
W	88704	3256	0
W	35269	1605	0
W	29751	493757	2
W	70361	3590	0
W	26277	80567	3
W	76012	2758	0
W	32231	53754	0
W	38628	10014	0
W	95011	6127	0
W	33760	573	0
W	4970	3881	0
W	21677	821835	0
W	80921	20740	0
W	37667	3221	0
W	60254	5307	0
W	65743	4413	3
W	58575	3639	1
W	144069	4268	0
W	166190	21	0
W	64003	16509	0
W	86094	5226	2
W	4973	14896	4
W	95729	17632	0
W	130226	3773	0
W	34710	249413	0
W	4976	45458	0
W	156169	7552	1
W	4977	35723	4
W	68137	4080	5
W	57571	14439	0
W	121537	29102	0
W	110258	4678	0
W	4982	125	0
W	35472	3194	0
W	79848	7113	0
W	55989	11166	0
W	61247	4281	0
W	4984	131136	0
W	74973	12341	0
W	53758	2917	2
W	71081	1302	2
W	68514	82049	0
W	50545	24147	0
W	108236	8008	0
W	39703	538	4
W	70585	31801	0
W	4988	368426	0
W	42940	3484	0
W	28465	8988	3
W	32391	52570	0
W	31244	66427	0
W	33897	27861	0
W	26536	46119	4
W	106048	1028	0
W	160445	410	0
W	81716	6666	0
W	54425	7144	0
W	60997	21537	0
W	78851	11987	0
W	66694	10548	0
W	43218	9092	0
W	32561	4027	0
W	24815	22874	0
W	49078	39508	0
W	128114	926	0
W	42184	7175	0
W	51014	44419	0
W	158540	163	4
W	31774	237810	0
W	20558	25294	0
W	84910	21125	0
W	59293	13482	0
W	118726	5140	0
W	127944	1993	0
W	53373	35682	0
W	89434	1055	0
W	59528	1101	0
W	28152	50973	0
W	32258	223233	0
W	67491	3238	0
W	5000	10633	0
W	89993	15378	0
W	62545	17122	0
W	40354	41753	3
W	38828	23092	0
W	5002	49167	0
W	33665	1050	2
W	38598	25529	0
W	49163	315234	0
W	42560	236159	0
W	30630	304915	5
W	85719	2917	3
W	72534	87	0
W	78064	50339	0
W	51780	47165	0
W	5005	22016	0
W	37176	204549	0
W	110741	1904	4
W	39858	13444	0
W	21395	72065	0
W	103408	5083	0
W	5008	17547	0
W	32324	9118	0
W	93144	49837	0
W	81302	14741	4
W	32097	3643	0
W	63970	6089	0
W	39638	2724	0
W	52431	9972	0
W	141846	2939	0
W	31040	34562	0
W	90061	2627	0
W	20334	72433	5
W	68797	16506	0
W	68088	1402	3
W	40844	38286	0
W	58819	6711	2
W	71492	678	2
W	42054	77187	0
W	32024	54314	0
W	126217	42	2
W	57768	72683	0
W	64228	53376	0
W	62291	3542	0
W	59395	1205	0
W	110281	4711	0
W	5027	167427	0
W	60639	34113	0
W	79061	24898	0
W	36030	187978	0
W	50807	8248	3
W	26638	46720	0
W	52537	7419	3
W	68299	17513	0
W	41887	3113	0
W	5028	321321	4
W	54822	4426	0
W	5030	5106	4
W	5031	18466	0
W	40456	5397	3
W	80588	77804	0
W	33524	86430	0
W	31056	1158	0
W	44806	24339	3
W	32518	36616	3
W	54954	10067	0
W	20448	15321	0
W	149673	395	0
W	22595	20534	0
W	77876	36985	0
W	44918	65653	0
W	160587	6322	0
W	5036	250213	0
W	100943	57712	0
W	33095	54367	0
W	5038	1383148	0
W	114666	547	4
W	146828	11761	0
W	5042	1055303	0
W	53594	62829	0
W	54659	5156	0
W	5043	6074893	0
W	77079	30346	0
W	5046	3940	0
W	157578	553	0
W	64075	7425	0
W	45123	61578	0
W	66030	96576	0
W	151041	1287	2
W	50737	11516	0
W	5048	358145	5
W	53275	13379	0
W	110568	4870	0
W	5050	2058	0
W	73456	4321	3
W	63237	44272	0
W	67161	7165	0
W	5051	30348	0
W	5054	7690	0
W	31333	2952	3
W	77134	33376	0
W	32615	13807	0
W	134914	3947	0
W	21736	160172	0
W	5059	3986	0
W	71725	19743	0
W	167311	103	0
W	59263	12606	0
W	133016	1361	0
W	5061	775	0
W	46956	7018	0
W	65051	80374	0
W	50172	253708	0
W	5062	650400	0
W	87990	4481	0
W	5063	1279279	5
W	90422	16424	0
W	75522	1311	0
W	49006	91	0
W	39167	11031	0
W	113487	4172	0
W	34831	100104	0
W	5066	2188	0
W	41617	5163	0
W	39353	11529	0
W	75662	1968	0
W	20231	338024	6
W	5071	719049	4
W	66479	39539	0
W	125140	4202	0
W	33582	4194	0
W	50906	19855	0
W	32098	29944	0
W	41767	9130	0
W	43851	112979	0
W	107691	400	0
W	79375	83826	0
W	112256	2768	0
W	91906	1604	0
W	22597	6924	3
W	5075	2141528	0
W	43230	4336	2
W	5077	2483646	6
W	122045	19733	0
W	35450	7311	3
W	5079	8056	0
W	52269	3729	0
W	63976	7553	0
W	49597	9074	0
W	45340	36236	0
W	107973	6616	0
W	25857	22583	0
W	33844	25599	0
W	24915	959335	4
W	68666	2698	0
W	107826	25288	0
W	32194	42182	4
W	57928	52336	0
W	65628	120799	0
W	44694	10417	0
W	40973	31746	0
W	21605	181882	0
W	40685	11680	0
W	34813	151583	0
W	55702	1130	0
W	5085	8056	3
W	20247	7188	3
W	121324	1006	0
W	72786	3707	0
W	87942	4996	0
W	48244	25811	0
W	55755	6330	0
W	126368	15332	0
W	144508	866	0
W	5090	3202	0
W	55538	60596	0
W	87172	460	0
W	63178	29638	5
W	158773	3174	5
W	127974	29825	2
W	37758	10495	0
W	38386	67582	0
W	67843	19909	0
W	57740	118122	0
W	119416	10112	3
W	136623	12802	0
W	160709	10	0
W	66470	58094	0
W	21146	309295	4
W	44552	69786	0
W	36699	17038	4
W	78065	14205	0
W	113116	68782	0
W	69956	22818	0
W	37150	376767	0
W	29805	1826	0
W	67559	64574	0
W	165418	21	2
W	77320	10922	0
W	68873	11047	0
W	44085	32667	0
W	5099	1378306	0
W	5102	4468978	0
W	26693	9245	0
W	70910	130123	0
W	91282	10751	0
W	74707	5160	0
W	78066	37758	0
W	49703	17498	0
W	5107	13029	0
W	106108	1555	0
W	51468	247568	4
W	107565	58447	0
W	5112	1229694	0
W	29281	53891	3
W	152015	20	0
W	5114	3897789	5
W	21554	22980	0
W	79788	3248	0
W	63342	893	0
W	57446	3990	0
W	40562	100108	0
W	26659	127564	0
W	49924	13168	0
W	63737	8864	0
W	43702	2180	0
W	42988	2795	0
W	5119	1075	0
W	123890	3637	0
W	101898	10153	2
W	132303	25397	3
W	46957	89425	0
W	54847	90	2
W	56821	128538	0
W	39523	2708	0
W	5121	255434	5
W	55364	32995	2
W	37730	71957	0
W	85005	9693	0
W	24874	8134	1
W	5123	24622	0
W	90558	2105	0
W	40355	8286	3
W	53143	31934	0
W	51304	4057	0
W	100206	958	0
W	5125	168665	0
W	22460	14920	0
W	5128	27276	0
W	5129	1151	0
W	145027	1310	1
W	103078	20283	3
W	29892	11143	0
W	61838	3791	0
W	5132	5067	0
W	145287	857	0
W	74274	5246	0
W	22922	745	0
W	74781	155903	0
W	51454	17910	0
W	48628	468	0
W	29629	1946	0
W	81611	16158	0
W	66670	18142	3
W	78107	30896	0
W	29169	20272	0
W	53899	72426	0
W	29780	32472	0
W	63224	1819	0
W	45075	53383	0
W	36265	327462	3
W	5139	12680	0
W	163283	969	2
W	5141	114013	0
W	102199	1385	0
W	61078	114002	5
W	53770	166	0
W	76855	56963	0
W	43141	28640	0
W	72978	4896	0
W	21215	58624	4
W	44675	21003	0
W	55757	21110	0
W	36168	2550	4
W	49282	69616	0
W	5150	7383	0
W	95887	91	0
W	131206	3348	0
W	45604	1740	4
W	5153	5841	0
W	77080	79436	0
W	43304	10724	0
W	86168	707	0
W	137624	17904	2
W	71359	43722	0
W	5154	5676	2
W	5155	1639	0
W	44469	7579	0
W	5157	1310349	5
W	21256	375187	5
W	37735	3675	0
W	139511	4454	0
W	32998	192436	0
W	65636	76487	0
W	47317	98	0
W	125146	12716	0
W	141590	3755	1
W	5164	97875	0
W	115639	5907	0
W	42434	29641	0
W	60569	41502	0
W	85371	6619	0
W	38841	36097	0
W	39607	37587	0
W	38018	5495	0
W	128104	3365	0
W	29932	3243	0
W	77056	95734	0
W	130281	10087	5
W	5169	305	0
W	108524	3642	0
W	68826	9676	0
W	77509	19467	0
W	5172	26097	0
W	41235	119478	0
W	132976	46971	3
W	161256	1569	1
W	110020	5742	0
W	79428	7487	3
W	118446	2117	0
W	49050	40212	0
W	63354	16958	0
W	42302	2213	0
W	5180	292882	3
W	50821	79833	0
W	36697	24889	4
W	69136	7394	0
W	136627	2385	0
W	127764	24782	0
W	63768	18854	0
W	52868	8888	0
W	155608	52429	0
W	20733	154171	3
W	66906	54151	0
W	22599	1062	3
W	61562	529	2
W	68478	11321	0
W	93853	179	0
W	56661	56744	0
W	69983	9539	0
W	69825	13341	0
W	71054	19567	0
W	74736	3194	0
W	54013	56233	0
W	94057	5591	0
W	72569	74312	0
W	47984	268	0
W	63699	15448	0
W	29170	13803	4
W	58873	6746	0
W	115640	18161	0
W	32312	15735	0
W	134915	67	1
W	69591	71862	0
W	5194	255210	5
W	48790	785	4
W	37095	202606	0
W	5198	24442	4
W	160447	95	0
W	33365	2764	0
W	45268	15254	0
W	118860	867	0
W	48791	355	0
W	49641	1830	4
W	70093	1168	4
W	113117	15944	0
W	109557	127	0
W	5205	60980	0
W	108376	16444	0
W	33061	90921	0
W	45823	50475	4
W	68960	6427	0
W	47337	128	0
W	50457	5017	0
W	163531	34	2
W	26382	9522	0
W	162187	264	3
W	40118	92510	0
W	20977	4634	0
W	144786	668	4
W	121989	425	0
W	63975	2667	0
W	57647	23668	0
W	33712	14314	3
W	54620	28324	0
W	66639	6534	0
W	5215	197163	5
W	54512	14812	0
W	119815	37867	0
W	5217	1285	0
W	45076	12825	0
W	5218	127681	5
W	26559	18290	3
W	72103	10962	0
W	79510	4083	0
W	40388	179018	0
W	73096	74454	0
W	64994	429	0
W	159285	7114	0
W	23126	36405	0
W	74194	55997	0
W	25694	3258	3
W	35168	113077	0
W	20889	29257	0
W	29806	12502	0
W	82647	3625	0
W	36592	23409	0
W	89253	449	0
W	103283	6155	0
W	83048	8863	0
W	5225	649715789	7
W	26776	75620	5
W	42275	270297	0
W	47735	13545	0
W	5227	81009	5
W	59237	13823	0
W	130122	24231	0
W	48792	10190	5
W	5231	12098	4
W	80496	8053	0
W	41139	3845	0
W	25931	90600	3
W	41115	9258	3
W	60770	10471	0
W	56662	14770	0
W	51089	15559	0
W	25932	79414	3
W	57079	46317	0
W	23295	49498	0
W	5234	15776	0
W	42846	3447	0
W	48176	2859	3
W	124836	108	0
W	60827	47347	2
W	112457	1864	0
W	5237	5456	0
W	36908	3761	0
W	5238	80352	0
W	151037	1639	0
W	5239	103916	0
W	29190	124274	0
W	165661	2887	3
W	38529	11711	0
W	106067	1421	0
W	122635	156	0
W	64042	4189	0
W	33878	95230	0
W	26694	8291	0
W	65791	8248	0
W	52661	1407	0
W	51671	6570	0
W	58028	13818	0
W	43969	2723	0
W	73090	23208	0
W	80856	26968	0
W	35344	31674	0
W	31171	11139	0
W	68574	55	0
W	5245	12059	0
W	40457	2105	1
W	34711	103027	0
W	5247	681163	0
W	75729	9284	0
W	58419	3479	0
W	66147	589	4
W	55174	41666	0
W	5249	8978	0
W	41984	14660	0
W	47279	33333	0
W	102060	110490	3
W	5254	292748	5
W	35270	6548	0
W	132575	25306	1
W	49653	5412	0
W	74120	1128	0
W	133961	181	0
W	39364	107302	0
W	36745	15984	4
W	75615	20389	0
W	122173	5091	0
W	49997	2411	0
W	52106	53542	2
W	55918	61865	0
W	129645	8792	0
W	95180	5726	0
W	36753	2320	1
W	108600	13233	0
W	36641	55487	0
W	73062	1681	0
W	67782	189385	0
W	28153	5533	0
W	79472	4145	0
W	82048	16345	0
W	5263	2694	4
W	32173	1542	0
W	52794	56584	0
W	157504	539	4
W	20890	3879	4
W	52270	17887	0
W	26755	2234	0
W	55286	141300	0
W	53922	60274	0
W	72982	33180	0
W	41658	7200	0
W	104839	14750	0
W	46064	9371	0
W	30469	1616	0
W	150711	827	1
W	30049	12147	3
W	5271	113562	0
W	38560	12894	0
W	42770	171219	0
W	68306	134992	0
W	63419	31752	0
W	5273	4384	0
W	71464	7041	0
W	5276	8229	0
W	103409	34216	0
W	83049	5326	0
W	40373	6613	0
W	48793	985	0
W	90363	464	0
W	29191	20623	0
W	5277	90257	5
W	5278	17505	0
W	40586	2073	0
W	5279	2521	0
W	22924	1570	0
W	79187	42310	0
W	63033	38655	0
W	49360	4889	3
W	52341	18127	2
W	77207	30391	0
W	112975	8858	0
W	136275	1180	0
W	63431	1639	3
W	60299	64284	3
W	52795	4684	0
W	117270	115995	0
W	5284	529	0
W	23197	323333	4
W	21505	5372	0
W	54976	16400	0
W	5287	20355397	7
W	43339	36959	0
W	47985	142	0
W	74548	13944	0
W	62148	60628	0
W	49798	55617	4
W	111781	663	0
W	62224	41015	0
W	5293	45081	0
W	76904	64269	4
W	51607	52932	0
W	5295	2049	0
W	29043	46922	0
W	48135	20278	0
W	45511	18035	0
W	145781	18	0
W	63399	562650	0
W	101386	554	0
W	68979	78	3
W	133072	2636	0
W	29983	22336	0
W	106970	37813	0
W	29324	283336	4
W	66100	15779	4
W	80873	10173	0
W	71017	3361	1
W	42917	428006	0
W	49926	2645	0
W	40787	6351	0
W	44813	31863	3
W	5300	120273	0
W	29807	483298	4
W	40641	22023	4
W	83050	13273	0
W	165421	136	0
W	32971	41281	3
W	56330	16160	0
W	38277	6607	0
W	22601	1361	0
W	44470	17123	0
W	49404	43336	0
W	72137	14844	0
W	164273	21097	3
W	62597	35987	3
W	72872	625	0
W	112350	1745	0
W	29270	57057	4
W	34669	25236	0
W	30672	94758	0
W	68533	47785	0
W	72689	1354	0
W	5311	2606	0
W	29297	48595	0
W	68004	2546	0
W	24875	2535	0
W	119762	424	0
W	39046	20522	0
W	38953	60972	4
W	5318	1270732	5
W	29608	52665	3
W	36715	44581	0
W	124759	26332	0
W	26646	436179	4
W	110259	4683	0
W	52869	5303	3
W	70586	333281	0
W	23215	645681	0
W	52911	3714	0
W	20922	20937	0
W	5320	19939	0
W	36503	296890	0
W	36045	13966	4
W	5321	1541	0
W	42599	5251	0
W	167528	118	3
W	58768	50769	0
W	5322	669925	0
W	26595	74369	0
W	21920	270700	6
W	74671	15187	0
W	5324	1337062	5
W	59592	186682	0
W	66862	6808	0
W	111693	1701	1
W	48794	965	4
W	96366	4251	0
W	81578	13321	0
W	5327	679	0
W	61736	67655	0
W	29781	251893	0
W	120502	1316	1
W	54238	12305	0
W	33970	1214	0
W	73755	3417	0
W	5329	2449586	6
W	73229	10279	0
W	22240	3198	0
W	106983	1935	0
W	93027	378	0
W	119047	88	0
W	5331	7349	0
W	49208	80389	0
W	42132	182536	0
W	116430	100447	0
W	20198	45612	0
W	82086	13582	0
W	44414	26487	0
W	32008	22285	0
W	50753	20339	0
W	93793	556	0
W	5334	1858	0
W	80848	70870	0
W	33068	47867	0
W	145932	884	0
W	51659	2451	0
W	71141	1225	0
W	85339	15308	0
W	49159	45880	0
W	127452	21	0
W	70272	809	0
W	143987	758	0
W	66796	8543	0
W	48325	58952	0
W	5339	3731	0
W	88626	18897	0
W	36088	23634	0
W	53634	30601	0
W	5340	140699	0
W	75704	35506	0
W	57942	41369	0
W	42989	10688	0
W	5342	19222	0
W	44136	23609	0
W	50888	153236	0
W	53672	109870	0
W	47013	34328	5
W	49233	25363	0
W	66313	70032	0
W	39847	9847	0
W	80438	12068	0
W	63054	784	0
W	32662	168423	0
W	51015	8508	0
W	36031	52871	0
W	49007	4955	4
W	145065	783	0
W	40686	3653	0
W	57784	5064	0
W	35509	6674	3
W	37218	17188	0
W	57682	11551	0
W	22354	305137	4
W	5354	3696	1
W	33138	51520	0
W	54891	29398	0
W	32999	71609	0
W	68292	25906	0
W	5355	8590	0
W	30510	162387	0
W	5356	27284	0
W	69584	2589	0
W	22602	120794	0
W	5357	19987	0
W	49483	10513	0
W	64473	2794	0
W	52011	48096	0
W	35710	69418	0
W	38364	9037	0
W	47192	394	0
W	46133	10903	3
W	57298	6845	0
W	37759	12303	0
W	35487	85826	0
W	57331	70513	0
W	125110	4574	0
W	65303	4449	0
W	33689	55897	0
W	5367	824	0
W	76587	658682	0
W	126887	11126	0
W	38996	40019	3
W	93908	16071	0
W	32935	14590	0
W	54701	6611	0
W	56300	2459	0
W	44435	6248	0
W	69524	5246	0
W	59238	112017	0
W	39544	129352	0
W	61872	2651	0
W	65279	249280	0
W	78698	24692	0
W	75319	1394	0
W	131376	25616	1
W	5374	41	0
W	68502	9381	0
W	5375	658	0
W	56543	262177	0
W	37035	606	0
W	99893	24599	0
W	31894	2767	4
W	66631	213844	0
W	129278	2331	3
W	65946	50943	0
W	141623	26929	3
W	66057	102371	0
W	143544	84	1
W	40940	12155	0
W	28122	8858	0
W	77845	71758	0
W	26261	14076	4
W	32628	222810	0
W	84262	18107	0
W	33713	40954	0
W	26596	30510	0
W	106984	9423	0
W	5381	1889	0
W	33593	11053	0
W	61381	12126	0
W	108746	41	0
W	43142	9412	0
W	49749	54366	2
W	135420	5792	0
W	71535	5148	0
W	77722	18775	0
W	80371	17236	0
W	62521	968	0
W	79188	8984	0
W	91521	146	0
W	152870	7145	1
W	5387	2481170	0
W	72665	23800	0
W	58918	293386	3
W	5388	1639	0
W	5389	7560	0
W	42435	28597	4
W	68182	10764	0
W	101887	26160	0
W	43832	4496	3
W	57198	4445	0
W	48041	5062	0
W	31949	720	0
W	39093	16408	0
W	118096	16056	0
W	5394	6682	0
W	160956	4970	1
W	5395	4899	0
W	37784	233168	0
W	21506	179339	0
W	60191	8236	0
W	5399	637322	0
W	68569	214334	4
W	72641	14117	0
W	93580	3817	0
W	124967	27885	0
W	110471	49570	0
W	55858	1117	0
W	29808	129679	0
W	35205	9134	0
W	33638	127539	4
W	69892	23444	0
W	58717	10728	0
W	127885	9057	0
W	54224	26303	4
W	65091	1123	0
W	51993	11739	0
W	72012	5507	0
W	5410	389944	0
W	47240	15794	0
W	76827	116451	0
W	24851	45446	0
W	136292	10012	0
W	5417	522701	0
W	5419	743029	5
W	21196	112395	5
W	41384	453641	0
W	59384	33687	0
W	5421	1307	2
W	57610	27065	0
W	123347	1862	0
W	123119	1772	0
W	74396	4330	0
W	50173	5111	0
W	65566	10086	3
W	53695	31970	0
W	23584	1591	0
W	41017	87135	0
W	5432	9166	0
W	148155	4498	1
W	37721	14123	2
W	48232	114	0
W	50527	16556	0
W	26342	43099	0
W	48713	1783	0
W	41126	22324	0
W	5435	1800	0
W	5436	11573	0
W	5437	3505249	6
W	58020	5263	4
W	44118	6538	0
W	40458	6654	2
W	87895	9505	0
W	134068	8380	0
W	63290	107733	0
W	50412	1270	0
W	60560	3327	0
W	5440	903470	0
W	56999	9949	3
W	36187	21765	0
W	121598	6639	0
W	126000	5278	0
W	74575	39562	0
W	166397	1826	1
W	5444	40559	5
W	38790	41090	3
W	101216	881	0
W	65848	1834	4
W	131951	7636	1
W	53906	5257	0
W	46974	13454	0
W	5446	339740	0
W	35392	60368	0
W	67637	33348	0
W	165576	2400	0
W	164712	1054	0
W	20891	25017	0
W	55903	43321	0
W	20386	40250	0
W	68636	36168	0
W	89747	7246	0
W	65590	23644	0
W	21417	236180	0
W	60136	310	1
W	39317	13289	0
W	30716	444595	0
W	5453	1108883	5
W	139758	394	0
W	5454	103254	0
W	102418	1925	0
W	31867	27584	5
W	22604	7041	4
W	54014	5197	1
W	41977	10542	4
W	55774	60969	0
W	120134	5858	0
W	43340	66249	3
W	71494	129	0
W	5463	582731	5
W	39689	709	4
W	127860	4572	2
W	31113	5938	4
W	65667	1870	0
W	21507	42936	0
W	128955	2869	0
W	128233	5199	3
W	87771	544	0
W	132314	512453	0
W	93205	5737	0
W	63677	9613	0
W	5467	21792	0
W	51516	10314	0
W	69867	79859	0
W	22605	347470	0
W	30615	9223	0
W	73967	17903	0
W	29282	10017	0
W	51726	61021	0
W	81451	8471	0
W	123032	557	0
W	52445	2497	1
W	41190	15028	0
W	5469	59360	5
W	36858	9157	0
W	51305	1724	0
W	46775	10901	0
W	49866	5042	0
W	31352	27101	0
W	60300	20955	0
W	42483	9833	0
W	135738	1632	0
W	31041	161328	0
W	122312	1192	0
W	52371	21459	3
W	5471	151338	0
W	70045	14066	0
W	32469	599	0
W	76414	362	0
W	71952	15357	0
W	140752	4875	5
W	38482	27404	0
W	69699	108	0
W	128824	446	0
W	65793	11114	1
W	34737	37497	0
W	167791	3578	0
W	80922	6278	0
W	20449	347318	5
W	58493	31491	0
W	66242	8435	0
W	68643	5413	0
W	69453	16304	0
W	147055	86207	4
W	39288	2298	0
W	128194	8105	0
W	66370	6058	3
W	39593	15889	0
W	143032	3772	3
W	71142	921	0
W	75307	8055	0
W	40881	114570	0
W	41730	440439	0
W	5479	628	0
W	162219	5	0
W	20199	286785	6
W	51534	1410	2
W	22926	7352	0
W	62047	5400	0
W	5483	3055	0
W	52652	44855	0
W	135840	20516	0
W	68162	738	0
W	35362	9943	4
W	35772	165766	0
W	56878	14772	0
W	71844	7935	0
W	33812	146817	0
W	146268	4640	0
W	60160	9672	0
W	99273	2905	0
W	112976	9342	0
W	106842	97	3
W	21317	5252	0
W	57968	8596	0
W	74516	5512	0
W	70920	803	3
W	72076	2500	0
W	113263	15616	0
W	5494	371	0
W	21924	33693	5
W	149775	442	0
W	74187	4964	0
W	127613	4464	0
W	78919	15957	0
W	5496	75771	3
W	38588	74670	0
W	60330	106770	0
W	55232	37820	4
W	43341	51821	0
W	68223	22897	0
W	94271	3796	0
W	143579	183	0
W	26824	9746	0
W	29326	47979	0
W	49511	5453	0
W	64021	48915	0
W	54032	25572	0
W	58012	4209	0
W	21024	10538	0
W	32493	12589	0
W	54577	202	0
W	5509	39253	2
W	130607	35	0
W	68380	15961	0
W	33525	1431	0
W	81841	6926	0
W	65579	506	0
W	5511	153217	0
W	33526	5851	0
W	81547	26224	0
W	50322	6229	0
W	5512	233061	0
W	44311	27970	0
W	5514	6514	0
W	60200	1467	4
W	47912	3025	4
W	49361	342	0
W	46934	4554	0
W	75419	12470	0
W	48881	428	0
W	37184	23159	3
W	47242	57472	0
W	47885	598285	0
W	142136	1599	0
W	23245	5504	3
W	32536	47520	2
W	35393	1518	0
W	83052	13516	0
W	81789	5181	0
W	130866	2747	3
W	20892	92652	0
W	5519	1592	3
W	73303	3904	3
W	5521	496721	0
W	5523	4534	3
W	42809	12507	0
W	5525	144501	0
W	5526	353178	0
W	77247	8423	0
W	5530	218041	0
W	37412	13438	0
W	23127	469653	0
W	44137	82430	0
W	43609	48116	3
W	74664	133857	0
W	39449	43867	0
W	43159	51993	0
W	38895	39740	4
W	111680	12618	0
W	61689	8166	0
W	71920	9656	3
W	5534	499577	3
W	5535	14325	0
W	75470	297	3
W	67049	312	2
W	21147	61887	3
W	5538	1713	0
W	5539	94	0
W	101072	618	0
W	5542	40129	0
W	160281	364	0
W	45032	7168	4
W	51306	26784	0
W	114983	20924	0
W	39168	42867	4
W	104953	1523	0
W	5544	59064	0
W	49839	17440	4
W	72769	41217	0
W	92092	1845	0
W	64093	52980	0
W	64826	42823	0
W	80874	10811	2
W	88035	1183	0
W	75489	2065	0
W	50703	10275	0
W	162719	1404	0
W	151927	1039	2
W	139450	1167	1
W	153240	971	1
W	127830	2011	0
W	58312	11082	0
W	71863	56607	0
W	33393	13423	0
W	145569	26171	0
W	75606	1822	0
W	65488	3119	3
W	5554	5344	0
W	36419	59915	0
W	67817	6000	0
W	107692	8143	0
W	127977	55704	3
W	63859	242914	0
W	37467	40974	0
W	60384	4024	0
W	5562	3400	0
W	51963	27421	0
W	28294	103908	0
W	138225	9254	3
W	52179	16679	0
W	44379	17787	0
W	5571	2857724	6
W	71463	13928	0
W	22309	160067	5
W	54892	513078	0
W	57373	2790	1
W	72369	7722	0
W	23326	1201	0
W	140854	215	0
W	5575	859	0
W	47177	2140	0
W	81769	8468	0
W	23246	5051	3
W	5576	425	0
W	5578	59	0
W	75635	8742	0
W	94749	22667	0
W	109593	12220	0
W	5580	298787	0
W	157508	23	0
W	35411	1107	0
W	5584	133322	3
W	31354	91503	0
W	21792	546769	0
W	5585	3883	4
W	135766	10334	0
W	5587	222679	4
W	58566	35758	0
W	60481	1286	0
W	50102	126634	0
W	75552	27175	0
W	71278	7009	0
W	44352	34958	0
W	52320	8629	0
W	106843	344	4
W	138895	1044	2
W	5592	2157099	0
W	148017	3300	1
W	110336	4356	2
W	21766	54798	0
W	115963	17481	0
W	41618	100764	0
W	5594	18192	0
W	69049	3473	3
W	69909	5378	0
W	114390	9671	0
W	62720	4885	2
W	23395	311	0
W	5595	23507	0
W	68884	402	0
W	65580	3509	2
W	42021	79765	0
W	64477	82730	0
W	67360	2008	0
W	22461	102918	5
W	40415	15384	0
W	160848	8	0
W	122015	20853	0
W	74882	5743	0
W	5602	6456	0
W	26561	23172	0
W	77673	26207	0
W	32313	13122	0
W	66857	3715	0
W	80072	11006	3
W	5609	3057	0
W	81244	5454	0
W	5612	21807	0
W	58758	34612	0
W	55957	3356	1
W	46577	18398	0
W	38246	23547	4
W	51415	9889	0
W	5616	42	0
W	53785	57171	0
W	41325	92103	0
W	25688	45252	0
W	76988	66720	0
W	58799	19665	0
W	38033	15421	0
W	21737	67322	0
W	5619	174779	0
W	29877	14939	3
W	64353	15504	0
W	81920	7842	0
W	49194	4943	0
W	70508	10464	0
W	52205	6964	0
W	65684	100110	2
W	56137	2776	0
W	74064	55129	0
W	50071	3330	3
W	22406	92284	0
W	21926	939	0
W	46830	429999	0
W	5630	501229	0
W	75290	102664	0
W	29852	47775	4
W	20218	47582	4
W	40915	82650	0
W	68923	1608	0
W	62454	17161	0
W	128120	1509	3
W	56765	131845	0
W	5636	461138	0
W	86644	15824	0
W	25782	157850	2
W	59870	15321	0
W	65104	38579	0
W	76088	10652	0
W	60570	15527	0
W	36663	36556	5
W	36939	35288	0
W	60501	22530	0
W	35453	28138	0
W	39827	177378	0
W	141367	736	0
W	72295	2533	0
W	21793	13473	0
W	128063	3512	1
W	60998	84241	0
W	20499	61815	0
W	42693	56156	0
W	55840	1222	0
W	82343	55737	0
W	29052	1681	0
W	31923	35415	2
W	5642	1129275	6
W	5643	87536	0
W	5644	3240	3
W	5646	136269	0
W	159260	2288	2
W	56450	520	0
W	60640	69152	4
W	41291	21552	0
W	50216	3218	0
W	111681	17964	0
W	63557	947	0
W	5650	44951	0
W	5651	5751	0
W	128309	68	0
W	56837	15257	0
W	58335	30170	0
W	162958	22637	2
W	54690	1264	0
W	5653	4187	0
W	31745	8799	0
W	36234	118909	4
W	75206	1233	0
W	69110	25168	0
W	5655	279967	6
W	108505	12282	0
W	77581	29477	0
W	70840	33295	3
W	5659	121435	0
W	83511	1572	0
W	30631	67507	0
W	53923	9608	0
W	43565	4045	0
W	89835	1107	0
W	166636	1	3
W	79567	3063	0
W	21508	4409	0
W	21087	57641	3
W	5662	1854338	0
W	30717	14353	0
W	47828	22996	4
W	20290	114285	4
W	37413	392183	0
W	20560	26270	0
W	68347	5940	0
W	82650	1154	0
W	46997	5289	0
W	67895	33	0
W	5664	18927	1
W	110558	22653	0
W	115364	1771	3
W	48468	3757	3
W	39874	71406	4
W	36909	6575	0
W	52501	1680	1
W	64659	11044	5
W	52813	9165	0
W	55032	82757	0
W	38451	150615	0
W	59435	40133	0
W	127855	3907	3
W	66228	25329	0
W	121709	1000	1
W	63156	52280	4
W	26825	33396	4
W	36346	9094	0
W	75645	35308	0
W	88998	14271	0
W	103284	9226	0
W	5670	1086521	5
W	59678	9518	0
W	67543	108457	0
W	55958	2591	0
W	66241	51816	0
W	59881	756	0
W	149353	78	0
W	124188	9139	0
W	76758	134293	0
W	5675	1927184	0
W	127893	2023	2
W	5676	100079	0
W	5677	138304	0
W	35999	4803	0
W	48267	113325	0
W	51535	10782	0
W	128096	529	0
W	23257	171093	5
W	97316	518	0
W	68895	20118	0
W	5680	633559	0
W	5681	31097	0
W	5682	3805	0
W	58199	39572	0
W	132828	3371	2
W	5685	6278	0
W	30486	150364	0
W	38814	243328	0
W	58791	15165	0
W	134673	7868	0
W	5687	387	0
W	127800	98	0
W	130230	4628	0
W	5690	933712	0
W	20335	178579	0
W	78619	55813	0
W	128327	25109	0
W	66624	9975	3
W	65947	25315	3
W	66288	1094	2
W	5691	83465	4
W	28386	22507	4
W	20291	10325	5
W	75404	2378	0
W	36537	21703	0
W	39558	58048	0
W	72503	1184	4
W	29078	73291	5
W	68300	1442	0
W	111757	949	0
W	5694	804434	5
W	5696	22389140	7
W	64087	27377	0
W	41146	16328	0
W	73386	81170	0
W	33690	344824	0
W	39942	58920	3
W	109148	1557	0
W	44658	10091	0
W	57549	29065	0
W	43638	5857	0
W	33434	23303	0
W	62204	17646	0
W	74241	6250	0
W	53402	5813	2
W	21707	96321	0
W	20663	12866	4
W	122046	8183	0
W	5699	1546	3
W	44471	203776	3
W	36420	31500	0
W	30718	90553	0
W	104251	38129	0
W	58171	42	4
W	21418	78697	0
W	5703	147018	0
W	49051	20888	4
W	62863	41191	0
W	49547	182267	0
W	74446	4196	0
W	25806	19622	0
W	135342	1037	1
W	72056	193	3
W	67850	415	0
W	5709	16	0
W	35750	74486	0
W	5712	4158	0
W	31804	20679	0
W	32616	163915	0
W	55347	47400	0
W	121116	2000	0
W	55869	10168	0
W	40323	22631	0
W	5713	41046	0
W	25695	239569	4
W	5718	257797	0
W	54397	984	2
W	56879	60860	0
W	38301	86516	0
W	142630	9153	0
W	55205	66895	0
W	29916	6119	0
W	58688	365620	0
W	25758	42630	0
W	87376	6603	0
W	34738	44752	0
W	58463	2270	0
W	156840	371891	0
W	32136	261493	5
W	5721	485053	0
W	48795	64580	6
W	37572	4154	0
W	54340	22346	0
W	21025	58426	0
W	65557	513	0
W	56991	4865	0
W	5725	57688	0
W	60641	4161	0
W	56451	4504	0
W	106595	1637	0
W	83053	35576	0
W	165416	4220	2
W	67062	30931	0
W	23296	32186	2
W	20978	170238	4
W	56171	72977	0
W	48604	28183	0
W	66026	65904	3
W	76905	192626	0
W	120757	9866	0
W	125777	2121	0
W	58359	69353	0
W	72082	8496	0
W	25933	18319	0
W	83086	5738	0
W	50582	11916	0
W	137927	20	0
W	51209	64922	0
W	110056	18237	0
W	5730	1251735	5
W	5732	421910	5
W	5733	174335	0
W	52503	188969	0
W	71145	20777	4
W	5736	236149	0
W	63810	62687	0
W	50704	1365	0
W	87041	25798	0
W	126050	1315	2
W	33666	3525	0
W	66071	35412	0
W	74954	5986	2
W	5739	521381	4
W	24993	1282	4
W	117283	1529	0
W	122133	586	0
W	53994	39197	0
W	88273	22242	0
W	52479	1404	0
W	75184	659	0
W	142366	1997	0
W	37488	50737	0
W	133405	39588	0
W	97809	11940	0
W	5746	1647	0
W	5747	15726	0
W	162130	763	3
W	55665	20085	0
W	100663	6281	0
W	66122	719	0
W	33862	17059	0
W	52638	584	2
W	46492	50369	0
W	20450	4858	0
W	5752	1003	0
W	75478	119226	0
W	5754	4233558	0
W	155529	357	0
W	35169	60454	0
W	109733	10671	0
W	28108	4739	0
W	21026	17580	0
W	74955	11289	4
W	75578	5986	0
W	83146	2201	0
W	161908	183	0
W	75791	9279	2
W	56805	84909	0
W	5756	60573	0
W	53145	172887	0
W	78955	10817	0
W	38561	19077	0
W	5759	9871	2
W	5760	30267396	0
W	93206	18664	0
W	5763	50523	0
W	134380	2558	1
W	53228	22070	0
W	49840	25150	0
W	22928	39966	0
W	5766	207991	0
W	5769	2419913	5
W	89748	6270	0
W	100170	1504	0
W	22154	1622	0
W	71324	14541	0
W	62548	11805	0
W	5770	11951	0
W	129674	4330	0
W	40157	69157	0
W	41220	2334	0
W	42847	968	0
W	91969	1100	0
W	23586	177	0
W	54015	19432	0
W	36308	1797	0
W	52720	173198	0
W	26597	26191	0
W	51041	11621	0
W	41236	185863	0
W	73941	2822	3
W	30050	2716	0
W	115337	6570	0
W	87424	2341	0
W	89032	3741	0
W	121377	3584	0
W	53316	20743	5
W	5776	116076	0
W	125149	2064	0
W	72914	758	0
W	5779	630360	1
W	57340	4655	0
W	39298	62444	0
W	149454	7406	2
W	68436	49916	4
W	22310	171683	2
W	43219	258421	0
W	87773	1362	0
W	36736	103945	0
W	20219	40437	4
W	5787	160723	0
W	5788	34452	5
W	35140	14826	0
W	67031	7029	0
W	77384	35637	0
W	107333	21971	0
W	20979	31766	2
W	161035	2072	4
W	20200	78139	0
W	118469	1560	0
W	26526	194184	5
W	59074	17269	0
W	63250	39787	0
W	25759	25770	0
W	54363	7590	0
W	40417	18706	0
W	47529	4786	0
W	45262	30434	0
W	91970	1696	0
W	63592	52307	0
W	39169	7319	2
W	107573	4068	0
W	71748	1595	0
W	56355	24988	0
W	31355	57973	0
W	52707	8680	0
W	36631	4014	0
W	39690	4003	0
W	23216	59092	0
W	23297	2233	0
W	68573	24332	0
W	42243	16998	0
W	5798	111109	5
W	38629	828	0
W	22929	109	0
W	5799	61877	0
W	5800	31259	3
W	90679	336	0
W	41554	24926	0
W	82388	8772	0
W	120456	2054	0
W	38034	63313	0
W	71855	4573	0
W	115695	6939	0
W	78233	30596	0
W	5802	646550	3
W	74897	7673	0
W	42721	34744	0
W	26278	17799	0
W	33241	88108	0
W	57000	46922	0
W	34604	26718	4
W	45824	119618	5
W	90481	3114	0
W	37739	2882	0
W	5813	936987	0
W	25807	10249	0
W	145715	4273	1
W	123413	12687	0
W	36700	6094	0
W	95747	18829	3
W	5818	181	1
W	46493	10324	2
W	5821	2157	0
W	42648	8636	0
W	134878	11000	2
W	49654	39425	0
W	21927	10978	0
W	40689	433	0
W	25729	56016	0
W	5825	1127847	6
W	61927	23437	0
W	64950	403	0
W	5829	231814	4
W	5830	94239	0
W	156158	24495	0
W	31124	94962	0
W	61008	17083	5
W	133108	2594	0
W	49116	71728	0
W	5834	1248122	5
W	53673	11946	0
W	43231	3827	0
W	140380	5249	2
W	5837	229964	0
W	107819	25164	0
W	161292	3460	0
W	5839	49631	2
W	101888	14550	0
W	34739	4838	0
W	22267	84844	0
W	131036	41433	0
W	64697	2242	0
W	115507	26595	0
W	5841	28679	2
W	56318	55063	0
W	69331	9272	3
W	61087	96452	4
W	39875	7925	0
W	59265	48724	0
W	48480	303989	0
W	5843	7720	2
W	70841	2133	0
W	60161	10076	0
W	49164	34926	0
W	130935	621	0
W	59924	20373	0
W	58693	121329	0
W	51536	4554	0
W	75062	2723	0
W	42953	2337	0
W	49504	52236	0
W	56216	859	0
W	32494	30262	2
W	22612	33980	3
W	48656	78	0
W	55206	46883	0
W	76888	148386	4
W	25877	82907	0
W	5852	204710	5
W	43389	85136	0
W	75188	122	0
W	91692	2107	0
W	23217	75840	0
W	74491	123501	0
W	45512	81306	0
W	61711	782	0
W	5855	4843	1
W	5856	1901175	0
W	55775	170484	0
W	137835	1894	3
W	59593	33827	0
W	56332	27996	0
W	166557	23	2
W	21928	3931	4
W	71351	105602	0
W	127554	121	0
W	63479	6368	3
W	37836	120482	0
W	58242	28045	0
W	55033	15562	0
W	38004	18155	0
W	5864	550448	0
W	21606	137388	0
W	74137	81005	0
W	130370	747	0
W	5866	2451	0
W	38661	33389	0
W	31868	9098	3
W	70954	1262	0
W	48326	38814	0
W	51917	4580	0
W	71960	45565	0
W	69308	1563	3
W	37661	8198	0
W	60916	65713	0
W	33001	10220	0
W	127780	9143	2
W	111310	3189	0
W	41565	347190	3
W	100030	545	0
W	5870	822313	0
W	75464	7332	0
W	125466	637	0
W	5876	35620	0
W	77365	30644	0
W	74640	12434	0
W	148315	48	0
W	68624	558	0
W	5878	599747	0
W	39072	19061	0
W	69171	4238	0
W	44563	79885	0
W	106166	272	0
W	5881	12764	0
W	65998	18223	0
W	41160	1564	0
W	26562	240899	0
W	129379	2	0
W	5882	5519	3
W	35473	48472	0
W	5883	2871	2
W	120853	1555	0
W	118255	7353	0
W	20734	32059	5
W	33156	7697	0
W	5885	2747	0
W	36746	727339	0
W	42523	1730	0
W	75456	11702	0
W	160936	3	0
W	5886	73382	3
W	56563	237	0
W	40604	71360	0
W	60708	2096	0
W	32370	172101	3
W	5888	147234	0
W	52271	1904	0
W	70630	12968	0
W	66797	1258	2
W	43532	764	0
W	97810	25543	0
W	55937	12816	0
W	66445	29475	0
W	5892	757623	4
W	41566	9785	0
W	60805	565	0
W	38452	44721	0
W	73995	3911	0
W	21197	2497	3
W	71783	1248	0
W	49704	12737	0
W	166920	1955	0
W	46598	5656	0
W	44244	1534	0
W	38302	518659	3
W	52981	19243	0
W	69174	9755	4
W	5898	125862504	7
W	73527	1141	0
W	111320	279	0
W	35568	100829	0
W	126033	2559	0
W	28437	13171	0
W	152578	2026	3
W	85472	3300	0
W	59491	49405	1
W	100235	920	0
W	111249	287	0
W	42407	31434	2
W	35141	99747	0
W	36766	54884	3
W	41604	93552	0
W	5905	833156	0
W	131274	2698	0
W	5906	98746	4
W	102252	355	0
W	61681	22673	0
W	138413	1539	0
W	111192	17693	0
W	94897	1198	0
W	56945	2402	0
W	20636	158139	5
W	131031	708	0
W	128455	831	0
W	134667	4317	0
W	93543	87435	0
W	5909	18734	0
W	68035	1038	0
W	55000	102	0
W	31775	86474	0
W	73131	83344	0
W	59700	47767	0
W	113905	10145	0
W	38696	43253	0
W	50459	29566	0
W	5912	588006	0
W	127925	972	0
W	5913	84086	0
W	56030	732	1
W	39737	50093	0
W	126182	1614	0
W	5915	10486	0
W	125351	25459	0
W	50687	13606	0
W	55919	126298	0
W	28228	10011	0
W	5917	8598	0
W	52662	143563	0
W	32371	179324	0
W	49998	6186	0
W	46147	116056	5
W	37837	9109	0
W	66910	33398	4
W	124392	723	0
W	20811	4341	4
W	111210	5400	0
W	55093	5543	0
W	5922	4377325	0
W	54823	36908	0
W	104172	3150	0
W	31114	79535	0
W	5923	227966	0
W	49065	52167	0
W	125352	1400	0
W	71003	298262	0
W	61117	74532	0
W	71219	4547	0
W	31710	14056	0
W	22462	127201	3
W	52770	50418	0
W	5927	26053	0
W	5928	10928	0
W	67310	8618	0
W	29079	6556	2
W	38977	140248	0
W	81876	4168	0
W	83706	5262	0
W	21450	62173	2
W	67376	10283	0
W	5930	3449	0
W	20336	36762	0
W	58588	19589	0
W	56521	16199	0
W	53027	11505	0
W	133435	1879	0
W	29080	82344	0
W	60642	25886	0
W	126948	4926	0
W	5935	1569	0
W	39101	3286	1
W	117128	815	0
W	146759	1108	0
W	57726	102362	0
W	22613	34165	0
W	36988	56455	0
W	62620	11654	0
W	69532	340	3
W	77981	15791	0
W	35712	27208	0
W	22242	78450	4
W	33566	129017	0
W	95535	4040	2
W	71970	2132	0
W	52871	13463	0
W	81770	20387	0
W	5938	203549	0
W	133631	73029	0
W	65223	13642	0
W	46808	10042	0
W	110787	3497	1
W	55884	20729	0
W	22614	3452	3
W	20500	95555	4
W	69938	51743	0
W	119676	1910	1
W	5941	19235	0
W	83512	10585	0
W	85270	7312	0
W	80770	4113	0
W	74666	1118	0
W	37160	96967	3
W	41161	946	0
W	5947	368380	0
W	64199	9272	2
W	42161	34142	0
W	93968	6245	0
W	5948	76138	0
W	32026	167621	0
W	120653	921	0
W	42843	3926	0
W	136527	6623	3
W	94424	1302	0
W	5954	1162463	6
W	47537	8326	0
W	157509	263	3
W	5957	2421	0
W	72751	36070	0
W	102419	3472	0
W	91738	12299	0
W	39221	3431	0
W	130286	626	0
W	57573	29545	0
W	88651	17970	0
W	93250	1489	0
W	76695	147877	0
W	36993	66395	0
W	167265	112	3
W	5960	382672	5
W	36809	21128	0
W	135208	2088	3
W	42426	201850	0
W	64605	3247	1
W	35173	168534	3
W	104280	14384	1
W	61880	14831	0
W	129990	225	3
W	51223	60371	0
W	35990	202104	0
W	82412	6124	0
W	67356	1247	3
W	63881	34631	0
W	5964	46434	0
W	32663	43537	0
W	55172	11388	4
W	61286	88348	0
W	31821	9410	0
W	55624	17442	0
W	5968	427	0
W	69443	167043	0
W	63394	19906	0
W	37076	87097	0
W	36106	140315	4
W	64052	27894	0
W	30668	54094	4
W	72651	7155	0
W	30632	17310	3
W	39206	625	0
W	44744	45815	0
W	130704	16602	0
W	69998	3672	0
W	75544	9025	0
W	5971	111	0
W	60467	2193	0
W	56459	761	4
W	51269	41062	3
W	5972	3515	0
W	115685	9783	0
W	35276	100730	0
W	72523	13658	0
W	123465	1312	1
W	55870	33095	0
W	69259	37933	0
W	36792	1035	0
W	35188	128655	0
W	5978	143844	0
W	38484	4260	2
W	118801	3881	0
W	119433	4966	0
W	44647	32354	0
W	43610	34356	0
W	26803	3028	0
W	38485	5541	0
W	5984	110652	2
W	55145	88670	0
W	78108	26371	0
W	72645	80449	0
W	21738	3900	4
W	51210	7606	0
W	156172	608	0
W	5985	825	0
W	60201	71980	0
W	67392	8948	0
W	38531	65759	0
W	66944	52527	0
W	5988	3710	0
W	53028	101683	0
W	49160	19744	0
W	61707	1297	0
W	136168	1245	0
W	48797	527	3
W	5992	150601	0
W	115671	11129	4
W	95428	13952	0
W	5993	1263358	0
W	145442	52969	0
W	97403	34365	0
W	5997	547767	0
W	144190	92	0
W	53277	44906	0
W	31320	77281	0
W	55186	21697	0
W	69491	13431	0
W	91848	2359	0
W	6001	4491	0
W	121963	18606	0
W	33500	29916	0
W	165981	1177	1
W	31746	119806	2
W	64989	5357	0
W	63536	17585	0
W	62382	4465	0
W	6004	2019562	0
W	6005	5247260	7
W	39142	32709	0
W	96100	3997	0
W	43703	7013	0
W	76965	61934	0
W	6008	2676248	6
W	42022	154742	0
W	77251	115466	0
W	20951	21102	1
W	6014	429321	5
W	130196	7154	0
W	6015	4478318	6
W	64189	20880	0
W	74404	37611	2
W	71714	10440	0
W	58420	33604	0
W	6019	51221	0
W	6020	380166	5
W	32519	47374	3
W	111787	40	0
W	48191	13651	4
W	37692	12035	0
W	127765	2169	0
W	58040	19249	0
W	58647	110897	3
W	102162	1393	0
W	85970	473	0
W	62486	3288	1
W	108468	289	0
W	21362	209441	0
W	40690	81838	0
W	85316	100365	0
W	52620	91015	0
W	20337	92909	0
W	6025	41126	0
W	127945	2444	0
W	37560	71767	3
W	6027	95036	0
W	6028	6658	0
W	38365	19674	5
W	42871	12141	3
W	55064	215440	0
W	115666	22634	6
W	23218	568804	4
W	85843	3155	0
W	53815	2516	0
W	63152	30425	0
W	26762	1697	2
W	51941	6883	0
W	6032	1484	0
W	90997	526	0
W	42267	17097	0
W	32537	54179	3
W	6037	233827	5
W	47736	25050	0
W	52342	954	3
W	6039	93	1
W	46639	16224	0
W	41399	31096	0
W	32393	445698	0
W	55517	162	0
W	108683	40123	0
W	48136	41015	0
W	33691	152424	0
W	57839	2066	0
W	6043	335300	0
W	6044	499483	0
W	6045	1801	0
W	53204	1120	0
W	26265	38035	4
W	127950	45869	0
W	21451	7046	0
W	60338	72175	0
W	41300	10733	4
W	6049	5899	0
W	71953	1945	0
W	32099	12615	0
W	79662	58186	0
W	69389	11847	0
W	39477	2217	2
W	32449	19630	0
W	96625	3087	0
W	63938	46580	0
W	6053	223022	0
W	6055	187737	0
W	44278	5181	0
W	135278	4079	0
W	43939	8258	0
W	54534	5914	0
W	6058	21687	0
W	35488	49173	5
W	32174	29762	0
W	59610	165333	0
W	70877	774	3
W	109111	14860	1
W	118068	701	0
W	67429	21203	0
W	28403	100696	0
W	59101	41272	1
W	117558	4583	0
W	61993	2018	0
W	21257	98300	0
W	149276	2056	3
W	114165	1395	0
W	6070	162933	5
W	34722	64968	0
W	68933	76127	0
W	6072	949568	0
W	72744	25102	0
W	6074	1130957	5
W	42632	20975	0
W	35489	5787	4
W	119012	1704	0
W	37059	63917	0
W	38664	42928	0
W	54256	27702	0
W	126074	9415	0
W	130275	3888	0
W	61849	614	0
W	51929	243	2
W	44508	28717	4
W	55776	40412	0
W	81454	5430	2
W	6080	1700	0
W	36097	99347	0
W	22356	30714	0
W	120675	5498	0
W	6083	3631	0
W	22615	4432	0
W	36677	9578	0
W	21795	374154	0
W	57201	19394	0
W	114343	17742	0
W	39639	36272	0
W	6086	68071	0
W	91972	1307	0
W	54303	14807	0
W	54432	277004	0
W	49046	12322	0
W	56636	5832	3
W	36581	81735	0
W	132307	2861	0
W	151497	4716	0
W	31172	155919	0
W	74785	41720	6
W	79156	34866	0
W	52913	605	0
W	121094	1820	0
W	46077	12714	2
W	6089	26909	0
W	110642	542	0
W	25832	1291	4
W	125515	5323	0
W	38468	86116	0
W	23128	104216	4
W	100955	1059	0
W	6093	3484797	0
W	56235	25834	4
W	64629	21926	4
W	74290	12986	0
W	63257	650	4
W	50755	7531	0
W	35412	2002	0
W	122843	7765	0
W	20980	30570	4
W	156538	76	2
W	37829	52984	3
W	67844	7364	0
W	6098	40282	0
W	57137	3306	0
W	6099	2041	0
W	37518	30419	0
W	35461	225402	0
W	38562	5534	2
W	72050	2043	0
W	29828	742	0
W	35277	52990	0
W	120854	7605	0
W	45797	76111	2
W	6101	138603	0
W	32346	60739	0
W	21363	121944	4
W	159871	10212	4
W	75145	20882	2
W	161232	10115	2
W	34277	1832	0
W	121678	1451	2
W	62970	8578	5
W	6106	27271	0
W	45145	59021	0
W	21708	134338	0
W	6110	928371	6
W	6111	3716	0
W	42276	451230	0
W	108588	122069	0
W	82022	15465	0
W	39143	413315	0
W	21509	7671	4
W	30525	11025	0
W	55287	29898	0
W	49010	740	0
W	41162	3072	0
W	101128	1784	0
W	38486	980	0
W	6115	90527	0
W	65346	11603	0
W	36367	301	0
W	65255	126	0
W	60192	11908	0
W	39318	4076	0
W	76761	190154	0
W	6120	846	0
W	6121	240707	0
W	6123	349579	0
W	6125	989	0
W	119816	5690	0
W	6126	371378	4
W	65351	33302	0
W	35761	4414	0
W	81247	9382	0
W	36089	20233	0
W	141232	88	2
W	22616	829	0
W	83337	521	0
W	119527	102004	0
W	112492	787	0
W	71752	4163	0
W	44979	981	0
W	80925	15698	0
W	49452	22555	3
W	6127	1386768	0
W	55187	5523	3
W	41627	14813	0
W	127849	7677	0
W	20851	112417	5
W	42120	227338	0
W	6131	492869	5
W	121378	15275	0
W	6132	23891	0
W	6133	752737	4
W	6134	948	0
W	39717	22892	0
W	123110	64320	0
W	57061	174	0
W	46599	3592	0
W	6137	22116	0
W	64409	13119	0
W	136011	1367	1
W	6138	1179	0
W	76828	33910	1
W	57840	63592	0
W	49829	14184	0
W	45118	7147	0
W	99894	33221	0
W	40319	22747	0
W	6144	861	0
W	109359	9759	0
W	66008	10682	0
W	62981	46109	0
W	153210	104	4
W	52384	31275	4
W	20893	2647	0
W	53924	4701	0
W	34712	124841	0
W	114834	10453	0
W	6151	787467	0
W	73387	1075	0
W	20501	140542	3
W	21088	2099	0
W	6157	23336	0
W	86304	9604	0
W	111682	10275	0
W	6160	184357	4
W	91617	43280	0
W	73524	407	0
W	112522	26827	0
W	57988	152725	0
W	81357	7563	0
W	39437	6014	0
W	6162	4065	0
W	6163	25049	4
W	43122	33253	0
W	41527	6423	4
W	100699	10037	0
W	44631	7850	0
W	33409	3796	0
W	68548	2613	0
W	6165	3681840	5
W	24804	71661	4
W	75168	1813	0
W	73816	910	0
W	67088	221319	0
W	146267	577	0
W	6167	2549190	6
W	6170	2223	0
W	54304	72532	0
W	43580	2416	0
W	56937	6202	0
W	6173	169205	0
W	66663	5436	0
W	31215	35905	0
W	130241	1912	0
W	102253	686	0
W	42359	92745	0
W	33658	48088	0
W	75235	182	0
W	43367	29732	0
W	34740	113915	0
W	43611	67053	0
W	42471	8349	0
W	75586	589	0
W	113408	11122	0
W	75157	554	0
W	59545	68200	4
W	46367	14646	0
W	26647	11002	0
W	54461	305	3
W	6179	372708	4
W	31134	16480	0
W	58070	8672	0
W	6180	83026	0
W	38366	23877	4
W	128191	1286	0
W	6183	31029	0
W	124532	11176	0
W	80927	19876	0
W	151277	1715	0
W	59969	527	0
W	20451	5488	0
W	6188	20331	0
W	22933	9246	0
W	47987	153158	0
W	25878	93089	0
W	29148	83099	0
W	93300	7166	0
W	6193	2785	4
W	68254	5040	0
W	43515	25036	0
W	6195	1988813	6
W	62156	2183	0
W	69178	7262	0
W	22618	749	0
W	142387	134	0
W	26754	2318	3
W	6197	501624	0
W	75216	43398	0
W	31747	1993	0
W	63446	1707	0
W	106214	1523	0
W	30037	24517	0
W	115686	253	0
W	162190	13764	3
W	6210	89884	0
W	65615	51663	0
W	48335	2915	0
W	22619	12301	0
W	6212	13778	2
W	84209	8575	0
W	89784	4525	0
W	49505	1028	0
W	56333	34770	0
W	84956	10826	0
W	115540	18431	0
W	75446	86	0
W	71836	1065	0
W	66798	16200	0
W	37476	138917	0
W	78638	26211	0
W	157510	70	0
W	32027	1348	3
W	49363	1658	0
W	29283	2124	0
W	85721	11222	0
W	6221	37124	0
W	56880	145955	0
W	111696	9024	0
W	41284	50382	0
W	157354	647	0
W	32232	160734	0
W	6225	4613767	0
W	160202	2115	2
W	62651	3516	0
W	28062	313521	0
W	68839	13362	0
W	39354	13061	0
W	6226	12793	0
W	6228	13464	2
W	35636	4054	0
W	58074	8696	0
W	64906	8565	0
W	136655	1641	1
W	6231	3208	0
W	87081	2158	0
W	6233	357399	4
W	63439	9295	0
W	47431	4142	0
W	32280	5233	0
W	111211	5718	0
W	59340	116999	0
W	6239	7135	0
W	70592	4304	1
W	55810	110912	0
W	114431	3883	0
W	63074	97407	0
W	125646	6411	1
W	51965	40391	0
W	60390	8920	0
W	32951	68985	0
W	66404	3665	0
W	29609	13760	0
W	6243	18428	3
W	23401	2030	0
W	32331	359266	0
W	43600	227013	0
W	60108	12936	0
W	112701	15100	0
W	127521	187	0
W	6248	858458	4
W	164546	468	3
W	6251	2961	0
W	127978	1435	0
W	55905	1361	0
W	24986	5866	0
W	6256	968004	0
W	76762	89329	0
W	123833	813	0
W	55248	70327	0
W	64410	107458	0
W	59871	49443	0
W	57080	21224	0
W	46998	18764	0
W	79348	3280	0
W	128136	32912	0
W	6259	131424	6
W	33157	25029	0
W	6260	819812	0
W	33741	90298	5
W	33410	161537	0
W	36882	13484	2
W	63078	768	0
W	46967	9386	3
W	46122	3494	0
W	51398	2637	0
W	72787	3677	0
W	127886	2102	0
W	71549	13423	0
W	135640	7829	0
W	35378	24146	0
W	103335	1258	1
W	44087	1007	0
W	65799	15141	0
W	20561	19809	5
W	38367	453669	0
W	6265	6490	0
W	43442	12329	0
W	105363	2634	3
W	34641	12015	0
W	35661	1594	0
W	29809	42245	0
W	20981	138940	0
W	101964	2003	0
W	117512	527	0
W	58515	16453	0
W	44969	17202	0
W	140502	5040	2
W	75244	3467	0
W	51660	13164	5
W	127959	4294	0
W	33435	2463	0
W	6272	924860	0
W	136974	7862	2
W	33079	10154	0
W	6273	2972941	0
W	6274	282900	5
W	63261	10704	0
W	159856	5581	0
W	38722	24532	0
W	6276	14945	0
W	6277	842768	0
W	124748	190	0
W	78427	13150	0
W	133179	559	0
W	6280	271	0
W	54697	811	0
W	23129	284784	0
W	69052	79983	0
W	6282	141	0
W	97612	12681	0
W	75346	13433	3
W	21932	803	0
W	109254	1643	0
W	61671	10444	0
W	6284	52125	0
W	56839	18450	0
W	97724	395	3
W	37011	84930	0
W	71204	435	0
W	132205	9179	0
W	6288	347	0
W	55461	8059	0
W	36782	50376	0
W	6289	645915	5
W	34586	33660	0
W	62725	335	4
W	66120	89	0
W	99483	5001	0
W	117207	1626	1
W	75441	661	0
W	128064	19846	0
W	67902	1344	0
W	26543	70984	0
W	26281	134895	6
W	119484	343	1
W	6295	15301	0
W	119056	1103	0
W	119199	10799	0
W	132436	277	0
W	98058	29545	0
W	67685	2735	0
W	134450	703	0
W	67127	1308	0
W	128052	10067	0
W	47700	32101	0
W	6301	73884	0
W	159502	531	0
W	107152	368	0
W	32403	6237	0
W	6305	1707	0
W	75380	5623	0
W	68417	16344	0
W	42755	17737	4
W	140593	3160	2
W	6306	3262	0
W	6307	611368	0
W	36001	5615	3
W	6308	23795	0
W	44920	4875	0
W	49867	17951	3
W	92498	5375	0
W	43717	8609	0
W	149540	1185	0
W	51839	77707	0
W	71036	3606	0
W	56094	4148	0
W	6310	3594	0
W	135209	3773	2
W	104115	31400	0
W	54208	59601	0
W	6313	1094	0
W	148852	729	0
W	78475	154543	0
W	128244	1588	0
W	121964	7951	0
W	6314	35686	0
W	6315	484168	4
W	75503	8474	3
W	6317	421	0
W	31924	107015	0
W	62363	43610	5
W	23402	402	0
W	39384	1200	0
W	46776	448	0
W	162642	271	0
W	148964	14418	2
W	131535	444	0
W	46796	70711	0
W	70523	2499	0
W	51517	64317	0
W	160203	5663	2
W	40398	4947	0
W	38324	238344	0
W	50706	1717	0
W	31245	2657	0
W	78290	11169	0
W	6320	597019	4
W	36347	10320	0
W	68564	25210	0
W	115646	2032	2
W	6322	377040	0
W	71776	4287	1
W	65502	19199	0
W	135776	733	0
W	70521	344429	0
W	36883	53360	0
W	6323	30735	0
W	164945	749	3
W	98344	18896	0
W	46060	57483	0
W	68871	60632	0
W	21229	62819	4
W	53981	16939	0
W	64018	33659	0
W	42772	29610	0
W	85899	458	0
W	6326	143401	0
W	101559	671	0
W	77022	24493	0
W	62455	23839	0
W	117969	959	2
W	167906	178	3
W	22621	37807	5
W	95112	29810	0
W	167610	29	3
W	51772	17653	0
W	46713	110199	0
W	39171	92756	0
W	124319	1045	1
W	39537	38883	3
W	29354	82522	4
W	33139	20554	0
W	20562	614207	0
W	57727	18206	0
W	64986	110422	1
W	122844	3086	0
W	101279	177	0
W	6334	1165	0
W	66252	176308	0
W	36570	14373	0
W	97239	11546	3
W	161320	632	2
W	75496	5821	0
W	42013	199568	0
W	6339	42588	1
W	20452	1680	0
W	6342	611	0
W	36142	669	0
W	61576	44624	0
W	109876	871	0
W	137704	1165	0
W	38595	121811	0
W	98505	1818	0
W	28229	161786	0
W	28230	14615	0
W	6351	59473	3
W	71408	21611	0
W	75389	1134	0
W	21796	191	0
W	121765	3377	0
W	20502	107077	0
W	21089	109795	0
W	21090	1619	0
W	90114	1352	0
W	103429	20929	0
W	6358	121224	5
W	107909	2114	0
W	23403	869	0
W	136065	4225	0
W	6361	68015	0
W	158670	151	0
W	100139	13446	0
W	70434	9094	0
W	72260	3920	0
W	38928	13768	0
W	31806	13498	0
W	48959	124706	0
W	111300	10353	0
W	21933	1633	4
W	22408	403030	4
W	36910	33694	3
W	63314	3368	0
W	55920	29394	0
W	59067	53015	2
W	31896	124081	3
W	33916	16368	0
W	21364	219815	1
W	79996	15367	0
W	31356	307299	0
W	66433	500	1
W	163935	75	2
W	77295	9813	0
W	47530	108317	0
W	66248	18208	0
W	52858	17190	0
W	36266	40242	0
W	6368	13484	0
W	126369	700	0
W	127979	1953	0
W	35206	18189	3
W	155478	36	3
W	44588	116741	0
W	57998	42546	0
W	36282	23385	0
W	22622	79958	4
W	21934	893	0
W	84746	3391	0
W	63606	8584	0
W	62039	34271	0
W	6372	905	0
W	134076	3096	1
W	46085	2165	0
W	33594	18590	1
W	61802	9916	0
W	26301	112999	0
W	61356	60492	0
W	42492	10060	3
W	35773	16945	3
W	62901	66007	0
W	82295	3916	0
W	114262	1931	0
W	54257	34591	0
W	102163	4169	0
W	29298	9565	2
W	134775	153	1
W	31720	26335	0
W	66659	21249	0
W	33411	19310	0
W	25879	36425	4
W	125615	12446	0
W	6381	396093	0
W	6384	51390	4
W	66164	298203	0
W	6385	1628181	0
W	6386	345	1
W	42079	64147	0
W	32404	1062	0
W	39385	31864	0
W	80039	19556	0
W	6388	5524	0
W	36478	30005	0
W	84599	2099	0
W	6389	3664	0
W	22624	33	0
W	80201	17627	2
W	69883	492	0
W	95182	6114	0
W	40345	113990	4
W	43792	2533	3
W	29299	41846	0
W	68863	185	0
W	117760	301	0
W	56570	1564	0
W	6394	24210	0
W	41127	21667	0
W	20615	62271	0
W	20387	30858	0
W	74369	6671	0
W	85010	5167	0
W	61577	5412	0
W	74134	612	0
W	36767	20863	4
W	49612	4550	0
W	70771	1203	1
W	36788	2222	0
W	31357	12817	2
W	62159	1190	3
W	52206	3254	0
W	36664	36968	0
W	28466	238555	3
W	48499	29097	0
W	75492	47	0
W	26564	53353	4
W	50235	748	0
W	35582	6185	0
W	72464	79973	6
W	53128	32971	0
W	42436	148625	0
W	119584	2588	0
W	128353	6833	0
W	36784	41612	0
W	40642	28163	0
W	121390	687	0
W	55487	2801	0
W	29917	209598	4
W	21027	78715	0
W	127739	20832	0
W	53635	380	0
W	46305	7509	0
W	6408	582486	0
W	22156	472	0
W	80441	9978	0
W	6410	422216	5
W	6412	935	0
W	6413	25415	3
W	33367	170	3
W	149900	8112	2
W	6414	3166529	6
W	6415	3745649	6
W	141454	1141	0
W	157511	363	4
W	24918	277408	0
W	25903	9905	0
W	33692	43582	0
W	6417	2605435	4
W	48392	344	2
W	6419	1951	0
W	6420	917314	0
W	53146	7273	0
W	73803	2483	0
W	71419	5391	2
W	123855	3348	0
W	21658	13737	0
W	39728	7834	2
W	146597	367	1
W	131210	679	0
W	54745	81524	0
W	44400	6387	0
W	29327	33050	0
W	39240	9559	0
W	38961	49756	0
W	6431	403947	0
W	32520	65593	4
W	47261	96837	2
W	58464	1338	0
W	102879	16268	0
W	6432	443026	0
W	39738	536619	0
W	52606	2132	0
W	41891	24066	0
W	66513	12811	0
W	22934	29	0
W	33879	111763	0
W	53786	2997	0
W	135279	1235	0
W	26283	7930	3
W	45127	21920	4
W	60007	585	0
W	33830	14268	0
W	64703	2550	0
W	39222	33553	0
W	49579	2041	0
W	56452	5251	0
W	25955	17831	0
W	114114	10103	0
W	59758	1714	0
W	154405	2254	0
W	41824	33859	0
W	43891	15674	0
W	35226	22376	0
W	128247	1009	0
W	157512	1140	0
W	137505	1952	3
W	85423	3114	0
W	73499	4514	0
W	119200	11797	0
W	78476	236281	0
W	67080	26427	4
W	60212	33221	0
W	57415	4164	2
W	6445	2479	3
W	66321	2877	0
W	50073	34460	0
W	65270	1667	0
W	6446	155985	0
W	106801	197	0
W	65020	1075	0
W	72171	24734	3
W	6447	6191	0
W	48469	7453	0
W	6448	5102	3
W	22357	13768	4
W	44553	71945	0
W	166868	7	3
W	55476	97105	0
W	144187	638	2
W	67332	37606	0
W	6454	11627	0
W	72881	25489	0
W	70759	69690	4
W	29894	16064	2
W	70988	3486	0
W	21365	6602	0
W	49179	12726	0
W	84107	15066	0
W	57394	2570	5
W	20952	21157	0
W	84155	5454	0
W	6458	94113	0
W	119528	9390	0
W	97499	420	0
W	35490	2709	0
W	46547	1546	3
W	51894	183958	0
W	66545	30662	0
W	36565	4364	0
W	53925	37850	0
W	26317	19055	0
W	44820	30439	3
W	67925	69882	0
W	21739	36374	4
W	64231	7781	0
W	117208	1430	0
W	42133	34381	0
W	112377	2239	0
W	55147	24569	1
W	78428	7513	0
W	88706	4200	0
W	134108	3602	0
W	49012	13370	0
W	161235	889	3
W	50325	70352	0
W	20202	184905	5
W	6466	784158	5
W	6467	456074	4
W	6468	5362	3
W	62518	3908	0
W	50326	2429	0
W	56058	14947	0
W	35615	158719	0
W	46831	32064	0
W	89374	2698	3
W	103080	19885	5
W	128098	788	0
W	45988	16290	0
W	94363	2937	0
W	87947	1546	0
W	31986	50304	0
W	89034	5631	0
W	35583	43943	4
W	6479	997	0
W	64933	4347	0
W	35599	23234	4
W	66144	56662	0
W	70764	81833	0
W	21091	19537	0
W	86647	16980	0
W	57585	212111	0
W	77478	32420	0
W	6481	13273	0
W	34670	668	0
W	63541	25795	0
W	39386	30698	0
W	57416	3931	0
W	58966	2739	3
W	156132	4608	0
W	56571	21452	0
W	32332	72472	0
W	100117	85464	0
W	59581	57488	0
W	28181	55471	0
W	6487	1131215	5
W	23130	580313	0
W	6489	4986	0
W	34704	17717	0
W	34671	570295	0
W	73469	2146	0
W	104013	2635	0
W	62966	3287	0
W	85526	9105	0
W	128385	61333	0
W	157458	223	3
W	6495	45922	0
W	31043	2115	0
W	6497	603706	0
W	109633	706	0
W	101965	982	0
W	76742	181796	0
W	56495	19383	4
W	6500	13726	0
W	36734	3628	0
W	28296	18959	0
W	6501	1111	0
W	6504	737736	0
W	43491	1545	0
W	20862	6959	0
W	51591	67527	0
W	42344	48	0
W	149655	5728	3
W	89187	1138	0
W	73889	16661	0
W	51416	1300	0
W	75245	11555	0
W	32068	67085	0
W	141967	26861	3
W	35454	41662	0
W	43654	39749	0
W	44564	418889	0
W	31376	94910	3
W	44428	38062	0
W	42163	106444	0
W	41555	330332	0
W	38368	2132	3
W	40418	34067	0
W	6507	1065136	0
W	54894	89259	0
W	26598	600075	4
W	32260	39674	0
W	20563	106937	0
W	51537	14997	0
W	43329	3143	3
W	45291	6089	0
W	29154	8358	0
W	109989	3108	0
W	36348	12292	0
W	6511	501068	0
W	75536	11042	0
W	41304	109372	0
W	31879	13725	0
W	6514	258192	0
W	126652	5385	0
W	73714	11837	0
W	50174	7092	0
W	112978	5814	0
W	151655	1487	3
W	96103	2250	0
W	76476	207603	0
W	6518	99823	0
W	61716	30	0
W	36859	7474	0
W	82746	116110	0
W	141847	1659	0
W	6519	29747	0
W	32394	13924	0
W	53215	12892	0
W	132971	1037	0
W	80621	13932	0
W	34797	468339	4
W	37281	54617	0
W	107189	6774	0
W	6521	68047	0
W	76607	303484	0
W	6522	2679168	0
W	6523	10182	0
W	62228	7673	0
W	67963	11023	0
W	6524	25088	4
W	61888	102496	0
W	73697	305	3
W	160948	4289	3
W	50194	1504	0
W	56992	71	0
W	82657	3042	0
W	6526	3207788	0
W	6527	328979	0
W	66253	2163	0
W	61307	39703	4
W	56067	280	0
W	52273	24273	0
W	35301	3499	0
W	64200	3336	0
W	160707	1306	0
W	45825	3502	0
W	51518	1045	0
W	97767	55458	0
W	6531	393336	5
W	118434	49193	0
W	81551	32574	0
W	25808	19984	0
W	58902	135	0
W	35227	6247	0
W	6544	11593	0
W	22625	6586	0
W	47086	2042	2
W	134451	5193	0
W	28328	5213	0
W	103016	819	0
W	22626	482	0
W	58621	32287	0
W	6547	8452	0
W	98590	2089	0
W	63238	1758	0
W	44003	24884	0
W	29985	385082	0
W	76941	37221	0
W	63200	8934	0
W	157513	63	0
W	62529	54	0
W	61118	45331	0
W	71838	5391	0
W	69972	7094	0
W	55489	8446	0
W	40692	1495	0
W	65201	93103	0
W	38997	64306	0
W	20564	3525	0
W	65731	24342	0
W	65689	36796	0
W	43758	23346	0
W	165764	1222	5
W	65010	32417	0
W	58125	205539	0
W	120577	2826	0
W	68924	18823	0
W	104995	2775	0
W	37573	2499	0
W	60137	20030	0
W	73415	9859	0
W	137836	2964	0
W	70998	13120	0
W	35341	2124	0
W	89995	4077	0
W	49284	486	0
W	46323	13408	0
W	36090	4625	3
W	62849	14798	0
W	6565	415320	5
W	6567	45107	5
W	40605	101816	0
W	6571	66145	0
W	20982	434453	0
W	40106	23464	0
W	6572	67797	0
W	66765	374	0
W	156203	17	0
W	21258	144515	0
W	6575	1536638	4
W	54977	2265	0
W	128105	830	0
W	44408	5617	0
W	127912	4264	0
W	56127	982	0
W	132089	3810	3
W	62411	16661	0
W	36169	85899	0
W	127984	13091	0
W	21937	767	4
W	39890	3550	0
W	32314	83017	0
W	57358	297927	0
W	44004	7463	0
W	33988	46065	0
W	87379	2548	0
W	101391	3071	0
W	86325	3353	2
W	6588	1863166	0
W	138504	1920	0
W	31246	22077	0
W	46653	15726	0
W	6592	86135	0
W	21259	70652	2
W	30633	84174	0
W	33845	11280	0
W	6594	5945	0
W	34713	2849	0
W	48454	57202	0
W	28123	62094	3
W	6597	2199	1
W	90483	8500	0
W	97811	1208	0
W	57096	73209	0
W	138283	807	0
W	57742	47559	0
W	6599	260	0
W	151038	886	2
W	69818	11523	4
W	6601	1575415	5
W	25760	18311	0
W	105174	3273	0
W	6603	463	0
W	71519	16416	0
W	43612	34728	0
W	121508	3340	0
W	6604	162088	0
W	122886	1277	1
W	75532	36	2
W	44745	10271	0
W	49368	865	4
W	6606	177854	0
W	6608	613	0
W	108378	7845	0
W	123209	14244	0
W	138360	4804	0
W	66593	11542	0
W	134477	12528	0
W	32664	32902	0
W	21148	3304	3
W	33070	47408	0
W	44343	31156	0
W	44279	60901	0
W	6611	1482	4
W	45867	3922	0
W	37338	1960	0
W	133634	94	0
W	56544	27346	4
W	21399	180308	0
W	134023	14138	0
W	77726	17181	0
W	43640	12158	0
W	83682	12438	0
W	32058	6471	4
W	46517	95296	3
W	66880	5709	2
W	6615	862483	5
W	94272	11251	0
W	65449	12085	3
W	59905	384606	0
W	6618	672027	0
W	49662	647	0
W	109805	31155	0
W	6619	2389	0
W	6620	52239	0
W	6621	1387889	0
W	135010	7662	2
W	49453	9078	0
W	52505	130105	0
W	21938	77129	5
W	6624	14220	3
W	60771	65020	0
W	151249	148	0
W	69910	2000	0
W	21607	6491	0
W	148118	465	0
W	45826	70283	0
W	87308	43384	0
W	92953	814	0
W	48717	668	0
W	161400	2128	0
W	132651	28567	0
W	33567	183034	0
W	29947	18833	0
W	62467	29711	0
W	6631	7942	0
W	59594	521	2
W	47213	26094	0
W	55727	27674	0
W	6634	12983989	7
W	23131	188953	0
W	167264	1296	0
W	43024	7965	0
W	65264	152917	0
W	64138	3021	0
W	6636	327874	3
W	31377	94430	0
W	40265	90507	4
W	80279	7427	0
W	78920	7183	0
W	154884	313	0
W	67075	75537	0
W	6638	839	0
W	6641	112523	0
W	71125	7214	0
W	99253	2283	0
W	93252	4423	0
W	42332	299	0
W	6643	95727	5
W	73786	6852	0
W	35733	33005	0
W	6645	98369	5
W	88039	483	0
W	90881	2641	0
W	37220	3144	0
W	6647	41116	0
W	62549	17565	0
W	6649	470900	0
W	6650	106	0
W	149356	883	0
W	23328	2967	4
W	73934	635	0
W	25761	2934	4
W	110351	7534	2
W	130398	1232	0
W	48449	5509	0
W	106846	45	0
W	72206	21102	0
W	56786	20115	0
W	149770	1834	0
W	6654	18950	5
W	54800	12324	0
W	48047	24775	0
W	49246	1211	0
W	28072	62685	0
W	122776	3221	0
W	21452	396147	0
W	38254	18825	0
W	6661	676063	6
W	47935	2118	0
W	62710	59388	0
W	39579	30383	0
W	26696	2941	0
W	21028	7132	0
W	112291	854	0
W	59582	7774	4
W	144470	138	0
W	84863	24311	0
W	21453	179287	4
W	163888	53	0
W	50075	18712	0
W	6665	1248	0
W	40066	7158	0
W	38369	133358	0
W	75395	203	2
W	102164	2533	0
W	68119	554	0
W	6669	2112	4
W	24816	17478	0
W	6673	1479912	0
W	58706	165229	0
W	78829	9147	0
W	64707	1240	0
W	6677	673	0
W	55491	9110	0
W	47420	83761	0
W	45300	1560	0
W	57641	7632	0
W	54470	7813	0
W	50103	7476	0
W	37195	185443	4
W	22630	10015	0
W	6680	53908	0
W	40793	626	2
W	6681	511068	0
W	6682	1149	0
W	20250	88430	6
W	81724	11724	0
W	75688	840	0
W	21555	59413	3
W	71154	1447	0
W	58589	5028	0
W	69010	7085	3
W	54880	90124	0
W	75601	1419	0
W	6684	1949695	0
W	164953	13	0
W	6686	3139	0
W	6687	140448	0
W	125085	891	0
W	48658	4824	3
W	6689	640	1
W	147314	6605	3
W	125552	7322	3
W	23258	24895	2
W	6691	10846	0
W	142244	34139	0
W	75425	781	0
W	100171	6217	0
W	33220	5590	0
W	6694	197849	0
W	48500	143062	0
W	42799	2260	0
W	72416	19017	0
W	130048	1275	0
W	50633	14063	0
W	73315	2827	0
W	41018	9149	0
W	32927	2069	0
W	120776	8251	0
W	6701	7963	4
W	168801	2223	2
W	74007	9223	0
W	46324	92650	0
W	77490	56177	0
W	40916	5262	0
W	58655	8871	0
W	63799	386	0
W	74539	7092	3
W	35094	4854	2
W	43037	42720	4
W	55288	6027	0
W	40217	7811	3
W	40947	3049	2
W	6704	953	4
W	110377	1113	0
W	54524	6551	3
W	6705	3268	0
W	60938	31359	0
W	122612	4883	0
W	60603	3318	0
W	119235	894	0
W	93253	4593	0
W	166945	5755	1
W	6706	318906081	8
W	6707	109	0
W	35319	43971	2
W	56496	2950	0
W	53926	55551	0
W	65517	752	0
W	108256	2757	2
W	38842	17673	0
W	67515	47205	0
W	125117	968	0
W	37388	3075	0
W	116466	6057	0
W	82089	5508	2
W	32348	60206	0
W	74460	4489	1
W	6711	85	0
W	62029	6728	0
W	6713	118158	0
W	43556	85015	0
W	89879	773	0
W	6715	66585	2
W	67631	6277	0
W	77023	137202	2
W	38487	76438	0
W	81710	22540	0
W	20565	437896	6
W	22158	3517	5
W	56722	20750	4
W	37550	7969	3
W	33377	63422	0
W	73901	47587	0
W	55508	7012	0
W	68503	9794	0
W	87327	37086	0
W	6720	189401	0
W	130282	101	0
W	73226	26468	4
W	77677	13049	0
W	6724	1736	3
W	6725	827385	5
W	68890	3971	0
W	67239	1412	0
W	140252	529	0
W	22358	3131	0
W	36283	357509	0
W	33098	189833	0
W	29647	194314	0
W	108630	7690	0
W	65330	1264	0
W	52936	1307	0
W	52607	73345	0
W	29986	25489	0
W	142844	16	0
W	6730	19322	0
W	58633	3670	3
W	137377	1525	0
W	22631	650	0
W	107105	2938	0
W	41104	18940	0
W	25956	14969	0
W	52771	4909	1
W	6735	160	0
W	96567	7072	0
W	44126	146599	0
W	6738	3914	0
W	21149	299129	0
W	6741	8065	0
W	51592	40006	2
W	28467	8540	0
W	29783	113282	4
W	39580	38044	0
W	39304	44599	0
W	6744	12210	4
W	42567	14376	0
W	80137	3084	0
W	44648	9059	0
W	144222	53	0
W	25858	28403	0
W	62229	109	0
W	64709	31029	3
W	75490	50843	0
W	41173	3170	0
W	6749	16214	0
W	46870	9528	5
W	128093	98	0
W	37222	2450	0
W	21797	61058	0
W	66009	115265	0
W	118727	14041	0
W	6753	183	2
W	60122	5823	0
W	51469	220362	0
W	59397	44319	0
W	38331	21222	2
W	111214	2348	0
W	40399	2702	3
W	79254	30143	0
W	50175	19968	3
W	153011	1112	0
W	35600	1727	0
W	61916	159520	0
W	55626	7240	0
W	45989	4021	0
W	70816	63177	3
W	52219	49360	1
W	6757	5965	0
W	6758	90924	0
W	49134	1549	0
W	51773	33004	0
W	133943	80629	0
W	40303	7208	0
W	60928	26299	0
W	66744	1960	0
W	149354	1796	3
W	63687	48249	4
W	6761	7142	0
W	76880	183555	0
W	58421	15359	0
W	157514	57	2
W	29866	626035	0
W	51165	4706	4
W	61897	56	0
W	31009	120921	4
W	87535	10494	0
W	6771	975644	0
W	44268	26518	0
W	52274	47907	3
W	124266	1218	0
W	50415	22986	4
W	21029	162331	3
W	39450	61288	0
W	138366	5099	3
W	134995	2900	2
W	6773	419814	0
W	63996	3461	0
W	132572	523	0
W	70593	28458	0
W	44746	112077	0
W	38006	13760	0
W	68565	107989	4
W	89837	1679	0
W	20338	70012	0
W	160935	131	0
W	118208	6859	0
W	6778	1156848	0
W	50756	31992	0
W	36755	8324	0
W	54603	75108	0
W	6782	494904	5
W	44770	14959	0
W	127802	28653	3
W	21454	47788	0
W	85372	10967	2
W	81020	30472	0
W	31869	161378	0
W	36950	69450	4
W	102142	10269	0
W	35096	4067	0
W	6787	11513	0
W	73481	929	0
W	106658	3038	0
W	6788	29634	0
W	26612	39954	0
W	114143	16863	0
W	151660	77	0
W	98828	40938	0
W	144518	2168	0
W	120942	4931	0
W	153012	36178	1
W	96671	1102	2
W	50707	4144	0
W	32507	133628	0
W	141848	29319	0
W	56236	4304	3
W	6792	1275404	5
W	68243	898	0
W	70765	48487	2
W	28073	95665	3
W	21768	584603	5
W	92063	20462	0
W	54164	388	3
W	6795	55865	0
W	22311	4749	0
W	75733	26568	0
W	64043	678	0
W	37849	303034	0
W	6797	10682	2
W	139944	2209	0
W	45341	11798	0
W	32640	204568	0
W	56776	3788	0
W	28231	21438	0
W	133536	21884	0
W	76554	81617	0
W	25696	56787	0
W	59003	39075	0
W	69621	227	0
W	60255	21641	0
W	6802	24114	0
W	51270	41070	0
W	162720	839	0
W	29260	16205	0
W	77296	15119	0
W	22632	1311	0
W	65979	7381	0
W	87993	5768	0
W	6805	11362	4
W	60807	7514	0
W	38343	11205	0
W	49165	20987	0
W	109825	975	0
W	54815	628	0
W	51609	11500	0
W	63943	174	0
W	62939	18364	0
W	35491	13982	0
W	6807	132054	0
W	64918	8955	0
W	163461	25385	2
W	6812	8601606	0
W	78112	4931	0
W	116496	2134	0
W	35774	148830	0
W	74797	5657	0
W	89579	875	0
W	62013	86952	2
W	72112	152683	0
W	63295	3354	0
W	51417	18054	0
W	149034	44437	0
W	71258	1261	0
W	72091	8784	0
W	66049	9415	3
W	49180	16159	4
W	52306	110	0
W	87948	3971	0
W	60753	115884	0
W	39929	163619	0
W	73574	14395	0
W	66840	23632	0
W	21284	3804	4
W	26649	324098	5
W	52294	46204	0
W	52538	12655	0
W	41814	146642	0
W	61966	726	0
W	67759	1034	0
W	21942	4048	0
W	39464	50760	0
W	6825	63385	0
W	33742	79042	0
W	6827	4704915	0
W	59312	59321	0
W	103955	3764	0
W	54046	34913	0
W	49725	36084	0
W	53908	10722	0
W	62408	2380	0
W	31227	423453	0
W	56679	40485	0
W	6829	30004	0
W	6831	341122	0
W	127817	2179	0
W	54364	145643	0
W	22634	15115	0
W	6838	528	0
W	33501	1730	0
W	6839	1204934	0
W	138957	3127	0
W	45033	63412	0
W	68369	40708	0
W	36174	84036	0
W	6843	893378	0
W	57422	3372	0
W	64400	5388	0
W	99526	2705	0
W	76909	66068	0
W	31748	15571	0
W	45990	8274	0
W	117866	15578	0
W	115652	121	3
W	55107	7432	0
W	149755	104	0
W	6851	12879	0
W	22359	15519	3
W	104620	1178	0
W	123389	29187	0
W	31044	29809	0
W	87896	12418	0
W	62474	1334	4
W	78583	17085	0
W	68566	23460	2
W	55207	24578	0
W	26565	86343	0
W	54111	50193	0
W	137661	15792	0
W	6860	12560	0
W	55683	66065	0
W	52433	38567	0
W	26544	14837	4
W	22243	132229	0
W	22635	7423	0
W	42444	204736	0
W	6862	23190	3
W	6864	26226	0
W	115571	1626	0
W	137817	21976	0
W	47596	4996	0
W	117242	1037	0
W	48394	582	0
W	51662	105607	0
W	46763	25073	0
W	57162	16925	0
W	42277	76891	0
W	6868	315314	0
W	22464	102067	0
W	38780	6032	3
W	67479	59	0
W	161177	4389	2
W	55348	72798	3
W	78071	10038	0
W	101731	31155	0
W	25730	146668	0
W	50038	5369	0
W	21510	146637	4
W	69767	18628	3
W	6881	4965	0
W	73628	21311	0
W	21556	30197	0
W	6882	119176	0
W	54286	7661	0
W	21678	70317	0
W	61225	110395	0
W	37393	106262	0
W	121379	19456	1
W	57512	14225	0
W	21943	12304	0
W	124955	4921	0
W	6888	799645	0
W	55416	33213	2
W	29811	5024	3
W	57126	11364	4
W	6891	260799	6
W	68490	4770	3
W	20504	819557	3
W	6892	385163	5
W	99527	2896	0
W	82822	11076	0
W	22465	6640	5
W	161643	393	2
W	129050	4889	0
W	31776	2848	0
W	44565	18875	0
W	138489	8007	0
W	38914	133784	0
W	49771	83294	0
W	39943	82889	0
W	43463	4339	0
W	72183	124483	0
W	85814	1916	0
W	53403	25598	0
W	33761	7374	0
W	80442	11050	0
W	71197	19483	0
W	6896	479	4
W	6897	547803	0
W	165953	8719	1
W	29328	168821	0
W	111561	10506	0
W	56138	2215	3
W	66695	16889	0
W	74044	45032	0
W	42918	57082	0
W	72638	1414	0
W	29895	67745	0
W	95574	1077	0
W	73115	24963	4
W	46053	77103	0
W	40028	36592	0
W	164885	72	2
W	26343	81719	3
W	82776	8449	0
W	92263	541	0
W	125118	34439	0
W	74316	2685	0
W	34798	3425	0
W	57204	1728	0
W	6906	174454	0
W	6907	28631	0
W	64019	258071	0
W	26804	115203	0
W	35741	171212	4
W	139663	4263	0
W	26519	13469	3
W	6909	370255	5
W	64061	11064	0
W	149035	1552	0
W	74246	3894	1
W	89839	2755	0
W	6912	468960	0
W	68079	1975	2
W	44970	4724	0
W	57299	133075	3
W	47087	23217	0
W	150661	952	0
W	79852	37790	1
W	48546	25024	0
W	6915	84060	5
W	6916	31838	0
W	72843	509	0
W	165798	89487	3
W	35302	6051	0
W	36927	66415	4
W	21679	53406	0
W	60754	2848	0
W	153706	3611	0
W	32430	44206	0
W	141370	8941	0
W	33714	106006	0
W	137755	4441	3
W	54939	60500	2
W	59771	30502	0
W	152946	1301	0
W	36284	27045	0
W	47509	31047	2
W	140667	7214	2
W	66215	38447	0
W	49663	34782	3
W	39777	35508	0
W	69372	5808	0
W	43581	68066	3
W	54354	28037	0
W	50039	2566	2
W	49826	45226	3
W	29261	6427	0
W	49799	18299	0
W	51418	9370	0
W	60214	105652	2
W	54112	72304	0
W	40374	66483	3
W	28438	42335	4
W	35394	21697	0
W	50858	76086	0
W	65744	1474	0
W	74435	107015	4
W	167828	1143	0
W	117765	553	0
W	35228	6847	0
W	31897	7080	2
W	140223	17102	0
W	74519	197926	0
W	54398	189977	0
W	76667	164124	0
W	21092	3601	0
W	39704	47595	0
W	6929	564268	0
W	29193	64950	3
W	108381	19654	0
W	62892	110614	3
W	92955	1153	0
W	39516	2392	0
W	103915	17805	0
W	53101	3551	2
W	6931	149952	6
W	49927	281344	0
W	74250	1519	0
W	49454	7791	0
W	154768	108	3
W	52890	36484	3
W	140856	3112	0
W	73111	4665	3
W	6937	698346	0
W	123817	710	0
W	139445	579	0
W	39387	104151	0
W	104281	10458	1
W	166069	11539	3
W	6940	62220	0
W	44240	295	0
W	64248	23387	0
W	26545	3692	0
W	40029	2089	4
W	33002	11857	3
W	106802	22928	0
W	29756	116315	0
W	33190	21948	0
W	164923	757	0
W	75287	3007	0
W	52220	87082	0
W	82866	2603	0
W	157516	2172	0
W	29351	6508	4
W	70343	711	3
W	74588	7175	0
W	73636	4549	0
W	6954	20930	0
W	37389	15666	0
W	52599	174371	4
W	67237	342	0
W	83444	12108	0
W	50001	302	0
W	22244	13454	3
W	6956	69	1
W	21285	90601	5
W	6957	82050	2
W	6958	443867	0
W	44831	45570	0
W	37879	595	0
W	64260	19399	0
W	64032	13321	0
W	32617	378158	4
W	157227	9417	3
W	53029	47309	0
W	91269	62122	0
W	57568	99737	0
W	57423	13797	0
W	79145	23726	0
W	42568	3049	0
W	6961	217840	0
W	65022	22831	1
W	29044	160021	0
W	29301	7376	0
W	63935	38491	0
W	81305	37856	0
W	72077	56724	0
W	70696	38020	0
W	126464	2362	0
W	66322	14842	0
W	164325	499	0
W	21030	6394	0
W	57281	1420	0
W	54033	3795	0
W	34279	2702	0
W	57138	7853	0
W	69459	1407	0
W	26374	68811	0
W	29194	8476	4
W	82911	1923	0
W	26805	85721	5
W	64641	1645	3
W	45301	66387	0
W	6967	63179	0
W	6968	30998	4
W	43945	2168	3
W	37161	134215	0
W	6972	27257	0
W	97727	466	0
W	38671	182051	0
W	72057	190	0
W	92095	9533	0
W	32234	7303	0
W	22638	919	0
W	38783	4078	0
W	62221	399184	0
W	6973	1086592	0
W	40994	1634	3
W	42699	9685	0
W	40067	5622	0
W	37399	30944	0
W	6975	8786	0
W	53486	7273	0
W	6976	7540	0
W	55141	11711	0
W	111407	15709	0
W	73688	55626	0
W	127900	12754	0
W	28374	6375	0
W	53041	4234	0
W	40045	68213	3
W	104178	1396	0
W	61770	850	2
W	52961	6915	0
W	49602	132871	0
W	101368	9040	0
W	121385	55	3
W	113533	8031	0
W	69929	6416	0
W	70143	3649	0
W	6979	297064	0
W	6982	245980	5
W	48481	34171	0
W	149931	4516	0
W	126051	2949	3
W	87838	1347	0
W	54682	21104	0
W	61208	2278	4
W	70647	25279	1
W	58734	29096	0
W	140589	972	0
W	70223	1175	0
W	80929	17781	0
W	6986	2078	3
W	77589	9256	0
W	115739	4082	0
W	37282	5542	0
W	121437	1661	0
W	59570	165	0
W	71259	2517	0
W	70636	44567	0
W	69101	108182	0
W	157221	148	0
W	108686	3091	0
W	6989	66	0
W	72003	152408	0
W	6990	13612	0
W	6992	62854	0
W	53352	441	0
W	148552	6660	0
W	101621	354	0
W	6993	10449848	0
W	53148	616	2
W	32100	64468	0
W	62553	34237	2
W	63459	2756	3
W	49890	1914	0
W	26566	11484	4
W	135522	33	0
W	165427	4860	0
W	38791	60781	4
W	6994	127508	0
W	6995	100553	0
W	70209	19934	0
W	65052	2700	0
W	36267	6356	0
W	6996	7964	0
W	58759	25448	0
W	26318	73624	0
W	42798	4589	0
W	26529	90952	0
W	108960	6836	0
W	57447	5638	0
W	66148	29274	0
W	21769	391329	4
W	32521	12033	3
W	7004	17926	0
W	168043	16	0
W	139310	36	0
W	120794	7552	0
W	40375	39817	0
W	7008	59438	0
W	31173	1446	0
W	80500	7324	3
W	74686	24551	0
W	7010	140929	4
W	63546	19960	0
W	32597	168196	0
W	63086	8382	0
W	111569	1304	0
W	28263	176808	0
W	30673	138563	0
W	7013	441114	0
W	86667	8843	2
W	31174	64349	0
W	73485	15933	3
W	22409	2533	0
W	41326	7081	0
W	112142	643	0
W	93549	33209	0
W	68626	5656	0
W	53404	3190	0
W	43318	22550	4
W	81843	8137	0
W	48940	21888	0
W	151634	36	3
W	60203	14515	5
W	35395	3774	0
W	47464	34950	0
W	74399	1054	0
W	60092	415	0
W	7021	68165	0
W	55366	7704	0
W	94274	8144	0
W	125564	6617	0
W	51231	601912	0
W	7022	107775	0
W	47496	122043	4
W	24878	2292	3
W	39081	104105	3
W	55684	16703	0
W	134228	8685	0
W	60573	81425	0
W	7024	1515480	0
W	61905	1111	0
W	35775	20576	0
W	38520	454866	0
W	57944	58159	3
W	77135	210789	0
W	46777	85468	0
W	35714	653365	4
W	37746	144905	0
W	46832	48578	0
W	110353	387	0
W	21945	1491	2
W	122614	3438	0
W	52539	18776	0
W	126763	1379	0
W	40158	8226	0
W	7033	2924	0
W	66720	37949	0
W	31175	107282	0
W	7035	549583	0
W	128238	110	0
W	40111	185616	3
W	64704	1184	0
W	33372	4583	0
W	7037	765253	0
W	43705	194770	0
W	73759	10686	0
W	34615	68464	0
W	35546	518909	0
W	104139	5418	0
W	7039	2356713	0
W	114752	6928	0
W	58465	2312	0
W	66401	527	3
W	158398	116	0
W	41086	8567	0
W	69081	2217	1
W	81306	18166	0
W	43516	5713	0
W	127818	1748	0
W	103384	1043	0
W	55728	19299	0
W	7044	671280	0
W	65672	15483	0
W	36066	87447	0
W	41410	194267	0
W	101054	1569	0
W	135101	767	0
W	124486	2303	0
W	7045	9301	0
W	21798	7259	0
W	75537	2946	0
W	51631	6600	0
W	145154	12	0
W	84914	23277	0
W	56766	1186	0
W	53353	20119	0
W	21557	9467	2
W	100236	715	0
W	58466	12873	0
W	67381	8860	0
W	47015	61631	0
W	123782	2916	0
W	53425	838	4
W	7053	19151	3
W	22312	269706	0
W	40588	88438	3
W	33948	68232	0
W	32952	34087	0
W	33486	20366	4
W	22466	90730	0
W	28361	1771	0
W	72008	156769	0
W	51796	55767	0
W	128477	494	0
W	69687	199	0
W	157714	12947	3
W	73333	20986	0
W	57405	12770	3
W	34642	124270	0
W	7054	7894	0
W	47778	4881	0
W	114005	69128	0
W	7055	562860	4
W	37348	30678	0
W	75239	742	0
W	139446	2869	0
W	45010	4313	3
W	42360	6686	3
W	7058	13492	0
W	55188	5815	0
W	20687	2233	0
W	46518	29747	0
W	102144	30424	0
W	166619	90	1
W	129682	3096	0
W	60895	61457	0
W	101469	71	0
W	51271	3426	0
W	37275	49927	3
W	83776	1167	0
W	39355	236563	0
W	44429	20939	0
W	23219	12187	0
W	35264	174310	0
W	38672	2866	3
W	22641	1029	4
W	31206	37199	0
W	65042	2119	0
W	7065	109890	6
W	128297	19765	0
W	7066	9336	0
W	48983	587	0
W	7069	84874	0
W	7070	5407	4
W	42484	12441	0
W	28182	20757	0
W	7072	41714	0
W	114411	6453	0
W	41411	9506	0
W	34672	40648	0
W	47782	31503	0
W	7075	72462	5
W	7077	18750	0
W	111683	30229	0
W	46135	48671	0
W	65382	2127	0
W	38278	41986	0
W	72857	2677	0
W	7079	8587	0
W	36268	259673	0
W	126388	13353	1
W	108961	13918	0
W	38723	34346	0
W	118701	2731	0
W	39017	125846	0
W	102917	1225	0
W	46222	3911	0
W	149493	3273	0
W	57864	5228	0
W	80410	5276	0
W	48396	66103	0
W	69318	4118	0
W	57620	2795	0
W	7088	128626	0
W	68715	28788	0
W	31300	40	3
W	7090	157620	0
W	73746	876	0
W	118364	3551	0
W	22642	2950	0
W	29302	178842	0
W	7093	69411	5
W	7095	281673	0
W	20505	56005	0
W	128000	1089	0
W	39993	3308	0
W	65732	2524	2
W	133511	960	2
W	7098	1341	0
W	38604	16416	0
W	67314	21854	0
W	51994	32871	0
W	7101	53418	0
W	124267	440	0
W	39305	4756	0
W	60999	81213	0
W	86809	2329	0
W	52386	483619	4
W	36269	19827	0
W	73672	6346	0
W	38784	33532	0
W	21419	542203	0
W	31749	42434	0
W	46148	314615	4
W	20566	38156	0
W	89713	76133	0
W	7108	5874	0
W	67382	7641	0
W	56217	11209	0
W	58549	29450	0
W	65230	1216	0
W	97116	837	0
W	7110	12838	5
W	57806	131475	0
W	52079	18570	0
W	64520	208459	0
W	29610	13983	2
W	55930	4637	0
W	128770	12864	0
W	124268	1936	2
W	71383	18263	0
W	136859	22	0
W	40400	149807	3
W	127470	201	0
W	94556	257	0
W	33099	22785	2
W	38035	53621	0
W	44436	41737	0
W	73101	4773	4
W	68486	3077	0
W	35142	11635	0
W	87381	5244	0
W	7116	394694	0
W	60131	79149	0
W	90517	2909	0
W	20506	432749	3
W	51904	773	0
W	121690	25770	0
W	99472	5885	0
W	66953	10507	0
W	73155	9305	0
W	7120	260368	0
W	26697	68734	4
W	22942	120	0
W	51128	420	3
W	41556	21769	3
W	62438	6974	0
W	21511	47399	0
W	50416	396	0
W	61457	189839	0
W	41197	15592	0
W	39082	59330	0
W	127751	136	0
W	32101	6142	1
W	127314	937	0
W	42251	45650	0
W	7122	147210	0
W	20339	149517	0
W	32972	16169	0
W	54365	1540	0
W	36941	29528	0
W	100702	14187	0
W	50738	4834	0
W	138896	1174	0
W	50708	143540	0
W	143545	927	0
W	53543	20239	0
W	53609	42544	0
W	39122	1362	0
W	136063	509	0
W	121396	6502	3
W	7125	466	0
W	64167	291160	0
W	134452	10550	0
W	7128	266209	0
W	32665	11929	0
W	40174	65944	4
W	47747	3404	0
W	53149	53171	2
W	56637	10699	0
W	31334	24624	0
W	48338	31603	0
W	45035	25128	0
W	7129	26608	4
W	7130	1599	0
W	24919	66208	0
W	106847	13	0
W	64524	30797	0
W	58319	1843	0
W	41181	145529	0
W	55433	8122	0
W	40266	54285	0
W	166941	1354	0
W	73637	34921	2
W	75067	1654	0
W	33715	4058	0
W	20293	30904	4
W	31098	38530	4
W	87098	2705	0
W	153382	336	1
W	51043	1645	0
W	24852	54086	3
W	70286	5385	0
W	123964	2157	0
W	7133	276753	0
W	127845	1546	2
W	75529	4940	2
W	63253	10042	0
W	127960	1169	1
W	71772	46645	0
W	74556	13935	0
W	7138	3343	0
W	89189	2570	0
W	69819	10878	0
W	73494	454	0
W	46086	190025	0
W	134307	184	0
W	66249	105109	0
W	21093	509969	0
W	59895	40939	0
W	7144	29866	0
W	63857	4546	0
W	59808	6242	0
W	33667	24499	0
W	129326	4177	0
W	44036	2359	0
W	48961	52804	4
W	160529	112	0
W	82797	7168	0
W	23259	27439	0
W	56372	13857	0
W	69537	27345	0
W	48398	1146	0
W	37985	26907	0
W	68515	8392	0
W	22360	449392	0
W	7150	104212	0
W	42872	30058	0
W	31926	46768	0
W	139841	6004	0
W	167179	101	3
W	124416	2223	0
W	69398	394	0
W	55541	15410	0
W	41735	54345	0
W	62886	7975	0
W	59412	6672	0
W	7153	604017	4
W	33863	17991	0
W	39778	30513	0
W	7156	1122	0
W	40304	39441	2
W	127938	2735	0
W	7158	990	3
W	36928	31842	0
W	101015	1075	0
W	139517	7617	0
W	30719	49928	0
W	30720	43805	0
W	29131	143	0
W	7161	263	0
W	55906	31788	0
W	79736	42131	0
W	21094	36770	0
W	128346	2398	3
W	59574	217	0
W	20637	55207	2
W	32333	90919	2
W	21031	52440	4
W	7167	2408	0
W	22361	16389	0
W	74436	36515	0
W	21512	50822	4
W	45128	101157	0
W	58486	5232	0
W	48718	8451	3
W	20388	10335	0
W	135698	1438	0
W	7171	287	0
W	26613	329353	0
W	7172	348911	0
W	72995	7796	4
W	69720	12599	2
W	55971	8351	0
W	31079	4103	0
W	32475	62393	0
W	28404	64291	5
W	87541	10860	0
W	7174	25607	3
W	48886	485	3
W	126133	18637	0
W	7175	262465	0
W	146642	7688	4
W	42941	729	0
W	62307	1930	0
W	124033	2256	2
W	60437	400148	0
W	61183	11157	0
W	40434	1264	0
W	33846	9836	0
W	52107	102366	0
W	61220	498	0
W	50548	3282	0
W	20863	3465	0
W	106848	1421	0
W	22467	139646	0
W	56334	112461	0
W	72615	24800	4
W	33205	40001	0
W	62806	3371	0
W	60350	7147	2
W	49790	788	0
W	20507	26981	5
W	78657	27954	0
W	7183	143359	0
W	7184	618151	5
W	75655	29680	0
W	7185	91859	3
W	129327	1615	0
W	7189	22065	0
W	7190	636847	0
W	107975	5280	0
W	22203	2215	4
W	49209	9456	0
W	57003	33575	0
W	7192	780137	0
W	61986	4688	0
W	43995	3835	0
W	64630	5105	0
W	85704	46888	0
W	7194	4969	0
W	57611	761	0
W	64084	2060	2
W	41557	357691	0
W	85321	29688	0
W	49166	23139	0
W	40176	9744	0
W	164876	7395	4
W	66928	3391	0
W	41053	8247	0
W	55208	5536	2
W	36514	2603	0
W	32451	24735	0
W	74197	21182	0
W	133702	4635	0
W	83708	5218	0
W	28405	64478	0
W	85845	1481	0
W	62743	78086	0
W	23298	34573	3
W	51905	5256	0
W	45768	51299	2
W	61265	42018	0
W	22646	20336	0
W	21183	28583	0
W	7205	8739	0
W	63829	3768	4
W	39465	3380	3
W	7207	2640	4
W	22159	468	3
W	69487	15625	0
W	159442	1280	0
W	83976	26968	0
W	84252	220	0
W	7211	784	0
W	37761	368089	0
W	127891	14921	0
W	39103	1512	0
W	131421	30644	0
W	28109	3330	0
W	26546	31535	0
W	7216	226067	0
W	32460	48352	0
W	7219	21686	0
W	7220	1512980	5
W	7221	541753	0
W	7222	3402	1
W	7223	7963	0
W	7224	2338	0
W	76589	121240	0
W	102960	1701	0
W	112798	1223	0
W	111408	3914	0
W	7225	10514	5
W	70253	10853	0
W	36461	13057	0
W	62308	23225	0
W	37311	280200	4
W	41836	152	0
W	22245	290865	5
W	85200	184	0
W	74708	1306	2
W	7229	303703	0
W	60643	22748	3
W	49136	2954	0
W	59398	13463	2
W	76569	60877	0
W	46021	1282	0
W	113136	9365	0
W	41371	2374	0
W	22313	60858	0
W	7233	18386	0
W	44349	11813	0
W	29896	41920	0
W	148023	4352	0
W	54486	27123	0
W	77927	16309	0
W	67845	29447	0
W	65601	6931	0
W	136507	33258	0
W	24937	376308	0
W	35638	72994	0
W	128245	2158	2
W	100877	2255	0
W	55163	11411	3
W	26826	51421	0
W	40567	170775	0
W	7238	5344160	0
W	59057	572	0
W	47597	11643	0
W	53759	38086	0
W	52901	328	0
W	44649	2062	0
W	40797	25586	0
W	110766	542	0
W	36994	24486	0
W	33880	110032	0
W	7242	60590	0
W	56373	9925	0
W	59383	214437	0
W	97118	2037	0
W	148627	30707	0
W	7246	5594	3
W	7247	320888	0
W	56119	4849	0
W	60721	648	0
W	46561	408800	4
W	73221	396	0
W	57874	20479	0
W	78769	15738	0
W	87779	1342	0
W	72588	1923	0
W	128013	1756	0
W	70613	20318	0
W	68953	8313	0
W	33881	60941	0
W	7251	2513748	6
W	21659	140566	0
W	35396	31761	0
W	97056	5710	0
W	51933	9758	0
W	7253	16842	0
W	7254	2257694	0
W	32373	39383	0
W	71004	48077	0
W	61784	44	0
W	78191	35018	0
W	7255	198910	4
W	128340	76	3
W	7257	334686	0
W	57300	11252	0
W	36942	12155	4
W	121679	5158	0
W	74335	31161	0
W	110570	3268	0
W	25833	94642	5
W	80774	4768	0
W	157517	66	0
W	21286	65529	0
W	20454	231126	0
W	33882	15373	0
W	37762	15879	0
W	50616	37750	0
W	74709	3126	0
W	7270	717744	0
W	7271	13467	0
W	45124	143371	0
W	66263	797	4
W	7273	137822	0
W	64502	73437	0
W	67784	34882	0
W	39718	6043	0
W	109152	313	0
W	131377	1709	0
W	7274	1318	0
W	42135	17660	0
W	141415	18796	4
W	76668	137296	2
W	35639	3166	0
W	84515	1909	0
W	134126	2742	0
W	68098	2773	0
W	125210	55068	0
W	74841	20515	0
W	119134	1539	0
W	51583	126178	0
W	35191	6413	0
W	7276	1440	0
W	38332	1934	0
W	54487	857069	0
W	61448	1013	2
W	44453	1779	0
W	63939	5440	3
W	46050	1935	0
W	53383	2409	0
W	32562	31383	0
W	81554	27571	0
W	20567	212741	4
W	73822	1987	0
W	51718	22395	0
W	86759	7385	0
W	149211	2860	2
W	7278	79343	0
W	75100	5938	0
W	7279	509727	0
W	36617	1705	0
W	7281	188	1
W	45979	44624	0
W	111570	6649	0
W	157518	40	0
W	43492	1399	0
W	63402	15873	0
W	54897	9711	0
W	40606	4466	2
W	25762	202914	5
W	7287	34918	0
W	7288	165493	0
W	160337	4608	0
W	7289	351726	0
W	49912	50840	0
W	36582	88715	0
W	117311	3890	0
W	7292	3130	0
W	41276	14085	0
W	86402	1598	0
W	83986	15703	0
W	61956	20306	0
W	7295	1545	0
W	31822	47681	0
W	20894	736	0
W	39837	20646	0
W	61570	19235	0
W	56806	99295	0
W	70808	2352	0
W	7297	3261	0
W	74523	37593	0
W	57857	3881	0
W	33502	2195	0
W	53600	13791	0
W	60325	32789	3
W	137655	2371	0
W	131795	21523	0
W	7299	58275	5
W	64827	7514	0
W	72570	24820	0
W	97276	1263	0
W	40128	24689	0
W	7301	37791	0
W	112100	6595	0
W	7302	82476	0
W	34833	67976	2
W	54513	61483	0
W	59970	54308	0
W	7305	350056	5
W	80622	14670	0
W	23408	51	0
W	124837	4235	0
W	51982	310097	0
W	7308	7451	0
W	32563	285366	0
W	63878	21297	0
W	22204	51718	5
W	37077	5810	2
W	115704	83	0
W	41947	3278	0
W	30005	55910	3
W	120578	2666	0
W	78854	14243	5
W	42829	25513	4
W	65011	12749	0
W	50417	629	3
W	134776	1914	1
W	75443	11351	0
W	7309	145245	0
W	38978	2017	3
W	73136	3781	0
W	58343	9920	0
W	7310	66566	0
W	53075	174294	4
W	7311	2360	0
W	77900	12340	0
W	54366	3027	0
W	7312	1001	0
W	29919	16694	0
W	131955	1484	0
W	101766	5020	0
W	22314	3094	0
W	159025	94	0
W	73200	5454	0
W	53196	3934	0
W	7314	27873	0
W	121068	1084	1
W	7316	3524	0
W	113558	1381	0
W	161496	1245	0
W	40893	11447	0
W	112101	4865	0
W	7318	25364	3
W	111509	1285	0
W	43220	269342	0
W	51446	28224	0
W	7319	13237	0
W	30689	33509	3
W	92959	486	0
W	107456	1329	0
W	7326	24938	4
W	99532	5169	0
W	69050	20303	4
W	97889	1296	0
W	7328	25398	0
W	29920	34314	0
W	115239	1327	0
W	127924	5210	0
W	54940	32896	4
W	38269	45309	4
W	51593	5977	0
W	47016	3439	0
W	65188	212692	3
W	33659	221165	0
W	79857	2502	0
W	7331	56997	0
W	30721	242935	0
W	58433	5815	4
W	66140	7065	0
W	23260	35776	0
W	166499	1775	0
W	78433	26982	1
W	36189	51070	0
W	60316	70893	0
W	47598	884	0
W	43276	11131	0
W	69416	477	0
W	71025	116	0
W	54898	1351	4
W	81203	67483	1
W	7337	278	3
W	7338	243382	0
W	41148	8344	0
W	66864	2046	0
W	21400	46574	0
W	7342	212098	0
W	108718	3162	0
W	69658	19108	0
W	41221	22075	3
W	45350	58500	4
W	88042	721	0
W	132100	166	0
W	39374	3363	0
W	7347	38293	0
W	48631	49903	0
W	117462	1194	0
W	62254	20963	0
W	59492	35786	0
W	102131	62162	0
W	157440	385	0
W	7349	16268	0
W	22268	3314	0
W	73009	371	0
W	7350	57104	0
W	7351	104490	5
W	32282	48936	0
W	56738	6993	0
W	77877	8590	2
W	45278	48490	0
W	61463	1387	0
W	70422	86033	0
W	149541	733	0
W	54824	10028	0
W	43277	3179	0
W	7353	885112	0
W	29868	8260	0
W	23132	251418	0
W	83517	1685	0
W	160682	4523	2
W	54094	22004	0
W	39104	819	0
W	80185	81650	0
W	61129	1867	0
W	66428	577	0
W	88946	17423	0
W	74484	433	0
W	25783	3664	3
W	59277	433	0
W	7363	210397	0
W	80041	21250	0
W	70634	61830	0
W	59935	4563	4
W	73476	44649	0
W	109991	6732	0
W	113863	15109	0
W	62439	54	0
W	28088	202616	0
W	7364	7197	4
W	50739	670	2
W	87949	3323	0
W	71026	339	4
W	7366	766313	0
W	94248	16181	0
W	39439	19361	0
W	7367	20396	0
W	49092	1398	2
W	144615	922	0
W	107931	1706	0
W	89842	1759	0
W	39957	26094	0
W	166556	812	1
W	59102	43523	0
W	65836	593	0
W	50688	41511	1
W	7369	227118	5
W	59701	54127	0
W	53760	5456	0
W	133962	3839	0
W	30674	8134	2
W	64971	9392	0
W	7372	16760	0
W	43990	355408	0
W	109992	14329	0
W	38534	29883	0
W	7374	162788	0
W	50040	4788	0
W	62383	31367	0
W	138414	4557	0
W	7375	39219	0
W	45063	37664	0
W	20252	340945	6
W	7377	471	0
W	40046	16307	0
W	7378	3531	0
W	96354	10925	0
W	48804	275	0
W	30006	123620	4
W	37851	93607	3
W	7384	6303	0
W	7385	686	0
W	72130	471533	0
W	26567	281728	3
W	39849	3191	0
W	46586	14383	0
W	113491	1790	0
W	7387	7887	0
W	59779	14826	0
W	7389	939379	0
W	117613	9923	0
W	122729	1826	0
W	32137	8594	0
W	45991	1412	0
W	21322	1088	0
W	57877	62034	0
W	59521	4927	0
W	89321	9770	0
W	7392	32093	0
W	7393	84924	0
W	135359	5134	0
W	44005	4453	0
W	21095	21286	4
W	31151	12388	0
W	75281	2452	0
W	64168	9084	0
W	47465	3374	0
W	49526	436	3
W	110061	1453	0
W	38351	6880	0
W	160834	739	0
W	157455	1330	4
W	37422	48671	0
W	147797	1888	3
W	20568	51390	0
W	131305	6534	0
W	65911	4802	0
W	7401	62700	0
W	115672	124	1
W	20389	51198	4
W	66234	4842	0
W	7403	2367	0
W	30616	12690	4
W	122705	692	0
W	26599	28700	0
W	7408	3226866	5
W	39306	101570	0
W	126389	2328	3
W	62804	987	0
W	7410	639703	0
W	70536	8389	0
W	7412	9957504	7
W	25784	6647	0
W	162440	273	0
W	89998	21060	0
W	146658	381	0
W	7414	20499	0
W	73349	60	3
W	31270	155489	0
W	108980	5206	0
W	39126	296	0
W	65948	12645	0
W	30051	10961	0
W	40141	68680	0
W	103622	925	0
W	45992	344160	0
W	57922	4584	0
W	139935	3489	2
W	64913	32655	0
W	52937	4254	0
W	52915	10490	0
W	7418	893796	0
W	55859	15889	0
W	46028	220393	0
W	22946	6337	0
W	54621	28571	0
W	58544	11555	3
W	41211	10410	2
W	61655	26350	0
W	7421	5721202	0
W	48571	51656	0
W	83282	8050	0
W	145975	218	0
W	33583	85704	3
W	140673	2292	0
W	99584	3410	0
W	21770	31790	3
W	7425	11407	0
W	72261	5884	0
W	43614	18789	0
W	90886	3096	0
W	7428	12971541	5
W	35379	7752	0
W	22947	27131	5
W	61357	24609	0
W	7430	485588	3
W	7431	172785	0
W	7432	710851	0
W	45775	127058	4
W	46982	5121	0
W	128328	13133	0
W	80775	7824	0
W	63063	1129	0
W	58860	65856	1
W	70600	30804	0
W	57879	276	0
W	45519	2834	0
W	20983	251678	0
W	34741	3051	0
W	68396	14195	0
W	38521	95475	0
W	28210	156602	0
W	41054	44837	0
W	114499	30628	0
W	47992	83068	4
W	69455	70356	0
W	67697	27274	0
W	142509	1250	1
W	71070	7605	0
W	59004	62131	4
W	7442	2393195	0
W	64699	16255	0
W	7443	2796	0
W	31777	6350	0
W	7444	182029	0
W	57793	13160	0
W	7445	178069	0
W	49681	237673	3
W	62400	5836	3
W	55417	38546	0
W	22270	2181	0
W	20773	22751	0
W	147827	8367	0
W	68964	15157	0
W	87950	3967	0
W	122271	11703	0
W	68759	49409	4
W	7451	25026	4
W	7452	369	0
W	31335	584	2
W	22650	5104	0
W	25880	65545	0
W	123977	265	0
W	60536	127336	0
W	52372	22292	0
W	7453	93759	0
W	52129	124112	0
W	40444	1627	1
W	7455	17037	0
W	7456	328327	6
W	61883	30770	3
W	151671	584	0
W	36107	90947	0
W	52916	1554	0
W	42633	8229	0
W	7457	14404	0
W	55896	32028	2
W	21198	11231	4
W	104515	3735	0
W	107574	3588	0
W	112534	2082	0
W	48806	57	0
W	34700	9499	0
W	79215	6507	0
W	30052	15236	0
W	7461	71467	0
W	135346	11672	1
W	35363	238009	5
W	40477	77113	3
W	48941	38719	0
W	7464	2873	0
W	25707	69597	0
W	21288	27442	4
W	63102	4868	1
W	89309	45932	0
W	21150	1520	0
W	135619	4224	0
W	138415	1574	0
W	123175	19469	0
W	31321	15637	0
W	52434	30978	2
W	91471	1367	0
W	7471	975362	0
W	167296	2838	0
W	50076	14631	0
W	7473	2839816	6
W	88367	1553	0
W	7475	3087358	4
W	42509	3584	0
W	7477	9573	0
W	60808	7021	0
W	44589	280090	0
W	7478	657560	0
W	51070	788	0
W	53076	37575	0
W	91472	873	0
W	124303	921	1
W	155736	1844	0
W	111495	10767	0
W	28332	12952	0
W	66785	2733	0
W	81882	4270	3
W	145161	1105	0
W	157476	2261	0
W	7484	4283	0
W	23299	192684	0
W	20294	32888	0
W	39525	133938	3
W	50002	868	0
W	156062	270	4
W	78550	20779	0
W	120177	1077	0
W	97039	9259	0
W	64382	27520	3
W	7493	3680092	0
W	36318	46397	0
W	67249	13531	0
W	31378	6553	0
W	26724	57270	0
W	51391	40290	3
W	65444	24189	0
W	133057	9833	0
W	53282	34080	0
W	51943	988	0
W	59887	28871	3
W	66212	11833	0
W	100556	29478	0
W	58384	13206	0
W	44985	13397	0
W	66363	16242	0
W	120579	3485	0
W	45937	642	2
W	110767	169	0
W	134916	5145	1
W	39641	5917	3
W	145795	134	0
W	125745	25087	0
W	28407	48577	0
W	74253	2483	0
W	69749	15366	0
W	20569	270341	4
W	60852	33780	4
W	43557	3827	0
W	35288	156416	0
W	102918	1519	0
W	42750	14125	0
W	86669	7650	0
W	7511	2437	0
W	70947	3849	1
W	7512	86967	0
W	101744	11527	0
W	41447	9060	2
W	43390	71738	0
W	55209	117211	0
W	42321	8322	0
W	67599	199855	3
W	162643	112	0
W	51594	24678	4
W	102522	33939	0
W	7515	898629	5
W	42669	38085	0
W	54408	8792	0
W	71090	16277	0
W	21032	125729	0
W	84064	5494	0
W	36504	14508	0
W	68071	15243	0
W	46809	188098	0
W	37276	11388	0
W	33813	260550	0
W	75242	144	4
W	21260	71831	3
W	7520	444485	5
W	46009	3111	0
W	51719	14220	0
W	20735	42006	0
W	44191	1330	3
W	127556	7782	0
W	102341	37614	0
W	23410	156	0
W	7523	944	1
W	33832	149192	0
W	66487	1951	2
W	23261	4089	0
W	141371	6346	0
W	77878	14357	2
W	65895	13836	3
W	66020	49374	0
W	150712	101	3
W	28063	11892	0
W	82669	2308	0
W	7526	4180839	0
W	28126	42324	0
W	7527	961	0
W	55628	41515	2
W	39594	36889	0
W	7529	73508	2
W	72917	153	0
W	166677	2388	4
W	48516	41135	0
W	137233	3211	0
W	68324	15372	0
W	50239	870	0
W	7530	2946612	6
W	59289	21909	0
W	7532	512	3
W	41548	17387	0
W	21367	42239	0
W	126218	10	0
W	56622	5528	0
W	50870	234131	0
W	7534	5214	0
W	7535	1266	0
W	7536	294917	5
W	7537	1091	0
W	7539	68	1
W	48889	1661	0
W	78486	58120	4
W	67506	831	0
W	48583	446927	0
W	66794	3948	0
W	81581	17653	0
W	40010	10383	0
W	7553	3072142	5
W	22652	716	0
W	20935	51357	0
W	85134	2248	0
W	72823	18017	0
W	59321	5898	0
W	57790	27626	0
W	85747	8523	0
W	35455	106648	0
W	52368	108	0
W	124766	7047	0
W	63680	58943	3
W	34742	6203	0
W	65505	1255	0
W	36479	5542	0
W	7556	1503	0
W	122176	8892	0
W	7558	756	0
W	36571	27558	0
W	44843	7850	0
W	48503	43975	0
W	7559	29385	3
W	7560	22173	0
W	23133	122656	0
W	22948	5888	0
W	7563	545375	5
W	31271	7560	0
W	108527	9196	0
W	75551	20253	0
W	63900	18385	0
W	70870	837458	0
W	7565	1166865	0
W	60493	4929	4
W	58336	25999	0
W	64673	35196	0
W	40219	17638	4
W	133828	2993	2
W	22949	11154	0
W	35345	7009	0
W	58080	15407	3
W	7569	58951	6
W	49900	130744	4
W	7571	8609	0
W	31176	180696	0
W	84707	25105	0
W	154013	356	1
W	23300	8204	0
W	53317	33052	0
W	32138	8324	0
W	7574	1397288	0
W	54703	9329	0
W	84253	399	0
W	160338	182	0
W	28439	752	0
W	56745	2523	0
W	7577	6653	0
W	44140	65664	3
W	46913	22139	0
W	162736	466	0
W	7579	6677	0
W	65437	63729	0
W	62866	152	2
W	66389	6071	0
W	72882	4123	0
W	72107	95	0
W	22410	22750	4
W	135520	465	0
W	7583	672235	6
W	30512	35615	0
W	7584	15763	0
W	7586	12041	0
W	42136	9296	0
W	7591	213443	0
W	41693	30496	0
W	38698	7235	3
W	51365	23340	0
W	40525	108863	0
W	45342	89253	2
W	33487	369527	0
W	20295	11213	4
W	30007	150922	0
W	70302	59889	0
W	81458	4944	3
W	60801	756	0
W	53740	1729	0
W	60604	71039	0
W	86028	4835	3
W	69917	77639	6
W	7600	5099	0
W	7601	15877	0
W	36325	7579	0
W	75350	1144	0
W	7604	1112316	0
W	56822	85586	0
W	149355	4629	0
W	7605	22154	0
W	66384	1429	0
W	115326	4250	4
W	40486	1065	0
W	54979	2526	3
W	46325	10253	0
W	100958	2747	0
W	41805	3721	0
W	36250	208348	0
W	7607	614	0
W	32468	765	0
W	58071	25194	0
W	47432	10444	0
W	93169	17625	0
W	100916	168	0
W	38352	31580	3
W	83778	1343	0
W	70526	7319	0
W	75402	4543	0
W	22315	12267	2
W	55730	1723	0
W	7612	2430847	5
W	101086	17759	0
W	7613	4529	0
W	77511	81266	0
W	55731	27012	3
W	55732	10240	0
W	159855	1634	0
W	7617	338623	0
W	93909	15325	0
W	143106	1310	0
W	39063	2135	0
W	55616	305	0
W	75159	5169	0
W	22411	550462	0
W	60215	102918	0
W	69354	41095	0
W	79146	103324	0
W	135699	1804	2
W	60628	1584	0
W	132977	3227	2
W	7622	16431	0
W	7623	4860	0
W	66347	36521	0
W	67512	616	3
W	54955	59098	0
W	127819	9639	1
W	138607	1672	3
W	28155	19974	4
W	81793	3149	0
W	22316	61587	3
W	44061	71260	0
W	71870	212296	0
W	130173	7258	0
W	55189	98200	0
W	71248	1198	2
W	7628	42144	0
W	58030	4256	0
W	115677	860	0
W	109561	48	0
W	67411	155705	0
W	72676	10940	6
W	7632	3216776	5
W	33668	195406	0
W	73664	4172	0
W	33477	231107	0
W	32405	190763	0
W	77026	113253	0
W	7637	242081	0
W	7638	2648	0
W	46098	27942	0
W	33071	6595	0
W	161401	11061	0
W	57684	9154	0
W	75421	2815	0
W	53544	183	0
W	7641	198	0
W	128711	197	0
W	65745	2912	0
W	57865	210884	0
W	149357	1144	0
W	44489	706	0
W	56042	32978	0
W	156409	3183	1
W	30513	19766	1
W	7643	4851	0
W	7644	114230	0
W	97614	15838	0
W	123050	47277	0
W	81845	3483	0
W	128075	1117	0
W	91980	833	2
W	113918	1723	0
W	69994	14987	3
W	76669	165801	0
W	22412	550104	0
W	54240	8657	0
W	54048	32973	0
W	48517	226723	3
W	32185	16960	0
W	38979	113293	0
W	43200	33137	0
W	75047	3707	5
W	52891	27120	0
W	21660	122320	0
W	7653	7557	0
W	7654	1063399	0
W	7655	212770	3
W	20570	21392	4
W	43707	9476	2
W	47510	31302	0
W	7657	8318	0
W	43025	25301	0
W	7658	778989	5
W	7660	2110921	7
W	157520	7	2
W	52275	49665	0
W	118352	21136	2
W	50003	551	0
W	7663	156252	0
W	51198	20464	0
W	33242	8536	0
W	31247	29248	0
W	129677	3374	0
W	7665	54812	5
W	71477	26951	0
W	108258	2873	1
W	57807	6230	0
W	56335	111292	4
W	162974	4358	0
W	158220	12092	0
W	135060	15008	0
W	49234	8415	0
W	46991	42201	3
W	50667	3440	0
W	7674	2527	0
W	25697	2499	2
W	44437	6599	0
W	51419	27427	3
W	36198	63834	0
W	71634	5721	2
W	41694	25832	0
W	26698	51224	0
W	7677	4556	0
W	66149	325	0
W	57728	11909	0
W	66911	125	3
W	62016	2515	2
W	32028	4824	0
W	82299	3522	0
W	7685	2283	2
W	22952	4362	0
W	62973	1882	0
W	7688	19587	0
W	128726	432	0
W	69951	169	2
W	50658	244	3
W	22413	99910	4
W	65772	2654	0
W	51755	2206	1
W	51312	2772	0
W	22953	45816	1
W	50177	13916	0
W	37534	63442	0
W	66430	3083	0
W	116326	3060	0
W	48572	6033	0
W	20984	24897	0
W	29813	471062	0
W	76860	59697	0
W	98882	4190	0
W	41988	48072	0
W	142525	706	2
W	84033	11723	0
W	67626	5958	0
W	54454	234	0
W	38916	16169	0
W	60544	3458	0
W	49292	966907	8
W	25957	12927	0
W	62677	2678	0
W	75452	77445	0
W	140675	567	0
W	44909	5470	3
W	161233	29711	0
W	101394	1843	0
W	49549	112148	0
W	7694	103	2
W	52060	16762	0
W	22468	43799	0
W	68672	24115	0
W	76100	3319	0
W	7697	1911958	6
W	67588	34121	0
W	66408	42030	0
W	55990	38251	0
W	36811	6830	4
W	82241	1056	0
W	54377	37751	0
W	56522	2983	0
W	68807	4093	3
W	21096	163267	0
W	50983	3155	0
W	41487	12543	0
W	7700	55612	0
W	20455	139788	6
W	126365	6107	1
W	45036	34934	0
W	131204	58	0
W	127024	123	0
W	67494	11396	2
W	50196	52278	0
W	43605	33738	0
W	25785	68640	0
W	74464	27144	0
W	68128	34432	0
W	32350	5622	0
W	121027	3467	0
W	34743	73343	3
W	29648	64287	0
W	33222	41990	0
W	104116	3866	0
W	39850	2534	4
W	52755	14728	0
W	93746	1558	0
W	61437	5153	0
W	128140	625	0
W	150256	1100	0
W	7709	47	0
W	105338	6200	0
W	63239	46547	0
W	35261	82744	0
W	49015	548	0
W	149287	1856	0
W	67320	26254	0
W	30038	4869	0
W	111454	514	0
W	30634	169538	0
W	25958	35924	3
W	31359	12450	0
W	23180	7702	0
W	22414	48551	0
W	7714	32124	0
W	66696	6081	0
W	32666	1698	0
W	35677	6768	0
W	7719	585558	5
W	21799	91748	0
W	35431	756	0
W	7723	5679	0
W	161948	48683	3
W	64896	12606	0
W	7725	1160066	6
W	123892	219	0
W	34744	223194	0
W	164924	3518	0
W	34834	50355	0
W	33762	132915	4
W	77902	31639	0
W	144411	2117	0
W	55083	28905	5
W	62030	182091	0
W	40589	8359	0
W	29796	93807	0
W	49210	28101	4
W	110768	1041	0
W	55549	10253	2
W	108383	2066	0
W	20895	18640	0
W	40220	3121	0
W	7728	36189	0
W	53318	12226	0
W	46983	24828	0
W	51539	8117	0
W	44382	3170	2
W	60853	98366	0
W	71718	45046	1
W	81718	2936	0
W	49730	58330	0
W	101937	3766	0
W	47835	72765	0
W	117560	5257	0
W	58656	15300	4
W	164455	1368	1
W	28264	200143	0
W	47033	26458	0
W	46273	40702	0
W	118528	795	0
W	36091	142080	0
W	40267	124338	0
W	57004	1799	3
W	53426	3496	0
W	21368	406603	0
W	163083	213	3
W	20340	72469	5
W	7744	39	0
W	7747	12851	0
W	20390	27504	5
W	7750	12385	0
W	77861	21068	0
W	69860	62254	0
W	70749	11662	0
W	77554	9209	0
W	7753	1672	0
W	58969	1319	0
W	26699	32142	0
W	7754	592111	4
W	36333	1607	0
W	7755	22790	0
W	7756	474959	0
W	58657	16945	0
W	70775	4481	0
W	7757	1545405	0
W	60093	3356	0
W	133430	1843	3
W	46191	66	3
W	42700	4223	0
W	60051	6295	0
W	69014	50375	0
W	166454	3619	3
W	47262	9422	3
W	37223	2343	0
W	55178	84743	0
W	66160	28623	0
W	7760	1111	0
W	22317	8373	0
W	7762	177461	0
W	7763	39779	0
W	33121	28025	0
W	21456	2034	0
W	50741	34989	0
W	67436	1429	0
W	134669	3754	0
W	26547	33915	0
W	61308	34424	0
W	7768	104749	4
W	65905	22195	0
W	80202	46179	0
W	7769	38400	0
W	61539	47817	0
W	49181	7635	0
W	7770	216906	0
W	55243	4966	0
W	167907	444	0
W	67881	2250	0
W	69700	126985	0
W	121384	856	1
W	63208	14188	0
W	53789	775	0
W	37312	38215	0
W	62344	227290	5
W	82987	9788	0
W	7774	121878	0
W	31229	127749	0
W	37003	216195	0
W	49728	68830	0
W	68184	18403	4
W	66092	794	0
W	111540	888	0
W	7777	5137740	0
W	66729	11472	0
W	97775	26520	0
W	94130	654	0
W	131358	5669	0
W	46055	3174	0
W	61130	1863	0
W	89754	15768	0
W	21825	1546	3
W	61712	29173	0
W	52722	21847	0
W	55443	12761	4
W	30009	2661	0
W	21713	31084	4
W	94300	3770	0
W	38443	11664	0
W	33972	135991	0
W	32590	13741	0
W	59031	1295	0
W	30010	2095	1
W	78770	36091	0
W	53042	16089	0
W	118353	7660	0
W	7785	5185	0
W	139934	7629	0
W	39365	48909	4
W	70901	728	0
W	40800	23757	5
W	53202	11487	4
W	32522	117136	0
W	110337	38212	0
W	122493	120	0
W	7789	101631	0
W	39575	26432	0
W	81884	2786	0
W	30606	253056	0
W	52525	34145	0
W	114171	4342	0
W	66651	1117	0
W	30526	53280	0
W	158407	59	0
W	83741	5801	0
W	48809	98	0
W	36239	46611	0
W	48661	1243	0
W	7793	554337	0
W	161788	69	0
W	81399	12842	0
W	81885	9647	0
W	42361	39138	0
W	60138	34269	0
W	100124	50425	0
W	62893	633	0
W	33669	16860	0
W	32431	231610	0
W	92032	16634	0
W	141852	1753	0
W	44246	19883	0
W	84113	26462	0
W	79192	8252	0
W	131378	41	0
W	39705	78769	0
W	7798	220869	0
W	42857	90998	0
W	160116	4475	2
W	62807	17430	0
W	7800	2268	3
W	106703	920	0
W	44018	17679	0
W	30011	663	0
W	36853	4703	0
W	54225	6779	0
W	56153	51859	4
W	7804	4294549	0
W	62879	15109	0
W	73736	28953	0
W	36989	5673	0
W	55959	516	2
W	108440	768	0
W	56708	34519	3
W	43618	77165	0
W	125636	40495	0
W	35987	149106	0
W	167297	665	0
W	75899	8645	1
W	26629	104066	3
W	21457	97796	0
W	103341	3765	0
W	114265	1788	0
W	56884	96625	0
W	46150	57666	0
W	7812	152589	0
W	33608	7632	0
W	34745	143964	0
W	28223	307715	0
W	54514	94514	0
W	72695	9053	0
W	100509	11552	0
W	20985	156303	0
W	96627	1741	0
W	21323	169463	0
W	87349	7027	0
W	51632	6103	0
W	64037	5250	0
W	68729	24289	0
W	67461	13984	0
W	71236	7059	0
W	64587	47857	0
W	76763	413383	0
W	128360	1334	0
W	50757	28582	0
W	67495	53425	0
W	35451	114986	3
W	7824	15825	0
W	57891	9245	3
W	156042	5401	0
W	20508	221683	0
W	56394	17289	0
W	37841	59796	0
W	34816	162043	0
W	81075	27368	0
W	44851	7123	0
W	50529	6618	0
W	72918	399	0
W	66405	821	0
W	126844	917	0
W	58930	458	0
W	60132	50280	0
W	37107	1939	0
W	49664	15569	3
W	7830	549437	6
W	33243	12786	0
W	127875	3475	0
W	65543	195507	0
W	20509	52320	5
W	64882	81157	0
W	45011	3245	0
W	44871	29708	0
W	37245	31612	0
W	39861	13989	0
W	64614	8582	0
W	44024	53037	0
W	33716	103013	0
W	7835	21467	0
W	37078	5932	0
W	134850	1765	0
W	22271	93215	4
W	136975	3509	0
W	29103	55530	0
W	40568	61300	0
W	73328	31222	0
W	130174	593	0
W	161743	10989	2
W	7842	1030930	0
W	74788	1794	0
W	43517	20525	0
W	7843	49870	0
W	33003	161288	4
W	32139	75277	0
W	55610	35222	0
W	29262	19195	0
W	53030	63793	0
W	7845	5526	0
W	34616	610885	0
W	112103	5869	0
W	39270	6670	0
W	21771	110946	0
W	29171	106727	0
W	49371	4076	0
W	7852	497823	6
W	54176	2445	0
W	45957	28927	0
W	118779	7451	0
W	40468	4226	0
W	55811	579	0
W	114964	7348	2
W	28110	607920	5
W	79739	8146	0
W	77421	34751	0
W	51139	25917	0
W	66658	23484	0
W	105397	475	0
W	64588	6200	3
W	25905	49520	4
W	76789	35579	0
W	21958	777	0
W	36695	3547	0
W	37414	247045	4
W	102146	8175	0
W	7859	1429471	6
W	106850	94	0
W	43343	92347	0
W	56709	12994	0
W	62808	20018	5
W	98417	2653	0
W	7860	7449	0
W	44256	1400	0
W	107473	1721	0
W	72191	14883	6
W	7861	18934	3
W	55190	2071	0
W	7862	2440	0
W	68687	30132	0
W	38371	21206	0
W	44832	18727	0
W	73368	2905	2
W	93154	42263	0
W	7866	21188	0
W	72831	26982	0
W	83408	7014	0
W	63055	53731	0
W	36298	32272	0
W	55008	6226	0
W	57603	942	0
W	71922	142	0
W	29195	100405	0
W	53205	14617	0
W	60764	2493	0
W	46066	8049	0
W	42373	4573	0
W	128020	2827	0
W	7875	23563	0
W	7876	267	4
W	39289	8053	0
W	40221	49558	0
W	65961	12860	0
W	69057	3158	0
W	37842	31801	0
W	128206	1051	0
W	74054	18947	0
W	32641	22731	3
W	62875	5207	0
W	128354	934	0
W	81205	7916	0
W	7885	793130	6
W	46819	3431	0
W	39975	1525	0
W	51401	65380	3
W	131133	2389	0
W	33847	35617	0
W	7887	2920	0
W	22363	35644	0
W	75101	2847	0
W	39706	25765	0
W	149641	1306	1
W	22656	98	0
W	7888	4688	0
W	50890	46702	0
W	88044	2338	0
W	59451	25741	0
W	90000	7530	0
W	88711	7000	0
W	7891	146131	4
W	22657	628	0
W	95804	5658	0
W	7893	999	0
W	29611	336996	0
W	76696	86148	0
W	45037	134301	0
W	74820	1104	0
W	128001	1773	1
W	166699	57	3
W	77879	61300	0
W	49687	8278	0
W	21097	156096	0
W	36647	37404	0
W	127263	4800	0
W	50530	13127	0
W	168011	2778	0
W	73804	817	0
W	7895	6104	0
W	57082	74289	0
W	55658	4313	0
W	140305	3694	1
W	64481	18928	0
W	159148	195	0
W	47447	15076	0
W	49706	10050	4
W	69945	1084	0
W	44544	78582	0
W	32973	193509	0
W	41968	60947	0
W	139945	2289	2
W	7905	649	0
W	20814	38403	5
W	25809	6693	3
W	93635	8848	0
W	108260	2139	0
W	31898	19709	0
W	87100	4322	2
W	51273	1102	0
W	26725	1031	0
W	87053	3353	0
W	49235	556546	0
W	102601	7670	0
W	36349	8707	0
W	54209	210965	0
W	40068	6226	0
W	91381	2967	0
W	32538	19887	0
W	7912	15020	0
W	22658	3883	0
W	43344	2127	0
W	66018	14296	1
W	61336	193	0
W	47291	5089	0
W	64705	9292	0
W	49153	12098	0
W	7913	556961	0
W	129501	300	0
W	63904	1802	2
W	69211	8785	0
W	7918	155267	0
W	33989	825	0
W	69911	15881	0
W	107601	2030	0
W	58426	13431	0
W	58517	11445	0
W	7922	105636	0
W	64076	511244	0
W	73183	42337	2
W	166067	10797	4
W	60975	132290	0
W	74143	7586	0
W	33693	119048	0
W	54197	19564	0
W	100260	7083	0
W	76790	142056	0
W	75702	1978	0
W	63580	10121	0
W	57453	18350	0
W	35303	11835	0
W	7926	3261	0
W	159987	2617	0
W	7927	337256	4
W	115673	2754	0
W	20391	11995	0
W	7930	66956	4
W	49729	31542	0
W	48551	19851	0
W	131333	2671	0
W	29104	69179	0
W	7932	13491	0
W	55550	13236	0
W	34605	637371	0
W	20736	56666	0
W	50801	247545	0
W	164925	5213	2
W	81096	32096	0
W	44057	16164	0
W	136656	3214	0
W	36133	259477	0
W	7941	6584	2
W	38665	4885	0
W	94275	6948	0
W	53003	781	0
W	126251	1031	0
W	92158	2502	0
W	7947	91408	0
W	75902	3216	3
W	133799	2889	3
W	63917	19488	0
W	97626	14113	0
W	31712	9259	0
W	54287	15562	4
W	52963	4671	0
W	56939	104136	0
W	32940	70444	0
W	66027	39603	0
W	29630	37222	3
W	7949	16919	0
W	65196	619	0
W	26827	4187	0
W	40041	1082	0
W	108759	59132	0
W	75654	174	1
W	42381	1202	0
W	39863	57729	0
W	144473	489	1
W	115653	840	2
W	37262	6352	0
W	58846	50861	0
W	7952	4728	0
W	32564	19577	0
W	109398	4685	0
W	33833	75582	0
W	34643	223555	0
W	59531	155776	0
W	38785	9927	3
W	46087	20333	0
W	121919	46	0
W	68529	3629	3
W	50809	50572	0
W	21458	2978	3
W	73833	17258	0
W	41605	3903	0
W	111871	1416	0
W	100141	13970	0
W	66697	7635	0
W	50710	13890	0
W	61803	111813	0
W	73066	5476	3
W	145682	135	0
W	107828	6788	0
W	135802	5850	0
W	56587	37313	4
W	7962	385968	0
W	41412	74187	0
W	168420	60	2
W	7963	82378	0
W	110354	3660	0
W	7964	5838	0
W	77386	47212	0
W	34746	72174	0
W	49587	138522	0
W	67583	64845	0
W	20688	98847	4
W	38980	154419	0
W	56807	26066	0
W	63520	9048	0
W	62361	14939	0
W	164111	149	0
W	65595	10609	0
W	33949	363456	0
W	32158	3957	0
W	7973	343	0
W	100984	1584	0
W	48973	18769	3
W	87350	13484	0
W	58385	12547	0
W	59822	3175	0
W	79515	5145	0
W	36405	97361	0
W	82336	73161	0
W	73079	12861	0
W	127997	9400	0
W	50783	841	2
W	56957	20038	0
W	135853	984	0
W	72983	2707	0
W	75011	2775	0
W	71992	15594	0
W	30572	365128	4
W	29797	291150	0
W	46844	10305	0
W	69368	13131	0
W	99309	4372	0
W	100143	8639	0
W	128456	861	0
W	71808	34090	3
W	7979	21743	2
W	119803	9023	0
W	82416	10854	0
W	64503	3850	0
W	68230	7657	0
W	44142	119688	0
W	74724	2773	3
W	48270	67249	3
W	45027	1571	0
W	64396	25203	0
W	73931	50408	0
W	106569	7763	0
W	7984	22517	0
W	40142	32786	5
W	63940	49419	4
W	7986	655182	0
W	55053	2052	2
W	130234	1910	0
W	53927	5849	0
W	113901	20830	0
W	115654	7747	0
W	63187	22396	0
W	21513	103745	0
W	38887	3971	0
W	165668	12	2
W	40577	3348	2
W	7989	3044	0
W	7990	54092	0
W	38427	23650	0
W	87316	6371	0
W	35492	5326	0
W	72272	125635	0
W	21033	10772	0
W	76994	230809	0
W	7996	151886	0
W	64756	15892	3
W	60948	27335	4
W	51331	13463	0
W	103599	8509	0
W	40975	21870	0
W	7998	93378	3
W	8000	1521433	5
W	28297	6013	0
W	47851	1886	0
W	29064	15236	0
W	104142	9504	0
W	154769	2924	1
W	37687	125534	0
W	133285	3776	0
W	68149	3189	0
W	70439	2734	0
W	132826	197	1
W	46779	12915	2
W	26806	34160	0
W	33568	52046	0
W	164806	816	2
W	32509	134253	0
W	22246	163416	0
W	36812	41803	0
W	61796	11041	3
W	58057	630	0
W	58642	14489	0
W	52938	31946	0
W	69836	3323	0
W	108302	531	0
W	57923	2741	0
W	8009	81836	5
W	92578	815	0
W	150270	1246	0
W	67408	1676	4
W	46729	464	0
W	60303	2031	3
W	75222	179	0
W	28440	2625	3
W	63319	163447	0
W	64892	156	0
W	71802	4116	0
W	79572	3001	0
W	32325	39835	3
W	30722	21743	0
W	22661	6546	0
W	80081	18687	0
W	29303	9315	0
W	80281	6203	0
W	138744	175	0
W	82091	6868	0
W	33783	59617	0
W	36251	17484	0
W	125411	7122	0
W	21098	5793	0
W	163038	2606	2
W	49951	10136	0
W	61554	20463	3
W	128079	2015	2
W	8025	2559	0
W	125119	20647	0
W	108123	682	0
W	56143	13930	0
W	65956	29620	0
W	8028	453368	0
W	100557	26132	0
W	8030	14164	0
W	121216	1001	0
W	128175	602	0
W	127067	1037	0
W	33503	5172	0
W	49696	10450	0
W	29897	137799	0
W	8033	58457	0
W	24921	121067	0
W	69630	294059	0
W	46337	79318	0
W	28387	169034	4
W	35193	117932	0
W	35474	100876	2
W	8035	506675	4
W	40917	4868	0
W	88947	116310	0
W	8040	12031	4
W	117224	23464	0
W	8043	356495	1
W	103342	4608	0
W	67537	2010	0
W	31177	84267	0
W	49928	12010	0
W	8045	2793256	0
W	86285	73327	0
W	71538	19014	0
W	30617	11676	0
W	128021	242	0
W	8047	140289	5
W	35397	63578	0
W	107048	17699	0
W	8049	334992	0
W	42701	8770	0
W	49373	81	0
W	52964	18487	0
W	60410	9386	0
W	73461	9321	0
W	59583	58112	0
W	37881	3457	0
W	38522	41076	0
W	164573	12960	4
W	8052	49226	0
W	8053	149068	0
W	8054	1449	4
W	93933	15922	0
W	60629	89973	0
W	51091	6035	0
W	153513	19	0
W	97627	3069	0
W	32432	156278	0
W	58089	9476	0
W	103943	3738	0
W	114434	878	0
W	86286	39457	0
W	33596	131735	0
W	8057	4477	0
W	8058	101778	4
W	75238	26754	2
W	110084	1239	0
W	8060	1419	0
W	61550	4686	0
W	58427	176831	0
W	50178	58369	0
W	95130	16091	0
W	8063	264265	0
W	69168	22064	0
W	62440	54146	0
W	34606	57310	0
W	50810	29314	0
W	51470	1836	0
W	31750	6832	0
W	135803	1515	0
W	8065	1966414	0
W	128315	1432	0
W	52816	108424	0
W	108174	105	0
W	135700	10115	0
W	21369	202266	0
W	61004	1617	0
W	8068	13883	0
W	20253	52483	0
W	69316	76	2
W	23198	78290	0
W	70362	35995	0
W	52917	31123	0
W	21608	125317	4
W	59689	1731	0
W	74701	1887	0
W	66947	1541	0
W	161787	5338	3
W	8072	5294396	6
W	37062	1721	0
W	8073	1367	0
W	8074	101738	0
W	51016	8015	3
W	51274	842	3
W	128111	4370	2
W	135370	17806	0
W	39877	718	0
W	53234	3085	0
W	58550	22999	0
W	86813	928	0
W	75415	41054	0
W	51275	178311	5
W	74578	20576	0
W	30565	2726	0
W	44904	42218	0
W	61178	36196	4
W	161528	4321	5
W	125120	1241	3
W	62055	23880	0
W	8080	4123	0
W	8081	44783	3
W	100945	40688	0
W	119150	11835	0
W	57005	120580	0
W	120878	13943	0
W	70614	1812	0
W	168044	43	2
W	30723	32613	0
W	61088	8978	0
W	75626	1532	0
W	48305	32850	0
W	67052	3182	0
W	64521	3728	0
W	59559	4888	0
W	39958	61734	4
W	61571	38689	0
W	119594	10586	3
W	8086	935908	0
W	52312	9790	2
W	23199	369287	0
W	31099	1131	3
W	75620	8096	0
W	41116	19674	0
W	29971	114825	0
W	84254	451	0
W	39851	45249	0
W	67213	3759	3
W	8095	275724	0
W	41819	210598	0
W	114071	2563	0
W	48518	122147	0
W	29845	40180	0
W	70218	1722	2
W	70242	215020	0
W	26828	20275	4
W	51276	168564	0
W	68934	41818	0
W	21151	28462	0
W	158253	608	3
W	71495	2328	0
W	52691	37	0
W	32452	119958	3
W	8100	272453	0
W	21152	43462	1
W	8103	137011	5
W	38303	9979	0
W	21099	72782	0
W	150463	92	0
W	58220	6846	0
W	28441	3992	0
W	58000	90597	0
W	168475	45	0
W	23262	20249	4
W	8108	766	0
W	75594	28685	0
W	163167	2298	0
W	35304	14106	0
W	39064	3174	0
W	75179	3804	0
W	62763	34529	0
W	33004	4056	0
W	33180	1576	0
W	8111	190507	0
W	54149	162010	2
W	55137	5545	1
W	35991	56589	3
W	8112	419139	5
W	52507	1843	0
W	97505	1246	0
W	86328	6343	0
W	42493	461	1
W	122850	4113	0
W	21514	274695	0
W	71890	460	0
W	68479	9886	0
W	64770	141915	0
W	145802	32635	1
W	8115	2500	0
W	47517	16202	0
W	42991	6118	0
W	126219	14	0
W	42534	1993	0
W	8117	70369	0
W	52946	784	0
W	28408	3813	0
W	30487	17980	0
W	48403	1096	4
W	97812	6585	0
W	106244	2275	0
W	120856	2233	0
W	64771	14504	0
W	31135	798143	0
W	49296	393	4
W	37225	1493	0
W	73337	4736	0
W	157477	224	0
W	132158	317	0
W	8122	670490	5
W	128077	129	3
W	61795	6217	0
W	22957	7268	0
W	41588	7551	0
W	20254	39833	5
W	126377	1353	0
W	8126	565541	6
W	20857	126120	4
W	8128	402429	5
W	60411	7272	0
W	55931	9535	0
W	86761	2952	0
W	45270	11227	0
W	8133	850684	4
W	40222	3576	0
W	159930	1927	0
W	75686	96	1
W	120169	114	0
W	49297	24484	0
W	158537	17541	4
W	168805	3607	0
W	111388	5647	0
W	52468	1378	4
W	140465	17612	0
W	8140	3141	0
W	114412	2825	3
W	49426	33919	0
W	55066	24558	0
W	112524	20293	0
W	8145	12502	0
W	62492	18027	0
W	21100	274331	5
W	8146	280606	5
W	49236	435482	0
W	75153	106082	0
W	52132	8185	0
W	164539	475	4
W	128962	12515	2
W	32103	1565	0
W	8148	3015	0
W	128049	20918	2
W	58601	3274	0
W	54017	4674	0
W	160869	348	2
W	8152	9154	0
W	58753	56983	0
W	78855	14986	0
W	58602	10215	3
W	32334	423460	0
W	46338	65236	0
W	127388	2457	0
W	45393	74321	0
W	76102	3301	0
W	57969	16591	0
W	84220	699	0
W	8155	10189	0
W	44089	8177	2
W	24922	24623	0
W	144783	302	0
W	8156	68647	0
W	75076	11507	0
W	51073	20501	4
W	38673	28970	4
W	63049	1538	3
W	8162	10924	0
W	40487	12385	0
W	8163	283052	0
W	131157	1778	0
W	53103	7720	1
W	55922	10508	3
W	22415	11540	0
W	49613	45117	4
W	8166	779916	0
W	34673	14457	0
W	109400	4533	0
W	20220	32146	4
W	8170	106362	5
W	166498	3203	1
W	20296	337695	4
W	51785	15295	0
W	69957	9044	0
W	33990	1023	2
W	8177	299065	5
W	50332	12435	0
W	36505	45133	0
W	61201	32467	0
W	72874	70	0
W	84561	891	0
W	47466	9648	0
W	117871	912	0
W	8182	39795566	6
W	37688	2408	0
W	129678	1601	0
W	8184	611048	0
W	39517	21671	5
W	32104	108486	0
W	21560	495144	0
W	32539	26981	0
W	95774	7221	0
W	69952	4597	0
W	117881	5270	0
W	21609	1407	0
W	69485	4384	0
W	75516	9118	0
W	43952	223401	0
W	73583	753	0
W	40285	10181	0
W	77387	24369	0
W	57313	40881	0
W	93358	1634	0
W	43572	135965	0
W	8193	1937746	0
W	49457	18716	0
W	8194	26653	5
W	8196	1400	0
W	30527	139442	0
W	41292	35517	2
W	72590	18402	0
W	38438	35130	0
W	130772	1225	0
W	81794	12149	0
W	8198	124507	0
W	160541	42	2
W	30013	105232	0
W	106851	105	3
W	53150	33347	0
W	120909	2419	0
W	26675	89893	0
W	78814	24230	3
W	40619	4442	0
W	39425	38798	0
W	68472	4761	0
W	8202	9645	0
W	8203	57115	0
W	83978	139310	0
W	8204	92194	0
W	57443	58254	0
W	66917	9834	0
W	55860	12692	0
W	8207	2348	0
W	28127	1165	0
W	31928	8452	4
W	145456	105	0
W	8208	115326	0
W	67679	24441	0
W	54307	41906	0
W	46792	16098	0
W	8212	35102	0
W	67293	528	0
W	34690	1724	0
W	37551	24137	0
W	35351	174966	5
W	77635	7882	0
W	31379	151762	0
W	41806	45383	0
W	67244	43102	0
W	32523	5904	3
W	31336	74735	0
W	37283	13531	4
W	36116	34299	4
W	85344	12583	0
W	38455	35654	0
W	134308	8309	2
W	37186	1384	3
W	47473	70666	3
W	97615	36109	0
W	63765	33848	0
W	134309	1112	0
W	8219	71614	0
W	8220	171116	0
W	127319	19216	0
W	23134	264819	5
W	39707	183621	0
W	88312	6033	0
W	84255	298	0
W	37862	11221	0
W	49211	31183	0
W	127831	53	0
W	43852	87734	0
W	117245	12273	0
W	149190	3389	0
W	65395	9368	0
W	22958	748	0
W	32211	347754	0
W	62539	78555	0
W	77680	4596	0
W	8231	1093495	0
W	165962	603	4
W	8233	44239	0
W	8234	7159	0
W	145540	901	0
W	57842	22604	2
W	93910	8721	0
W	85076	2618	0
W	72437	74322	0
W	37284	3088	0
W	30724	251735	0
W	75735	37204	0
W	31152	35990	0
W	57934	1629	2
W	8236	854	0
W	72448	5284	0
W	34674	143661	3
W	165623	691	2
W	8244	5695	0
W	36117	198518	0
W	8245	2134439	6
W	45343	366483	0
W	43038	12316	0
W	36896	18667	0
W	29105	62702	0
W	31360	608693	0
W	26530	52781	0
W	51131	42038	0
W	125141	157	0
W	60897	72592	0
W	8250	220853	0
W	32484	53341	0
W	106328	3871	0
W	25786	43160	0
W	73195	31962	0
W	56183	787	0
W	8252	50630	0
W	47502	43177	2
W	160580	1092	2
W	8254	8516525	5
W	26285	119793	0
W	8255	1999	0
W	37004	6679	0
W	115674	475	0
W	73809	51289	0
W	32064	29065	2
W	41807	199533	0
W	58293	2218	0
W	40401	7327	0
W	68037	12062	0
W	8265	231305	0
W	117640	595	0
W	20638	5363	2
W	126052	42733	4
W	39719	5923	0
W	143546	55	0
W	46752	52387	0
W	141968	177	0
W	31880	86535	0
W	62880	8481	0
W	62475	72	0
W	159403	120	0
W	8268	45549	0
W	20815	17406	0
W	57282	2036	0
W	51140	14705	0
W	8270	1516	3
W	134453	6302	0
W	8271	118889	0
W	35262	46424	0
W	101425	332	0
W	8272	17796	0
W	131218	15989	0
W	51847	5685	0
W	98649	756	0
W	31115	6177	3
W	35157	29011	0
W	25810	7925	0
W	60961	20006	0
W	22959	3895	0
W	20255	98852	6
W	8276	37455	0
W	40925	14860	3
W	107933	2518	0
W	36134	11909	2
W	79160	109826	0
W	33191	55070	0
W	70975	1480	0
W	125121	6194	0
W	32540	33770	0
W	64914	7585	3
W	75092	3766	0
W	62056	3302	0
W	36572	10424	0
W	44454	280048	0
W	80877	45543	4
W	56800	9406	0
W	31125	2044	2
W	94489	732	0
W	8282	28744770	6
W	119804	5561	0
W	161180	65783	2
W	31272	12330	0
W	26568	14885	4
W	72282	50590	0
W	21324	39464	2
W	103625	1760	0
W	36813	5955	0
W	92502	4551	0
W	65583	6930	0
W	74764	259260	0
W	80306	105661	0
W	73654	13015	0
W	76542	324884	0
W	42774	221769	0
W	39643	6246	3
W	59990	4560	0
W	8289	147008	0
W	41327	5120	0
W	122351	2349	0
W	68251	6583	3
W	68874	838	0
W	31713	144543	4
W	8293	401618	0
W	23601	321	0
W	119927	12105	0
W	40697	2858	4
W	8296	127943	0
W	39959	116759	0
W	8297	20983	5
W	128311	829	0
W	118435	13863	0
W	35742	22470	0
W	8299	10582	0
W	62368	55406	0
W	48562	50726	0
W	60483	96325	0
W	40177	12479	3
W	40643	85861	0
W	61340	7931	0
W	74942	117	0
W	73053	15852	3
W	37737	874	0
W	72656	38068	4
W	63424	12796	0
W	119619	1223	0
W	32974	10427	0
W	110684	67	0
W	8302	587935	0
W	52693	83331	4
W	8305	3955	0
W	21261	74963	0
W	54198	2066	0
W	35098	7594	3
W	165905	10155	3
W	73954	13483	0
W	60949	32268	2
W	28442	177933	0
W	8309	5562	0
W	8310	28262	0
W	161903	2460	0
W	88373	6573	0
W	131374	34	0
W	90855	7129	0
W	8312	2087	0
W	87953	6693	0
W	100459	1393	0
W	20456	241557	0
W	50179	2286	0
W	49248	1063	0
W	62402	27967	0
W	163280	3352	0
W	8315	2297	0
W	116552	1400	0
W	8317	16769	0
W	120943	40007	0
W	20923	74206	5
W	8318	40704	3
W	64312	43177	0
W	77846	56782	0
W	110062	2194	0
W	47860	31964	0
W	78249	34515	0
W	106039	39005	0
W	153421	37016	2
W	72173	20368	0
W	30514	82882	0
W	62535	34021	0
W	61287	47858	0
W	89081	2842	0
W	126964	134	0
W	80728	6846	0
W	74543	1052	0
W	68068	13250	3
W	41695	13646	0
W	34644	100848	0
W	127791	1572	0
W	79307	36282	0
W	118436	43077	0
W	65654	11091	0
W	43278	13855	3
W	8330	958	0
W	39581	73666	0
W	20689	400009	0
W	142456	354	1
W	49458	799	0
W	73594	19125	0
W	8332	103688	0
W	8333	35388	0
W	69889	46179	0
W	134115	5459	0
W	41198	15603	0
W	127914	578	0
W	8334	17462	0
W	47064	30995	4
W	20640	99905	0
W	110262	1154	0
W	21325	51024	0
W	41191	65857	0
W	84158	5074	0
W	136654	1620	1
W	57866	14004	0
W	46339	1454	0
W	53329	111456	0
W	123905	147	0
W	8337	14006	0
W	8338	1712	0
W	159120	767	0
W	148048	1259	2
W	8341	814	0
W	8343	3924719	5
W	54726	48232	4
W	128012	227	0
W	40578	20569	0
W	39919	44171	4
W	54515	56882	0
W	8345	352549	0
W	44886	26786	0
W	57128	30582	1
W	28157	1106	0
W	20737	107190	0
W	72495	3780	0
W	8347	11348	0
W	75149	45596	0
W	8349	700350	0
W	36605	32794	0
W	22667	10861	0
W	39279	15761	0
W	8353	1283123	4
W	54676	14378	0
W	74982	16794	0
W	69033	94573	0
W	62505	161505	0
W	29271	112638	4
W	33570	61479	0
W	21661	728065	0
W	29252	38262	5
W	49299	10166	4
W	127879	1409	1
W	69905	2957	0
W	68847	141428	0
W	63775	1213	0
W	44490	32359	0
W	93359	5559	0
W	64591	12867	0
W	52695	929	0
W	8365	82452	0
W	8366	453190	5
W	69529	89776	0
W	55109	70499	2
W	49212	12663	0
W	54186	6480	1
W	8369	28431	0
W	42002	125982	0
W	67533	14011	0
W	41040	6173	0
W	42943	15823	0
W	136932	16117	0
W	43542	5845	3
W	22668	11251	0
W	63861	139127	0
W	37264	240422	0
W	78856	23639	0
W	83742	2841	4
W	28265	10916	0
W	46992	17521	3
W	8374	28058	3
W	32374	13111	3
W	40493	81499	0
W	52781	106	0
W	39944	150335	0
W	141436	8091	0
W	69735	56076	3
W	64105	16604	0
W	51403	54331	1
W	42658	38036	0
W	88578	842	0
W	37574	17916	0
W	144704	15986	0
W	61231	50921	0
W	106852	13168	3
W	37852	131483	0
W	112195	3370	0
W	37740	3502	3
W	25935	17275	0
W	50891	26703	0
W	31322	9215	3
W	8385	1632587	6
W	8387	328535	5
W	86043	6495	0
W	54899	24710	0
W	90524	2405	0
W	28089	334497	0
W	35166	30755	3
W	48404	166055	6
W	35456	4522	0
W	103918	16270	0
W	162837	7160	1
W	20221	5733	4
W	57809	7981	0
W	165442	5232	1
W	56921	8548	0
W	21800	12488	2
W	59078	165292	2
W	107220	3213	0
W	42784	151695	0
W	168360	92	2
W	8390	560	0
W	42775	100956	0
W	52681	16452	0
W	8393	4671394	6
W	42440	15529	0
W	75669	7619	0
W	127880	4973	0
W	8395	1815	0
W	131579	11507	0
W	89383	4697	0
W	84256	285	0
W	29814	35243	0
W	44628	77851	0
W	160683	2363	2
W	34723	1439	0
W	72042	288931	0
W	28409	161085	2
W	75333	16	0
W	134863	26254	0
W	50078	2800	0
W	8398	1320	0
W	8399	2841	0
W	21101	17442	4
W	32105	62228	0
W	38279	99103	0
W	128022	6495	0
W	67959	25956	0
W	31195	306	0
W	56026	10900	0
W	110263	6712	2
W	8403	27569	0
W	36678	42875	0
W	41098	90732	0
W	20297	311838	0
W	55110	7403	0
W	58911	7255	3
W	124915	694	0
W	53698	35527	0
W	107751	723	0
W	8407	9533	0
W	58970	94268	0
W	8408	178641	0
W	23135	71267	0
W	53203	1764	4
W	38645	73720	0
W	115991	1900	0
W	8410	3553	0
W	58866	16543	0
W	8412	49506	0
W	20392	137193	3
W	72537	50724	0
W	55289	238000	0
W	148156	5119	0
W	8413	296183	0
W	38917	2443	3
W	109361	6500	0
W	62991	14047	0
W	29173	683	0
W	143107	3066	0
W	62255	42051	0
W	166716	2658	0
W	8414	402446	0
W	53962	12931	0
W	35364	43136	0
W	8421	60032	0
W	55960	9202	0
W	42827	18872	0
W	8423	1449	0
W	66314	10530	0
W	80000	42050	0
W	156624	548	0
W	43279	8523	0
W	77904	38993	0
W	8424	984613	0
W	44629	56528	4
W	65120	7861	0
W	71235	1370	0
W	8426	620840	0
W	118622	9213	0
W	37843	5054	0
W	36861	14740	0
W	54783	750	0
W	46526	35465	0
W	21610	180213	0
W	98476	2695	0
W	50869	33523	0
W	51189	1338	0
W	32375	36037	0
W	147637	45	3
W	106604	5823	0
W	111699	2128	0
W	69792	9297	0
W	43126	1225	0
W	155328	1976	0
W	50908	141607	0
W	69979	9109	0
W	68742	3584	0
W	22960	2302	0
W	50880	23641	0
W	29045	3111	0
W	39224	22807	0
W	45525	2210	0
W	8431	4551279	6
W	80412	5936	0
W	55509	10840	0
W	132978	382	0
W	106853	55	0
W	65881	3469	0
W	20690	35400	0
W	25811	14963	4
W	74329	139	3
W	128478	1762	0
W	39228	2385	0
W	55021	1520	0
W	125202	658	0
W	87433	629	0
W	97653	3344	0
W	21742	50820	0
W	8435	892229	0
W	28158	4153	0
W	147526	3282	0
W	8437	1178345	5
W	158396	36	0
W	67985	51870	4
W	112801	4075	2
W	37561	139312	0
W	40699	3044	0
W	45351	4084	0
W	47538	12585	2
W	20691	365285	0
W	36854	56326	0
W	21199	226925	0
W	127766	1773	0
W	160642	1871	3
W	64977	17148	0
W	73867	22924	4
W	116168	26880	0
W	33597	2885	0
W	30697	28186	0
W	148097	1353	0
W	43619	10510	0
W	8443	6201	0
W	33670	2848	3
W	157524	17	0
W	152001	516	0
W	8448	75459	0
W	41826	19176	0
W	107910	1302	0
W	8450	38474	3
W	87382	7258	0
W	126485	25402	0
W	29853	199201	4
W	123742	3619	1
W	42189	10101	3
W	168237	596	0
W	49079	136661	0
W	28388	88240	0
W	8452	4651187	5
W	37079	27547	0
W	75558	6099	0
W	40926	2158	2
W	20816	115823	0
W	60438	7155	0
W	73213	29208	2
W	36793	198	0
W	8460	1321	0
W	48549	50183	0
W	55349	4128	0
W	56523	19806	0
W	8464	212825	0
W	146391	2328	0
W	21611	250310	3
W	97813	2856	0
W	119356	1494	2
W	37529	2526	0
W	50041	15089	0
W	115655	6202	0
W	35682	20650	0
W	31899	145699	0
W	65093	107946	0
W	50772	139654	0
W	25763	7438	0
W	78116	13477	0
W	8467	175046	0
W	65957	95784	0
W	59927	42787	0
W	36648	89931	0
W	128295	1130	2
W	72833	19380	0
W	77862	9151	0
W	8468	664305	6
W	8469	38788	0
W	144563	14471	2
W	49740	38360	0
W	56574	4309	0
W	70986	25022	4
W	66640	8546	0
W	8472	1204866	4
W	97616	36981	0
W	149558	8866	0
W	33223	56070	0
W	133730	57782	3
W	70648	40911	0
W	55617	899	2
W	43833	16141	0
W	103110	2700	0
W	74515	2643	0
W	8482	3677310	0
W	65078	21592	0
W	78771	12411	0
W	52751	9561	0
W	41293	1706	0
W	40801	8829	0
W	50155	8548	2
W	28298	1220	0
W	80879	45427	0
W	31208	39619	0
W	40435	1272	1
W	52357	7884	0
W	8485	145336	0
W	20817	21734	0
W	50909	30665	0
W	21102	87767	0
W	78236	41838	0
W	72922	23480	0
W	145211	2963	0
W	36240	7745	0
W	71414	69015	4
W	40178	716	3
W	41182	144814	0
W	31045	8377	0
W	149686	3177	2
W	32667	25234	0
W	36480	65432	0
W	54150	31745	0
W	49958	114	0
W	167475	78	2
W	47027	73964	0
W	50742	18298	0
W	36190	582191	0
W	8495	524214	0
W	8496	28929	0
W	57586	16926	0
W	80900	35223	0
W	63451	8419	0
W	41574	54514	0
W	142617	52334	0
W	54536	54186	1
W	66974	6260	0
W	115678	3487	0
W	106210	43970	0
W	48722	4367	0
W	8502	541	0
W	55320	6865	0
W	22672	1028	0
W	133800	2592	0
W	64990	127787	0
W	8503	64965	0
W	8504	418458	5
W	50079	6226	0
W	31752	2748	0
W	52325	26561	3
W	54662	82215	0
W	107934	8313	0
W	48632	16226	0
W	39466	26910	3
W	33181	14776	0
W	53623	112515	0
W	38688	149212	0
W	80645	8240	0
W	87351	4998	0
W	99537	4453	0
W	122051	7817	0
W	82798	7949	0
W	8508	4769	0
W	70627	22852	0
W	40995	18916	0
W	63697	20022	5
W	157525	93	0
W	42757	17075	0
W	42023	75130	0
W	160406	2898	2
W	108306	297	0
W	8514	71426	0
W	8515	105909	1
W	137953	13276	0
W	163630	19681	3
W	66474	2375	0
W	61482	7510	4
W	8516	12555	0
W	66767	3982	0
W	36334	4729	0
W	47886	143915	3
W	8518	1588182	0
W	8519	1026885	0
W	73700	2555	0
W	8523	28239	0
W	30528	202429	0
W	25860	151527	3
W	74318	1808	2
W	40419	2418	0
W	8530	275714	0
W	51044	178	2
W	157084	23	0
W	34587	7798	0
W	74303	20240	0
W	119642	4436	0
W	23263	422417	0
W	67831	8110	0
W	22963	32647	0
W	21612	19769	0
W	80011	34156	0
W	157237	806	1
W	26630	276392	0
W	79262	33501	0
W	150910	4864	3
W	75273	11778	0
W	79263	9144	0
W	8537	82894	0
W	8538	1083227	0
W	8539	3030	3
W	78879	24245	0
W	35698	134018	0
W	23602	1355	0
W	65928	3282	3
W	21714	3105	3
W	31729	67797	0
W	69940	54544	4
W	48271	34681	0
W	68475	35364	0
W	8544	35991	0
W	8545	297501	0
W	8546	84009	0
W	54199	36672	4
W	8547	7785	2
W	80012	45634	0
W	8549	16717	1
W	104957	6354	0
W	8553	2486922	0
W	35511	42203	2
W	8554	70429	0
W	30240	5297	3
W	81887	7577	2
W	53429	28064	0
W	20774	206596	0
W	45828	59668	0
W	105340	6573	0
W	165966	1686	2
W	67560	35171	0
W	8559	177209	5
W	53547	272	0
W	64333	80841	0
W	50182	11061	3
W	38036	5453	0
W	57028	184608	0
W	162644	57	2
W	33694	4454	0
W	46527	4630	0
W	79026	12396	0
W	76713	146496	0
W	137923	444	0
W	147825	76	0
W	65072	2308	0
W	92102	6833	0
W	65094	4509	3
W	28233	26682	4
W	164521	6844	0
W	30698	4610	4
W	53129	51554	0
W	69470	19335	0
W	67247	7695	0
W	73244	3586	0
W	8565	199535	0
W	8567	81399	0
W	142839	1120	1
W	74492	18855	2
W	53206	8576	0
W	118126	4177	0
W	79699	24016	0
W	30488	176	3
W	50502	6475	0
W	64357	51321	0
W	54288	13756	3
W	26548	191792	0
W	50241	22933	5
W	130809	105	0
W	42382	1286	0
W	80043	10525	3
W	160321	4615	0
W	90067	12714	0
W	43160	2716	0
W	57454	2107	0
W	120819	15473	1
W	44007	61953	3
W	29304	77001	0
W	8579	49817	0
W	43533	2037	0
W	38880	42649	0
W	42653	2973	0
W	65043	1671	0
W	8583	68908	0
W	50618	53389	0
W	150441	1053	0
W	57642	35588	0
W	113265	3366	0
W	23136	91011	0
W	22673	8806	0
W	8586	2190	2
W	130550	1431	0
W	43991	1895	3
W	49459	5826	4
W	21613	5587	0
W	8589	2041	0
W	83092	3993	0
W	8590	57266	0
W	81888	2463	0
W	54141	1799	0
W	47511	21988	0
W	20341	181664	4
W	37436	51155	0
W	70579	4685	0
W	115543	4598	0
W	165954	547	0
W	49054	7242	0
W	23264	61721	0
W	87917	4658	0
W	66420	6720	0
W	8594	2596	3
W	72108	193	0
W	57399	111065	1
W	8595	14199	0
W	147755	8832	0
W	29196	178803	0
W	74397	9187	0
W	54981	34415	3
W	63154	6738	0
W	60532	1848	0
W	65174	56500	0
W	124431	99	0
W	68343	4093	0
W	34691	9497	0
W	8597	7423	0
W	160204	4875	1
W	29898	99460	0
W	47684	606	0
W	64870	7707	0
W	125122	37407	0
W	91309	18851	0
W	61392	22765	0
W	21969	2989	0
W	54409	3799	0
W	58075	61056	0
W	38456	75836	3
W	20641	226078	0
W	8600	962033	0
W	64919	102099	0
W	8601	42921	3
W	68549	4098	4
W	148364	6374	1
W	167508	27	2
W	8602	6893	0
W	109100	77903	0
W	56949	1013	3
W	156410	14061	0
W	33695	50624	0
W	55708	8319	0
W	32107	34191	0
W	21515	4269	2
W	132876	8876	0
W	20986	6301	0
W	34835	11001	0
W	82418	8885	0
W	31178	83268	0
W	103919	26819	0
W	48892	374	3
W	148311	7452	0
W	75390	16292	0
W	110869	5618	0
W	8611	11445	0
W	60187	8842	0
W	86330	7431	0
W	128347	32225	0
W	41606	43740	0
W	38617	96652	0
W	156408	3284	0
W	95540	3488	0
W	8613	21911	0
W	35143	2386	2
W	25841	63140	0
W	8618	362871	0
W	36002	58254	0
W	36884	3503	0
W	117364	6909	0
W	50424	6880	0
W	71932	22769	0
W	146457	2	0
W	110125	111027	0
W	139514	150	0
W	58978	24609	3
W	8624	44856	0
W	8625	52278	4
W	108589	19476	0
W	8626	50769	0
W	39451	32884	0
W	41970	1163	0
W	59772	1264	0
W	72160	7258	0
W	21154	1189	0
W	8630	190954	3
W	37331	34973	0
W	165624	6144	0
W	61109	1269	0
W	65396	10902	0
W	48140	52231	0
W	47933	89941	0
W	115696	749	3
W	8634	1691	2
W	59560	149186	5
W	128717	1387	1
W	8637	101770	0
W	115544	13581	0
W	157526	58	0
W	28130	715	2
W	47518	69176	0
W	8640	211918	4
W	68012	9301	0
W	121389	58877	4
W	63188	535	0
W	52405	11720	0
W	60537	70817	0
W	163202	2392	0
W	8641	38319	0
W	64397	2079	0
W	8645	89680	2
W	35512	82961	3
W	69233	24430	0
W	62769	127712	0
W	36966	841	2
W	133801	8922	3
W	46548	33618	0
W	127926	6425	0
W	36481	11948	3
W	55992	3063	0
W	85078	8436	0
W	20222	738140	4
W	8655	28630	4
W	8656	2395733	6
W	80820	2053	0
W	25881	27983	0
W	36003	5093	0
W	66003	26219	0
W	48942	10544	4
W	58735	43035	0
W	20457	45950	0
W	90174	1482	4
W	8660	28331	0
W	64090	24720	0
W	25787	3573	0
W	21155	4573	3
W	8662	463	0
W	91802	2059	0
W	21516	11015	0
W	58724	582	0
W	42581	96437	0
W	23137	169052	6
W	127929	462	0
W	26531	57906	0
W	49513	18667	0
W	110141	16144	0
W	60711	69373	0
W	26344	26155	3
W	55685	87710	0
W	107831	14169	0
W	54767	26577	0
W	8671	306	0
W	65850	25487	3
W	8674	105201	0
W	80880	39695	1
W	55422	30516	0
W	60869	24	2
W	100844	71090	0
W	102882	2342	0
W	46936	28645	0
W	122527	1667	0
W	45264	175361	5
W	119255	12775	2
W	8678	342995	0
W	30054	8330	0
W	84302	13501	0
W	93592	4233	0
W	35988	1507	0
W	58337	11444	0
W	71754	6457	4
W	8682	21862	0
W	126059	374	0
W	100708	2558	1
W	8685	7704	0
W	167857	18	2
W	36441	70183	4
W	22966	2306	0
W	38488	8561	2
W	8686	2440	0
W	108772	3482	0
W	75146	2240	0
W	8687	2979485	6
W	68875	689	0
W	50333	24600	0
W	52644	90796	0
W	89728	23476	0
W	77682	6564	0
W	22967	81016	0
W	8689	25145	0
W	72402	59517	0
W	36573	84282	0
W	8691	980	0
W	37710	7609	0
W	64133	116064	0
W	54455	10500	2
W	47026	25162	0
W	44590	4443	0
W	25861	40508	0
W	8695	1532814	6
W	96472	545	0
W	8696	1140	0
W	73961	31765	0
W	8697	24457	0
W	33920	18083	1
W	23417	3850	0
W	8698	169222	0
W	51404	56663	0
W	62627	57386	0
W	47108	254972	0
W	21156	7125	0
W	29869	43205	4
W	28224	112017	0
W	61209	104844	0
W	8705	233	0
W	166212	9352	3
W	8708	5966	0
W	132715	615	0
W	105342	7650	0
W	141591	1738	2
W	8714	2019744	6
W	57502	64130	0
W	33412	15518	0
W	62887	75074	0
W	102560	6626	0
W	22968	3403	3
W	95582	1108	0
W	33921	926	0
W	64766	6769	0
W	168381	45	0
W	149272	668	0
W	8717	322795	0
W	77863	38236	0
W	127541	1269	0
W	62526	7467	0
W	65167	177	0
W	8719	571	1
W	67846	5109	0
W	31858	44539	0
W	29197	6319	0
W	77683	40303	0
W	73595	25712	0
W	40129	127917	0
W	127732	2189	0
W	63315	1361	0
W	8722	17513	0
W	97260	10004	0
W	8723	1574920	5
W	40702	5156	0
W	56141	26170	0
W	8724	3369707	0
W	66929	34768	0
W	37711	20579	0
W	61600	31504	4
W	150663	2308	0
W	44269	132683	0
W	62091	20502	0
W	61110	8140	0
W	85847	2389	0
W	71971	90635	0
W	49375	1201	0
W	119835	8367	0
W	8727	12933456	6
W	49983	51	3
W	92913	2619	0
W	62606	12223	0
W	42992	13230	0
W	29329	176741	0
W	114270	1133	0
W	69195	9002	0
W	8733	9419	0
W	8735	94602	0
W	91427	3759	0
W	33122	8045	3
W	8736	93193	0
W	22970	16	0
W	8739	1355	0
W	114021	2489	0
W	26569	47336	4
W	50425	1704	0
W	72274	7271	0
W	8741	5453	0
W	89310	33873	0
W	125195	7075	0
W	59279	6906	0
W	93751	1326	0
W	39864	38624	0
W	107698	524	0
W	75481	12050	0
W	8744	218938	0
W	38502	1600	0
W	134851	1269	0
W	39177	25418	0
W	38281	94007	3
W	21461	95015	2
W	67847	38520	0
W	38255	13151	0
W	123687	4171	0
W	32976	325364	0
W	76509	279010	0
W	43232	11355	3
W	86464	1382	0
W	47900	18906	3
W	61510	22603	0
W	51540	27996	0
W	77684	4126	0
W	29106	3199	0
W	40526	74359	0
W	36005	373488	0
W	74001	380	0
W	63547	4961	0
W	74002	70	3
W	86904	4142	0
W	37151	2222	0
W	22971	891	0
W	125648	29189	0
W	155521	852	0
W	25788	33062	0
W	58896	2402	2
W	127781	6043	3
W	77932	17137	0
W	8753	109841	0
W	93637	11033	0
W	72375	59244	0
W	75580	2158	0
W	117561	39053	0
W	8755	7280	0
W	64242	34736	0
W	65012	6488	3
W	8760	7685	0
W	157527	134	0
W	61089	212984	0
W	8762	5141	1
W	8763	713106	0
W	8765	70137	0
W	36593	36702	0
W	48459	16749	4
W	8766	23752	0
W	64044	152288	0
W	22247	25452	0
W	106854	18115	0
W	135523	34650	4
W	8769	288	0
W	28299	26355	0
W	28131	304610	0
W	8771	443791	0
W	39467	13175	0
W	89845	1382	0
W	26639	19998	0
W	23200	123003	0
W	137985	3217	0
W	22167	386	0
W	114361	3227	0
W	43718	27778	0
W	75261	6335	0
W	22972	7091	4
W	24881	8130	0
W	21974	528	3
W	8776	75306	0
W	125147	28556	0
W	36920	92880	3
W	61023	9055	0
W	22318	42807	3
W	38605	17223	4
W	8780	95389	0
W	58728	7680	0
W	52080	1682	0
W	8781	11613	0
W	42785	203316	0
W	66083	5861	0
W	47393	357493	0
W	8782	60462	5
W	118835	313	0
W	48550	34039	2
W	60217	8830	0
W	157528	1031	0
W	87383	2405	0
W	85205	2864	0
W	84606	1005	0
W	73920	257	3
W	55477	55235	0
W	77175	23339	4
W	101768	1941	0
W	128157	2944	0
W	52296	86396	0
W	8785	45144	0
W	68418	178975	0
W	8786	88253	0
W	21801	50435	0
W	31010	89153	0
W	52947	78208	0
W	8790	1469329	6
W	49776	32410	4
W	34817	79235	0
W	65506	110398	0
W	8794	442915	0
W	109884	584	0
W	85377	8811	0
W	91284	37405	3
W	74711	1324	3
W	32487	54630	0
W	8797	2858	0
W	52221	33266	0
W	58689	2977	2
W	37080	6307	0
W	8798	7425	0
W	8801	1304	0
W	26807	927	0
W	45848	4006	4
W	8803	2990	0
W	60516	143838	2
W	43221	44901	0
W	8804	19842771	5
W	60394	2919	0
W	21517	26789	0
W	56861	353001	0
W	127842	97	3
W	37227	903	0
W	57822	2818	2
W	78553	29439	0
W	8806	433486	0
W	34724	215825	0
W	82540	5492	3
W	57105	14725	0
W	67516	55157	0
W	32175	20696	3
W	21231	1947	4
W	36326	3159	0
W	36286	8026	3
W	63016	356120	0
W	8811	93002	0
W	26286	34285	3
W	121339	3172	0
W	77933	17926	0
W	118354	1109	0
W	120505	14018	1
W	8814	590525	0
W	82541	4932	0
W	33991	57112	0
W	21561	70142	5
W	114115	14330	0
W	55589	4373	0
W	58306	183549	0
W	68556	39348	0
W	32433	15207	0
W	42758	41690	0
W	20256	120124	0
W	20342	387941	4
W	52664	2826	0
W	75265	9918	4
W	50758	33293	0
W	36897	43503	0
W	29081	97852	0
W	23606	93	0
W	44280	12024	0
W	8817	2920251	6
W	67165	52060	1
W	75611	645	0
W	144519	23452	3
W	84917	29992	0
W	50463	3322	0
W	8820	256564	5
W	84259	101404	0
W	98150	2173	0
W	51849	13111	0
W	51278	29675	0
W	8822	3066	4
W	78269	7865	0
W	37741	2965	0
W	90425	11380	0
W	73843	3628	0
W	80447	8452	0
W	38208	4021	0
W	70380	6438	0
W	116081	14469	0
W	29987	17506	0
W	32488	17472	4
W	8826	388061	6
W	8827	365822	0
W	49017	277	2
W	68045	34808	3
W	96355	6650	0
W	128239	1000	0
W	32186	1935	0
W	37228	2775	0
W	53548	8877	4
W	36171	2033	0
W	39083	277192	0
W	49300	24659	0
W	72364	26197	3
W	8829	14551	0
W	29815	11190	0
W	95496	7796	0
W	73948	1637	0
W	43708	5028	0
W	128071	3454	0
W	119621	3665	0
W	76537	555461	0
W	72804	41039	0
W	39375	170176	4
W	75574	26092	0
W	22677	132	0
W	22974	13700	3
W	57352	13676	0
W	97617	22755	0
W	8835	42405	0
W	26319	239187	3
W	8837	16352562	7
W	119424	21781	0
W	29832	1615	0
W	70878	40737	0
W	8840	7253676	0
W	51279	5499	0
W	21975	63632	0
W	35144	25868	0
W	54677	64012	0
W	8842	312039	0
W	65733	4540	0
W	166398	28971	3
W	39576	39003	0
W	8846	2746	0
W	62057	214	0
W	64106	928	0
W	44037	3566	0
W	130884	1081	0
W	42437	522935	0
W	42362	11772	1
W	23301	8088	3
W	78032	42850	0
W	8851	142712	0
W	20458	194036	0
W	116381	46	0
W	157529	585	0
W	74953	12377	0
W	30039	171659	0
W	37986	19866	0
W	74971	7136	3
W	20864	61999	5
W	39416	23837	0
W	8861	22510	0
W	80478	41665	1
W	8862	40058	0
W	8863	103866	0
W	71192	7955	0
W	109363	22855	0
W	138183	2614	0
W	83638	3108	0
W	8865	60311	0
W	57810	201712	0
W	151691	827	0
W	39426	27683	4
W	8869	230263	0
W	87495	31	2
W	65231	1607	0
W	86306	30757	2
W	58889	17221	0
W	50183	13461	4
W	31380	27776	0
W	30635	19647	0
W	69265	3184	0
W	24792	706	4
W	32262	108096	0
W	120092	438	2
W	125498	26907	2
W	148717	1581	0
W	8874	1942685	0
W	69545	2515	0
W	75589	523	0
W	35145	71117	0
W	21103	84769	0
W	71514	4088	0
W	8879	1454724	0
W	49249	21949	0
W	116171	27496	0
W	8882	51322	0
W	30618	7364	2
W	65934	8844	2
W	109212	10014	0
W	22211	193817	6
W	8883	875104	0
W	68538	107914	0
W	64485	17378	0
W	150561	5428	0
W	75102	615	0
W	67060	6561	2
W	35570	281048	4
W	43864	11526	0
W	47263	6508	0
W	20571	95544	0
W	71442	8037	0
W	8884	502303	0
W	61593	149685	0
W	106971	20598	0
W	33865	9327	2
W	114756	2746	0
W	8885	65608	0
W	83287	1792	0
W	33504	10612	0
W	49167	23966	0
W	38444	88174	0
W	143758	7733	0
W	22678	257406	0
W	29649	203269	0
W	43241	8896	0
W	8890	468606	0
W	107667	9094	0
W	108263	4705	0
W	78959	29499	2
W	121753	4393	0
W	69319	2537	0
W	39852	14721	0
W	29107	43783	3
W	67818	174973	0
W	62160	5705	0
W	57769	17626	0
W	8892	621	0
W	31153	67159	4
W	39908	42191	0
W	28410	14009	0
W	46051	871	0
W	133076	4842	0
W	121408	3862	2
W	62294	4990	0
W	54704	5950	0
W	67366	3330	0
W	79619	79688	0
W	62139	36909	0
W	63803	27755	0
W	8896	64982	0
W	62176	17070	0
W	38304	7664	0
W	136976	18663	0
W	8897	17277	0
W	20459	21344	0
W	42659	10029	0
W	86907	3061	0
W	56958	3449	2
W	8900	7044	0
W	30549	18469	0
W	152862	3070	0
W	43145	8516	0
W	65725	11883	2
W	8901	99324	0
W	67810	48486	0
W	109809	1587	0
W	8902	17338	0
W	121693	53645	0
W	43566	48927	0
W	61092	267710	0
W	74757	10853	0
W	61257	19935	0
W	100710	2109	4
W	56545	12384	0
W	134626	314	3
W	25862	39482	0
W	37830	34838	0
W	8904	572	0
W	76996	16115	0
W	69561	727	1
W	25959	65334	0
W	78715	99594	3
W	57729	37469	0
W	8907	29478	0
W	21681	558839	0
W	63945	4597	0
W	102169	3361	3
W	52682	80235	3
W	89846	906	0
W	60960	3382	0
W	8910	23744	0
W	73464	462356	7
W	74531	20194	0
W	8912	2333142	0
W	8913	1131287	0
W	53384	54848	0
W	75568	1188	0
W	23423	2325	4
W	33378	66865	0
W	102265	2188	0
W	28090	42594	0
W	112106	1537	1
W	72591	15639	0
W	38305	11968	4
W	39720	34295	0
W	58076	15745	0
W	40644	19372	0
W	39479	98497	0
W	58525	29713	0
W	103446	1982	0
W	47433	31497	3
W	116444	1670	0
W	59873	126972	0
W	51520	2641	4
W	22168	1220	4
W	46108	29688	0
W	21682	50967	0
W	28411	53383	4
W	71681	3860	0
W	20572	790401	0
W	33436	31141	0
W	8933	4132	2
W	63472	38639	0
W	130003	11285	4
W	21462	5840	0
W	33467	10247	0
W	127838	520	2
W	68104	13810	0
W	159465	4031	3
W	72666	5167	0
W	124638	9533	0
W	34629	92674	0
W	64615	6731	0
W	62712	18020	2
W	8936	12487	0
W	63830	7016	0
W	36287	59445	0
W	8938	60189	0
W	151905	514	0
W	157530	5	0
W	127939	24113	0
W	29284	6928	0
W	120202	2005	0
W	8941	39325	0
W	57867	1897	0
W	146780	42666	0
W	68051	55465	4
W	31136	195889	0
W	87352	2897	0
W	144412	11002	0
W	38256	571501	0
W	56710	12783	0
W	43425	89	0
W	48984	21427	4
W	8948	38396	0
W	8949	48570	0
W	8950	461	0
W	60391	17693	0
W	61495	441	0
W	45962	3000	0
W	8952	24697	2
W	115033	5076	0
W	90120	2555	0
W	82159	35329	0
W	63922	22007	0
W	55418	25736	0
W	77027	22366	0
W	47184	1417	0
W	35547	33042	5
W	8954	16790	0
W	8955	68132	0
W	8956	48594	0
W	80882	75362	0
W	41827	213832	0
W	40704	743	0
W	21035	14181	4
W	8959	20314	2
W	8960	3001	0
W	75607	1052	0
W	77776	5774	0
W	44922	2436	0
W	70461	24802	0
W	160937	80	0
W	35699	2821	0
W	26808	212581	0
W	87955	5390	3
W	125501	29579	0
W	8964	110789	0
W	66323	4936	0
W	8965	396270	0
W	46528	52425	0
W	83446	8006	0
W	156838	906	0
W	60413	40958	3
W	56746	105246	0
W	137487	1263	0
W	8966	117859	5
W	71894	44132	0
W	134272	51963	0
W	42786	7115	0
W	20642	69298	4
W	75408	1869	0
W	20510	54670	4
W	101396	1125	0
W	8968	630979	3
W	73587	33900	0
W	43829	14015	0
W	68063	9268	0
W	64944	26677	0
W	39452	27207	0
W	8971	50851	5
W	62670	120	0
W	167613	157	1
W	8973	1674	0
W	8974	2655	0
W	42800	1234	3
W	56454	3581	2
W	8975	2937	0
W	160530	10	0
W	20987	187840	3
W	8977	5210	0
W	65544	12231	0
W	8979	1816250	4
W	8980	6657	3
W	24798	158644	4
W	119376	11689	0
W	74845	20896	1
W	8982	2909654	6
W	49707	51860	0
W	42510	7633	0
W	41069	12128	0
W	8983	2063	0
W	109810	3332	0
W	101736	28700	0
W	70419	34200	0
W	8985	421869	0
W	160407	20114	2
W	117225	37835	0
W	60723	10856	0
W	21289	8496	0
W	24882	87646	0
W	8986	1774	0
W	46109	60596	0
W	69106	35943	0
W	57516	36244	0
W	47757	38292	4
W	22205	84960	4
W	54410	9513	0
W	36175	605103	0
W	133324	1205	0
W	8988	2679206	0
W	21614	87851	5
W	8991	22078	0
W	134454	7684	0
W	138285	3451	0
W	8993	268	1
W	142189	3298	3
W	157451	15	3
W	28132	49419	0
W	38807	60199	2
W	43059	340635	0
W	38535	173593	0
W	75448	33613	4
W	53638	122990	3
W	63927	29249	0
W	28159	111523	0
W	109736	12458	2
W	72928	1645	0
W	30699	59829	4
W	43981	59725	0
W	166272	148	1
W	23138	207333	0
W	9001	810935	0
W	21371	1107	0
W	123586	188	0
W	45398	2804	0
W	75700	73658	0
W	9003	2204	0
W	101565	1814	0
W	47341	92344	0
W	36756	1199394	0
W	110063	8733	0
W	23302	76561	0
W	139761	5891	0
W	43641	4840	0
W	9007	43419	0
W	9008	5809	0
W	70921	469	0
W	64467	22896	0
W	73959	273	0
W	32434	6751	0
W	61594	69103	0
W	58921	8550	0
W	126056	8218	0
W	72728	6146	4
W	149275	1012	0
W	37423	24081	0
W	72071	7731	0
W	63728	2463	0
W	32212	40046	0
W	43332	424799	0
W	32263	56818	0
W	40402	1955	0
W	86594	621	0
W	73888	5914	0
W	22222	1476	0
W	132550	7220	0
W	66480	8021	0
W	105677	263	0
W	58700	23042	0
W	68052	20772	0
W	91856	1216	0
W	124090	3194	0
W	21562	264673	0
W	128113	22943	1
W	20936	87348	5
W	70750	53051	0
W	75282	18	0
W	63521	11532	0
W	46223	14964	0
W	108633	2053	0
W	28175	2539	0
W	20298	6968	0
W	56356	62038	0
W	40286	43048	0
W	132694	14768	0
W	149955	1757	0
W	106855	1458	4
W	166558	19	2
W	57120	34480	2
W	146053	2515	3
W	145586	457	1
W	155124	964	0
W	32435	94899	0
W	48617	15594	3
W	33207	23262	0
W	61097	2668	0
W	56284	71738	0
W	60008	29630	4
W	46906	1893	0
W	161257	3847	0
W	59823	1368	2
W	38270	58436	0
W	54018	686	0
W	9029	1251	0
W	47748	3306	0
W	48193	10028	0
W	21463	28743	0
W	57139	10276	0
W	47685	500	4
W	82747	96463	0
W	71305	66216	0
W	38888	200794	0
W	31730	36694	3
W	63067	1417	0
W	58861	34410	0
W	23139	131989	0
W	56725	7447	2
W	91014	678	0
W	36108	47409	0
W	45938	62436	0
W	23426	1421	0
W	143021	48	0
W	37764	9093	0
W	61401	155320	5
W	51851	58194	0
W	116328	2010	0
W	9037	19615	0
W	55569	15263	0
W	9038	7777	0
W	56486	35578	0
W	9039	28295	0
W	57007	119025	0
W	138508	2467	0
W	56439	4949	0
W	64272	40696	0
W	70516	6355	0
W	28064	49465	0
W	88810	1775	0
W	29816	16450	0
W	9042	691178	0
W	78660	47354	0
W	32029	7312	0
W	64340	122664	0
W	9045	2270192	0
W	21518	1665	0
W	60147	1505	0
W	59992	76477	0
W	9049	6908	4
W	37424	35355	0
W	73159	27279	3
W	31983	66331	0
W	50245	1782	0
W	132378	5866	3
W	81210	2919	0
W	129497	14721	1
W	9052	602589	0
W	108178	811	0
W	9053	17316	0
W	47686	704	0
W	30055	110846	0
W	9054	84160	0
W	9055	54874	0
W	9056	129984	0
W	20924	46635	0
W	79162	30806	0
W	44450	1887	0
W	127472	20317	0
W	9057	13434	0
W	49930	40843	0
W	60533	3041	3
W	57121	124684	2
W	42485	7870	0
W	73517	708	0
W	159980	9819	0
W	124488	4214	0
W	86908	724	0
W	44174	1832	0
W	9058	15790	0
W	48482	100269	0
W	100283	1663	0
W	38630	3117	0
W	92538	3770	0
W	151578	2252	0
W	77176	23561	0
W	64478	3537	0
W	36814	19854	0
W	141251	447	0
W	106856	152	0
W	71271	32123	6
W	40180	41870	0
W	38306	113503	0
W	50619	21313	0
W	74330	1363	0
W	55444	2424	3
W	72139	31525	0
W	38877	2996	0
W	64829	307	0
W	42919	6816	0
W	28161	74044	0
W	47253	260594	0
W	51935	6606	0
W	33006	208371	4
W	108567	1208	0
W	9072	311921	4
W	70239	63976	0
W	47520	221210	0
W	49913	13433	0
W	68765	1982	0
W	162811	76813	2
W	26345	21349	0
W	116629	2874	0
W	73955	1148	0
W	148440	18884	6
W	38242	213606	0
W	40590	32282	0
W	33050	30073	0
W	52554	79175	0
W	42810	10549	2
W	21662	21080	0
W	9080	3197110	0
W	21232	6778	0
W	31323	55843	0
W	9082	17168	0
W	116121	1374	0
W	42486	20389	0
W	100511	32268	0
W	32510	379124	0
W	70243	20455	0
W	9086	613223	0
W	132559	2744	0
W	9089	19453	0
W	101055	1090	0
W	20954	80516	0
W	80245	9989	0
W	29054	59274	0
W	77029	7934	2
W	25882	69484	3
W	9093	135897	0
W	45798	3902	0
W	55138	386	0
W	9094	1160	0
W	25960	79099	0
W	9096	4276	0
W	145992	87	0
W	9097	210929	0
W	52480	8185	0
W	48815	885	0
W	87594	3494	0
W	51071	2146	0
W	54647	5795	0
W	9099	1249522	0
W	98925	2736	0
W	22976	14751	0
W	78701	25768	0
W	55798	3341	0
W	98465	38320	0
W	126721	3860	3
W	61479	38633	0
W	86909	4902	0
W	49742	91670	3
W	76477	186377	0
W	44143	50895	0
W	67554	46331	0
W	77880	20894	0
W	35457	10210	0
W	37246	19846	0
W	50465	2153	0
W	38700	66388	0
W	9112	4923	0
W	51541	33604	0
W	144148	284	0
W	139762	731	0
W	52047	2144	0
W	9114	23610	0
W	133963	5234	2
W	9116	10921	0
W	106989	8672	0
W	32108	2947	4
W	35513	279064	4
W	32454	13908	0
W	32406	101666	0
W	45799	41042	0
W	70786	4734	0
W	36541	2274	0
W	56357	68706	0
W	24805	19134	0
W	111155	2545	0
W	9125	5489	0
W	80448	13092	2
W	159024	95	0
W	9128	4067450	5
W	46549	1151	3
W	76672	99498	0
W	21290	256231	0
W	50938	4760	0
W	95809	3389	3
W	23140	219430	0
W	60918	17798	0
W	114385	20298	0
W	9135	45103	0
W	66730	45213	0
W	33479	577817	0
W	121591	34536	3
W	65675	6477	0
W	70665	9089	0
W	38563	10399	0
W	37152	72941	0
W	47449	7881	0
W	58897	4792	0
W	29798	246552	0
W	73771	6625	1
W	149262	7334	0
W	9142	4806	3
W	25961	4160	0
W	9143	41661	0
W	47091	13641	3
W	58745	6615	0
W	44038	13276	0
W	93310	1591	0
W	121340	4775	0
W	38550	1067	0
W	46354	44098	0
W	131941	404	0
W	9146	6680155	4
W	57152	1308	3
W	106804	1319	3
W	60348	2331	4
W	56292	517	0
W	75689	4629	0
W	116405	4720	0
W	90811	64884	0
W	9150	3620	2
W	23611	261	0
W	32436	26794	0
W	45125	128173	0
W	34282	26458	0
W	9154	137949	5
W	21715	181308	4
W	52447	17415	0
W	36271	506424	3
W	42039	148544	0
W	35548	22951	0
W	49743	69597	0
W	124501	21481	0
W	77847	153630	0
W	100512	13280	0
W	46300	14224	0
W	36493	139089	0
W	83832	1064	0
W	77729	3473	0
W	21401	22941	0
W	32941	21658	0
W	102267	919	0
W	44460	23979	0
W	58690	64527	4
W	44491	14596	3
W	73659	75	0
W	105553	5082	0
W	21772	82768	0
W	160761	143	1
W	46037	170752	5
W	31381	25557	0
W	53288	11696	0
W	66409	83651	0
W	20865	6407	0
W	36081	6590	0
W	50081	34989	0
W	130227	2957	1
W	138287	1277	4
W	43709	172121	0
W	160703	11616	0
W	40347	39880	4
W	9165	1536550	0
W	9166	1046	0
W	58434	586	0
W	67548	540	0
W	52622	136136	2
W	165259	5976	2
W	36118	33583	0
W	9171	1467688	6
W	62508	22036	0
W	26570	127948	3
W	32511	22298	0
W	49592	176	0
W	36252	2693	0
W	26320	7149	0
W	59704	77697	0
W	44144	237567	4
W	138608	543	0
W	65839	18288	4
W	9175	1617839	0
W	86649	45557	0
W	37819	22869	0
W	122053	2023	0
W	51212	4802	3
W	92622	780	0
W	66315	13684	0
W	9178	428116	0
W	9180	44755	0
W	87353	6404	0
W	9183	3959	0
W	62149	4027	4
W	9186	95525	0
W	21980	1215	0
W	22364	27098	0
W	37693	245961	0
W	9188	279011	5
W	46078	3012	0
W	55889	3082	0
W	54633	24388	0
W	54241	26167	0
W	73626	7657	0
W	9193	196066	0
W	59256	63184	0
W	87354	15038	0
W	9196	216482	5
W	37285	5279	0
W	9197	2358689	0
W	9198	2220940	5
W	62279	2368	0
W	49213	29687	0
W	40564	3138	0
W	54593	12353	0
W	79745	12279	0
W	9200	4220	0
W	9203	38561	0
W	9206	19592	0
W	61825	2358	0
W	20299	8766	5
W	47205	121210	3
W	82763	21522	0
W	49561	30424	0
W	25708	30688	0
W	75604	1750	0
W	42167	66199	0
W	104285	5861	0
W	43012	26651	0
W	69169	30162	0
W	37350	2292	0
W	128183	8024	0
W	9210	622813	0
W	49478	35853	0
W	20300	3760	3
W	74634	99	0
W	152956	3771	1
W	41449	1500	0
W	88000	2929	1
W	106385	913	0
W	36119	34157	0
W	73936	22799	3
W	55423	105524	0
W	9214	518	0
W	20818	38700	0
W	23429	265	0
W	97430	9626	0
W	40031	51670	0
W	54271	4693	0
W	63026	26767	0
W	9216	40754	0
W	91429	5894	0
W	9218	3577	3
W	21982	1467	3
W	126220	1111	0
W	79309	4157	0
W	47422	283	0
W	36666	69554	3
W	9219	12430	0
W	35641	7088	0
W	44008	99757	0
W	32565	13717	0
W	31778	241301	3
W	9222	796030	0
W	137673	3102	1
W	37351	82478	2
W	45012	76660	0
W	21464	9943	4
W	103920	13478	0
W	9225	32649	0
W	62457	31464	0
W	77422	52780	0
W	39065	189660	0
W	68069	5921	0
W	61195	84193	0
W	98926	2215	1
W	69736	17225	2
W	21519	208984	0
W	60112	26426	0
W	31382	42078	5
W	67825	85	4
W	41136	5141	0
W	38631	40901	0
W	58828	10535	0
W	53031	1436	3
W	31929	90374	0
W	89446	1399	0
W	41754	138246	0
W	44747	65911	0
W	45344	15081	0
W	112430	1689	0
W	74937	27563	0
W	44127	18667	0
W	157531	1091	0
W	110188	26398	0
W	55962	39407	0
W	72987	38271	0
W	85725	14999	3
W	53151	54131	0
W	38271	349737	0
W	62114	1530	0
W	58422	8129	0
W	117331	8825	0
W	72777	27790	0
W	47783	3629	0
W	148690	12579	0
W	20776	91502	0
W	77447	29804	0
W	63087	46775	5
W	163459	826	1
W	9239	58236	0
W	128457	346	4
W	53044	24060	0
W	75616	2831	0
W	56726	58913	0
W	55453	10150	0
W	21200	125276	0
W	55445	13035	0
W	64004	7232	3
W	39610	24257	0
W	74372	27023	0
W	110383	621	0
W	104017	1902	0
W	160687	46	0
W	41464	931	0
W	123287	1675	0
W	61272	34818	0
W	21326	23034	0
W	9244	2293147	0
W	134774	3693	0
W	78928	11561	0
W	31714	54117	3
W	128053	475	1
W	98366	5362	0
W	82799	14794	0
W	77815	112583	0
W	52448	8124	2
W	56386	4457	0
W	58018	498	0
W	9250	2129	0
W	75308	3606	0
W	55972	35574	0
W	9251	1074	0
W	58679	5385	0
W	9252	1219	2
W	59032	1295	0
W	47035	66439	0
W	44698	133141	0
W	21327	18833	0
W	9253	5547382	0
W	68784	9158	0
W	144991	14861	4
W	57455	17938	0
W	42724	21699	0
W	21663	47297	3
W	64635	7076	0
W	9257	418806	5
W	9258	52893	0
W	9259	1238196	0
W	62732	174	4
W	59613	25983	0
W	52623	52837	0
W	115656	3274	2
W	97153	687	0
W	123301	7967	0
W	9261	3074	0
W	28412	65135	0
W	9265	3634	4
W	48726	354	0
W	58922	54443	0
W	65121	6967	0
W	151501	47649	5
W	62050	3633	0
W	31362	47446	0
W	80781	6746	2
W	43493	37407	2
W	51420	3473	0
W	9273	45266	0
W	145087	2924	1
W	29949	39114	3
W	9275	946	0
W	9277	66790	0
W	122017	9605	0
W	42237	4249	0
W	9278	4733757	0
W	49182	72523	0
W	138416	641	0
W	29817	128443	3
W	9280	448097	0
W	61098	123	0
W	68865	244	0
W	70510	30697	0
W	71601	3541	0
W	93565	10349	0
W	9283	404	0
W	20257	10317	5
W	36952	79081	0
W	71282	7367	0
W	43690	14816	0
W	37415	121039	0
W	48195	22964	0
W	125003	70	0
W	155326	1352	0
W	64062	46275	0
W	81675	22931	0
W	9290	109195	0
W	68516	27878	4
W	51471	43990	0
W	9292	102911	0
W	112706	1998	0
W	51316	6098	0
W	36815	60246	0
W	87439	1754	0
W	28413	1173	0
W	36598	33237	0
W	37562	78096	2
W	76766	68137	0
W	22416	7400	3
W	144434	2339	0
W	114965	3746	0
W	9294	3237	0
W	80557	4668	0
W	161314	7971	2
W	20643	569	0
W	71268	16426	0
W	23431	1133	0
W	28266	263824	0
W	50124	18028	0
W	126860	30365	0
W	48727	642	0
W	33848	30093	0
W	40159	18243	0
W	40130	70611	0
W	35494	119967	0
W	69184	12027	0
W	22169	1753	0
W	9306	40713	0
W	156323	38407	3
W	9308	5833	0
W	33849	179409	3
W	82247	5144	0
W	42678	8677	0
W	9310	64484	0
W	79163	21315	0
W	37110	136	2
W	126221	10	0
W	118623	150	0
W	62855	29818	0
W	39960	5252	0
W	105188	2532	0
W	33609	75499	0
W	35642	22814	0
W	9316	503467	5
W	22978	43780	0
W	72140	63585	0
W	75555	1429	0
W	53550	999	0
W	9318	9975	3
W	64185	3622	3
W	70938	101454	0
W	70828	53510	5
W	51569	25583	0
W	39280	1319	0
W	72599	615	0
W	75336	216673	4
W	9326	19165	0
W	55704	20432	0
W	9328	66928	0
W	48664	546	0
W	100513	24311	0
W	38021	80249	0
W	61266	16840	3
W	49777	239313	0
W	24828	27952	0
W	37443	6155	0
W	49196	2133	0
W	59912	1376	0
W	20866	106166	0
W	32317	456765	4
W	62015	10677	0
W	32030	125804	0
W	9331	199312	4
W	23265	5469	0
W	9334	4842	0
W	108569	2077	0
W	31022	19463	0
W	100176	2842	0
W	108179	827	0
W	127958	471	0
W	143243	4243	2
W	107049	29693	0
W	32213	43246	0
W	26383	6511	3
W	37258	9790	0
W	9335	983	2
W	43606	87559	0
W	61595	80904	3
W	39828	3190	0
W	20739	728	0
W	121425	1966	0
W	28215	7432	0
W	9336	13398	5
W	89757	4824	0
W	75393	14487	0
W	64250	284	0
W	9337	3314	0
W	28300	152931	0
W	141098	22894	0
W	9339	59635	0
W	40488	88	0
W	30056	155591	0
W	61840	21586	0
W	25962	168688	0
W	63170	15844	3
W	56277	133610	0
W	36599	1085	3
W	50104	6019	0
W	31709	32183	0
W	9342	22435	0
W	51017	9092	0
W	9344	1881	0
W	52832	39788	0
W	29770	20143	0
W	125974	986	0
W	51542	848	0
W	62975	42770	0
W	71446	1030	0
W	64264	9103	0
W	157449	33	0
W	77031	23509	0
W	48897	5982	3
W	65734	29285	0
W	156809	7826	3
W	51852	5214	0
W	136657	1123	0
W	144883	105	0
W	62152	63890	0
W	49731	103444	0
W	45302	12230	0
W	75119	932	0
W	57208	1213	0
W	87002	603	0
W	20301	9800	0
W	42190	10261	0
W	57552	63256	3
W	125555	3016	0
W	67927	46732	0
W	50082	53120	2
W	125386	2583	0
W	9354	120454	0
W	42494	321008	0
W	119293	2167	0
W	9357	3633	0
W	46566	13028	0
W	61953	13146	0
W	9362	73129	0
W	77258	12983	0
W	81114	8782	0
W	9364	236130	3
W	42014	43801	0
W	102319	72933	0
W	37853	10359	0
W	168537	23	2
W	135543	1159	0
W	49589	6148	0
W	9366	88957	0
W	57569	21378	0
W	56727	4983	3
W	93365	3506	0
W	60024	1253	0
W	21984	572	3
W	95082	35	0
W	108672	51299	0
W	9373	18109	0
W	66061	1965	2
W	34747	168751	0
W	46780	6643	4
W	72221	2641	4
W	145207	15593	0
W	9374	688	0
W	108570	620	0
W	150664	1830	0
W	34818	111553	0
W	53354	6817	0
W	20302	141730	5
W	83057	4221	0
W	49197	26766	0
W	48092	12800	0
W	9379	219988	3
W	23141	333506	0
W	127986	1926	0
W	63483	49323	2
W	69296	9085	0
W	9380	315547	0
W	26266	34210	0
W	134122	207	3
W	67054	56650	0
W	21615	18754	0
W	31704	84286	0
W	9383	5019	0
W	168659	35561	2
W	32169	30471	4
W	81967	3534	4
W	146070	6	0
W	157532	364	0
W	41020	11180	0
W	60645	112428	0
W	9389	3728	0
W	30014	298851	4
W	42760	27971	0
W	31058	25951	0
W	66565	24280	0
W	74373	2389	0
W	118355	2655	0
W	39538	17243	0
W	9393	87278	5
W	31011	1672	0
W	110773	4857	4
W	163939	2	0
W	66059	6875	0
W	26778	16622	0
W	40621	146913	0
W	58428	31963	0
W	59792	11	0
W	80186	69221	2
W	53664	19024	0
W	109485	2650	2
W	97431	4328	0
W	71078	67	0
W	41106	51799	0
W	72403	92981	3
W	9398	3636	0
W	9399	57113	0
W	75462	68427	0
W	59959	5380	0
W	37390	163027	1
W	9400	292	0
W	73996	18560	0
W	31059	29176	3
W	142840	1548	0
W	54187	155320	0
W	58468	819	0
W	37831	28705	0
W	53639	15720	4
W	23434	128	0
W	81968	6379	0
W	56218	14561	0
W	9403	2108475	6
W	9405	412	1
W	60712	96930	2
W	36583	140392	0
W	9408	656	0
W	121400	9290	0
W	43821	129	0
W	9409	22360	0
W	31216	150447	0
W	130940	150	0
W	122153	14856	0
W	81044	26861	0
W	36153	38545	0
W	48665	2045	0
W	118356	14356	0
W	56154	7725	3
W	138405	2143	0
W	75449	255	0
W	65079	42260	0
W	33923	195563	0
W	106386	1980	0
W	138381	1266	0
W	46192	500	0
W	9414	2743	0
W	41575	64	0
W	137134	9002	0
W	9419	20752	0
W	62396	4733	0
W	9420	16364	0
W	165546	297	0
W	67166	18626	0
W	49614	6116	0
W	49237	33169	0
W	32541	32375	0
W	22365	4970	0
W	105845	3158	0
W	58469	3054	0
W	79416	71130	0
W	57752	8546	0
W	60646	111190	0
W	50105	3637	3
W	75710	7343	0
W	9427	1139	3
W	63376	121	0
W	61893	13739	0
W	56959	76737	0
W	157533	18	0
W	83711	10699	0
W	75237	7558	3
W	72923	5777	0
W	58327	8283	0
W	20664	109368	0
W	159422	166	3
W	157534	329	3
W	54802	1540	0
W	42084	175	0
W	21372	79473	3
W	72864	3423	0
W	102170	7349	0
W	63358	6031	0
W	118529	265	0
W	55963	9520	0
W	9430	55951	0
W	28468	80033	0
W	63471	32376	0
W	48729	689	0
W	25863	32743	0
W	68150	13796	0
W	39320	34202	0
W	47887	52256	0
W	32495	45909	3
W	21716	103638	0
W	127754	19468	0
W	21291	76862	0
W	84748	4417	0
W	167180	1987	4
W	90891	5136	0
W	147527	2016	0
W	43345	30840	0
W	40445	19628	0
W	137234	6404	0
W	29988	8662	0
W	115994	4537	0
W	49778	21383	0
W	81309	69592	0
W	9434	11680	0
W	47264	7850	0
W	105344	2729	0
W	38999	8505	1
W	111219	2933	0
W	48547	2101	0
W	50967	2133	0
W	26571	477342	0
W	69282	5576	0
W	77033	22848	0
W	136016	16303	0
W	62183	1709	0
W	30675	187785	0
W	22417	29679	3
W	127068	4028	0
W	33559	3845	0
W	99944	1649	0
W	31126	347675	4
W	36319	9411	0
W	93688	1195	0
W	83892	1035	0
W	62565	44513	3
W	57154	37551	1
W	33745	273937	3
W	38247	2763	3
W	73401	21816	0
W	120349	2129	0
W	31248	90317	3
W	21201	61181	0
W	49376	1128	0
W	53862	21091	3
W	92273	1889	0
W	77832	138824	0
W	62335	25819	0
W	35272	5606	0
W	133829	4133	0
W	127820	42787	0
W	56498	8392	0
W	139519	28362	0
W	55686	13996	0
W	127821	177	0
W	42716	6611	2
W	45800	5928	0
W	32524	1329	0
W	43494	27660	0
W	23331	4615	0
W	63473	11010	0
W	167069	2343	2
W	23188	29579	0
W	37699	39681	0
W	88047	1347	0
W	43330	1409	0
W	98448	13489	0
W	42278	16631	3
W	65453	16033	0
W	66505	105	3
W	60517	17513	0
W	9451	1928591	6
W	47112	37349	0
W	114413	15857	0
W	33610	34210	0
W	157006	5502	0
W	128471	13261	0
W	34748	65872	4
W	9453	118409	5
W	9454	9725	0
W	47265	50873	0
W	9456	696858	0
W	164645	1007	2
W	128207	10917	2
W	38258	128865	0
W	26763	293046	0
W	106819	3808	2
W	107015	2639	0
W	147822	2135	3
W	21683	355390	0
W	42873	3977	0
W	66104	2444	0
W	60363	225281	0
W	23612	130	0
W	29330	17597	0
W	9462	20993	2
W	36990	1829	0
W	9464	3953	0
W	68667	24778	0
W	132653	1489	2
W	9466	3285324	6
W	9468	267	0
W	88762	7758	0
W	158340	4657	2
W	55022	20870	0
W	34790	65531	0
W	149689	4908	0
W	83586	2487	0
W	33080	109758	0
W	103112	1522	0
W	72630	8842	0
W	91067	621	0
W	46136	1001	0
W	63147	56418	0
W	26650	22566	0
W	35194	81490	0
W	49238	183157	3
W	29331	4033	0
W	46023	108	0
W	24972	10458	0
W	70440	37025	0
W	36135	19196	0
W	9492	1655598	0
W	9493	132422	0
W	128359	3446	0
W	32235	112195	0
W	39440	12627	0
W	43242	14943	0
W	94020	1849	0
W	60052	6452	0
W	80936	9590	0
W	23266	72506	0
W	36422	1563	0
W	66777	72004	0
W	52724	31610	0
W	132101	16	0
W	41708	15669	3
W	63075	6807	0
W	9497	33318	0
W	36231	56533	2
W	37294	3955	0
W	150032	4683	2
W	43588	20962	3
W	28267	48935	0
W	9502	5450	0
W	9503	760	0
W	71794	1268	0
W	22366	1546	2
W	22170	5348	0
W	9506	1369302	0
W	97737	666	0
W	9507	371721	3
W	43294	2261	0
W	43620	63291	0
W	56237	10150	3
W	129245	5298	3
W	49718	14445	0
W	9509	905	0
W	31301	258	0
W	9511	48684	4
W	24923	319691	5
W	49964	10303	0
W	39321	169963	0
W	32109	96361	4
W	155327	8246	2
W	22693	14538	0
W	126271	1551	0
W	9514	6018471	0
W	48483	36080	0
W	33244	1561	0
W	68270	36861	0
W	44567	849	0
W	95118	18379	1
W	34837	55258	0
W	53152	3009	0
W	49154	180516	3
W	157611	10239	4
W	45829	9563	0
W	151567	11620	3
W	74479	11812	3
W	63110	14001	0
W	20258	139215	0
W	9522	4011	0
W	48964	94837	0
W	135666	5541	1
W	138717	18368	4
W	44402	179271	0
W	85323	26419	0
W	32919	9989	0
W	87328	33827	0
W	24817	106915	0
W	44354	78957	3
W	26321	132169	0
W	50957	154664	3
W	35229	142442	4
W	32668	9114	0
W	88379	4754	0
W	46834	48507	0
W	52344	102394	0
W	107977	5907	0
W	21422	25049	4
W	59824	49988	0
W	130283	5528	0
W	97328	919	0
W	9532	20360	0
W	47423	25839	5
W	44650	29296	0
W	9533	710	0
W	42911	44878	0
W	156386	1427	1
W	9535	376922	0
W	51854	60608	0
W	138693	7816	1
W	52725	18772	0
W	69534	278	4
W	67761	27721	0
W	48943	123	2
W	9538	10078	5
W	111759	1976	0
W	67528	3745	0
W	70163	4510	0
W	87046	5389	0
W	39248	7340	0
W	64529	155	0
W	38971	88560	0
W	53207	2787	0
W	76697	41669	0
W	9542	150371	0
W	71871	107593	0
W	101485	112962	0
W	56546	46316	0
W	9544	593568	0
W	9545	15016	0
W	28337	601	0
W	46249	2141	0
W	100946	18093	0
W	74694	2988	0
W	9547	47349	0
W	106219	24335	0
W	54663	54486	0
W	20303	128505	5
W	125855	3496	0
W	71574	4646	4
W	156810	1684	2
W	106857	85	0
W	30637	701869	0
W	74480	631278	0
W	9550	11351	0
W	50876	71515	0
W	61203	5188	0
W	64685	26459	0
W	51080	57853	0
W	9553	315250	0
W	29818	67067	0
W	54114	653	0
W	9554	9073	2
W	22695	8057	0
W	119492	2216	1
W	30472	4014	0
W	56338	79227	0
W	37530	252926	0
W	67737	11423	0
W	57761	2685	0
W	87562	37880	0
W	125123	15888	0
W	33850	162512	0
W	52873	7484	0
W	68276	326	0
W	9563	5239	0
W	9564	663	0
W	47113	11586	0
W	113534	11577	0
W	20777	3209	0
W	9567	6090787	0
W	37162	114179	0
W	63027	40426	0
W	119517	15135	0
W	76511	97626	5
W	37352	177534	0
W	72678	4013	3
W	109365	8641	0
W	9571	33313	0
W	97390	75225	0
W	9572	10180	0
W	56238	6900	0
W	48166	3591	0
W	46766	64017	0
W	65461	1401	2
W	32196	519200	2
W	9574	36930	5
W	52109	19149	0
W	25813	123906	0
W	64029	6150	0
W	54200	40116	0
W	9577	314205	0
W	26809	191099	3
W	65357	31392	0
W	97280	1856	0
W	75181	1289	0
W	26520	934	0
W	56664	3813	0
W	56575	23252	2
W	90892	7501	0
W	39838	24004	0
W	9588	10872	0
W	25963	5386	3
W	45303	11520	0
W	47687	174	0
W	26614	1363	0
W	9590	362921	5
W	9592	68711	0
W	76863	74384	0
W	33051	5323	0
W	36929	433043	0
W	40224	1470	0
W	85695	89840	0
W	31249	12373	0
W	106820	12868	0
W	26322	656955	0
W	165309	12	2
W	22696	281	0
W	61348	580	0
W	9593	494504	0
W	61154	37799	0
W	44335	14185	0
W	66012	204217	0
W	42654	8416	0
W	25964	272258	0
W	47266	984	0
W	72582	4213	0
W	35715	577653	0
W	75627	1641	0
W	168536	21	0
W	53551	1787	0
W	129051	2686	0
W	57812	117892	0
W	41212	134222	0
W	107079	3302	0
W	137729	40073	2
W	74003	94	0
W	9605	945	3
W	38724	125254	0
W	9606	93424	3
W	9609	4177	2
W	71327	6799	0
W	71342	18011	0
W	58622	17719	3
W	9610	7829	0
W	71435	19658	0
W	36642	50994	0
W	134628	1931	0
W	98060	27832	0
W	32642	42035	0
W	141649	157	2
W	9615	21171	0
W	90231	3567	0
W	72955	1135	0
W	42383	13114	0
W	31287	205	0
W	81618	12853	0
W	38307	5212	0
W	51895	50898	4
W	66255	6926	0
W	37786	11228	0
W	165204	1421	1
W	77833	182644	0
W	76913	55872	0
W	139653	3106	0
W	30040	3122	0
W	52162	3466	0
W	20573	102543	0
W	9623	379367	6
W	21684	169553	4
W	48167	275605	0
W	58773	41532	0
W	69073	2634	0
W	132476	2647	0
W	106464	1630	0
W	137662	17347	0
W	53005	2641	2
W	72837	72347	0
W	43191	134464	0
W	121401	63921	0
W	48666	34800	0
W	41450	5313	3
W	9631	161704	0
W	36423	145962	5
W	86915	1858	0
W	148551	4	0
W	33973	12230	0
W	9634	12291	0
W	9635	465756	6
W	81561	8876	0
W	56219	12613	0
W	75919	17389	0
W	23435	134	2
W	51006	40539	0
W	21685	129699	0
W	44472	63303	0
W	70320	8414	0
W	67731	1876	0
W	129330	15231	0
W	22272	154623	5
W	9639	1707754	5
W	43719	1714	0
W	72253	2208	0
W	74532	2253	0
W	54739	232102	0
W	64386	1717	0
W	72959	2759	0
W	91667	6819	0
W	9640	223826	0
W	56285	3572	1
W	22319	24051	0
W	100144	15081	0
W	49151	45497	0
W	9641	193396	5
W	33489	11433	0
W	21106	124984	0
W	67589	125448	0
W	26323	74334	0
W	104830	6394	0
W	37694	68500	0
W	43233	51458	0
W	44415	44235	0
W	66237	421	0
W	73681	2228	0
W	31217	20483	2
W	36708	53535	0
W	65105	2088	3
W	73207	31852	0
W	28162	199398	0
W	39084	9000	3
W	100988	1833	0
W	9649	2469	3
W	138419	545	0
W	9652	233590	0
W	20574	21780	0
W	9654	55861	5
W	9655	97614	3
W	9656	51614	1
W	43222	29453	0
W	48051	3266	0
W	9657	6462	0
W	60663	24124	0
W	32395	4981	0
W	62031	2968	0
W	71627	1925	0
W	63367	4923	0
W	39018	88102	0
W	30638	236216	0
W	55322	527	0
W	113521	4650	0
W	48633	10975	0
W	78034	58027	0
W	68550	1480	0
W	71087	13432	4
W	29332	164843	0
W	51906	6133	0
W	128240	2230	0
W	41920	35833	0
W	21466	506776	6
W	51856	8692	0
W	9664	3226	0
W	30530	5213	0
W	71791	15534	2
W	43710	7334	0
W	70304	23795	0
W	23615	47	0
W	41223	79635	0
W	85478	9381	0
W	24829	43498	0
W	47394	335465	5
W	46056	653	0
W	108915	7477	0
W	9668	10826	0
W	9669	74214	0
W	38931	14598	0
W	71072	34342	0
W	88716	1433	0
W	21989	5566	0
W	68392	8835	3
W	65966	16290	0
W	84305	5468	0
W	50198	197	0
W	66296	40550	0
W	35571	351960	0
W	118514	1691	0
W	84919	2288	0
W	52726	7701	4
W	67167	10462	0
W	54825	1607	0
W	83094	3695	0
W	20344	303340	0
W	52683	3932	2
W	44145	65861	3
W	75621	2480	0
W	9688	5396	0
W	77881	132312	0
W	53236	20474	0
W	115641	1357	0
W	9691	5741674	0
W	25731	10239	0
W	64784	1493	0
W	36475	20266	0
W	84068	8194	0
W	131171	8709	2
W	49873	2665	0
W	34705	170618	0
W	83713	25238	0
W	101397	1203	0
W	67191	765	0
W	51407	33606	0
W	128819	1680	1
W	42487	4112	0
W	61564	24244	3
W	62154	1390	3
W	46852	1472	0
W	136396	5375	0
W	141661	690	0
W	9699	1404	0
W	52818	9202	0
W	80738	23612	0
W	78001	39445	0
W	35289	167561	4
W	9702	15461	0
W	32236	44964	0
W	9704	21641	0
W	46964	29806	0
W	167028	336	4
W	29082	24442	0
W	48986	5021	0
W	9707	150068	0
W	106858	36	0
W	52752	64183	0
W	60534	11231	0
W	31870	308140	0
W	46801	7001	4
W	84306	4187	0
W	9711	15364	0
W	26661	5106	0
W	54794	1883	0
W	80559	4735	0
W	9714	70050	0
W	45830	94199	0
W	73239	43721	0
W	9717	5930	0
W	126036	4124	2
W	42055	77533	0
W	9719	2367	1
W	20955	16177	4
W	24806	10263	4
W	58365	264779	0
W	42561	49606	0
W	135102	4370	0
W	61111	46047	0
W	9724	116392	0
W	9725	17250	0
W	125700	1186	0
W	126701	4710	0
W	35163	9942	0
W	73949	2774	0
W	73761	5657	0
W	95588	2666	0
W	9730	128657	0
W	100145	6877	0
W	37748	127063	0
W	44756	135224	0
W	37854	28775	0
W	132081	21464	0
W	37425	22122	3
W	166774	15028	1
W	9733	39911	0
W	58659	21760	0
W	51025	22311	0
W	125142	12929	0
W	135620	1952	3
W	69099	4613	0
W	63304	94989	0
W	66256	7908	0
W	21990	484	1
W	80591	37085	0
W	115574	777	0
W	75921	17148	0
W	21373	224524	2
W	38282	22054	0
W	9740	329	0
W	61210	56705	0
W	55269	16475	0
W	9742	4411	0
W	118838	203	4
W	161745	9	0
W	79928	2790	0
W	20897	83083	0
W	21991	2696	0
W	119331	2967	0
W	111985	4098	0
W	24883	3072	0
W	75278	6326	0
W	83587	5971	0
W	59941	23783	0
W	31383	2077	3
W	31859	21930	3
W	54900	3189	0
W	51595	22290	0
W	47913	3190	0
W	70321	147390	0
W	9752	1931786	0
W	25965	222473	0
W	140747	2663	2
W	35618	596	0
W	116445	732	0
W	75445	19488	0
W	138195	2158	4
W	121992	272	0
W	9753	11819	0
W	9754	135026	0
W	75192	47253	0
W	67691	1113	0
W	139602	6407	2
W	44229	136	0
W	9758	5165	0
W	21467	96242	0
W	121121	1664	0
W	98114	12095	0
W	65388	136	2
W	60713	19859	0
W	47903	24487	2
W	26549	26491	0
W	9763	6013	0
W	50137	69627	0
W	69336	7246	2
W	39527	186295	0
W	41798	94385	0
W	133914	22196	6
W	46753	18107	0
W	9767	28907	0
W	9769	21865	0
W	57935	19386	0
W	130430	1835	0
W	9770	5167	0
W	74090	214355	0
W	164794	32	1
W	117097	4524	0
W	43180	7192	0
W	63480	1248	3
W	79267	9719	0
W	55667	2181	0
W	9773	364	0
W	62660	3444	0
W	9774	1327	0
W	70204	329460	3
W	108673	31012	0
W	29083	136068	0
W	45147	151472	4
W	9778	497266	0
W	71885	4380	0
W	30552	1649	3
W	75444	20970	0
W	59809	59054	0
W	20740	144768	0
W	40196	1417	0
W	136846	1564	2
W	9780	1454922	4
W	9782	176	0
W	118803	1572	0
W	46340	54702	4
W	127767	6664	1
W	58949	50048	0
W	20937	15820	0
W	121195	1272	0
W	38793	16505	0
W	70712	11021	0
W	9788	600025	4
W	42934	127966	0
W	26384	116429	0
W	30725	28023	3
W	121454	4021	0
W	47412	10021	3
W	61820	188	4
W	9791	2056	0
W	9792	3471	0
W	49757	5240	0
W	61423	2706	0
W	9793	19257	0
W	21563	75665	0
W	93975	3263	0
W	55370	467421	0
W	38513	133168	0
W	9797	3916	0
W	68760	4804	0
W	20741	72415	3
W	158671	100	0
W	29034	3566	0
W	118072	3681	0
W	9800	17335	0
W	64181	13356	0
W	93211	4859	0
W	154674	1918	0
W	61288	73612	0
W	50892	2240	0
W	34838	169046	5
W	108058	3382	0
W	33506	3738	0
W	55939	1467	0
W	37864	41544	0
W	55067	51633	0
W	123269	5086	0
W	68539	33757	0
W	31060	273260	0
W	57711	26644	0
W	60930	2736	4
W	52048	1181	0
W	88382	10063	0
W	9808	28554	0
W	42739	5969	0
W	40804	1258	2
W	9809	2897	0
W	9810	780	0
W	29771	6177	0
W	26662	234559	0
W	46484	4953	0
W	55687	185839	0
W	137954	3115	0
W	73139	2300	0
W	25907	7308	0
W	77907	40028	0
W	57712	12636	0
W	32643	9086	0
W	30990	168592	0
W	80507	10995	0
W	70872	10697	3
W	33883	28093	0
W	52276	17251	0
W	55371	171442	0
W	32542	42590	4
W	87384	2355	0
W	149157	3616	0
W	29174	9328	0
W	74485	236	0
W	9815	371	0
W	9816	2371	0
W	40013	45772	0
W	9817	1756	0
W	54242	31648	0
W	63134	15796	0
W	21993	1013	4
W	44440	54768	0
W	36872	97509	0
W	9819	1060897	0
W	40805	540	3
W	9820	90633	0
W	29065	7901	0
W	9822	78535	0
W	64493	15006	0
W	115679	277	0
W	49214	13946	0
W	9823	981488	5
W	32188	4543	3
W	57400	2728	0
W	31860	16912	0
W	63584	121	0
W	29870	16052	0
W	56808	2336	2
W	71847	58388	0
W	49665	2123	0
W	62509	3469	0
W	58314	7736	0
W	84920	4557	0
W	85983	1740	0
W	53290	7321	0
W	29285	203879	5
W	77779	5229	0
W	31930	175271	0
W	48053	502	0
W	9831	4211	0
W	9832	13634044	7
W	106859	2138	4
W	68285	215158	0
W	50247	1958	0
W	31314	590104	0
W	61438	4497	0
W	45610	447	0
W	82548	20896	0
W	9837	4193	0
W	103113	2643	0
W	58497	19512	3
W	152022	25952	0
W	49590	10209	0
W	135850	8289	2
W	57695	5703	0
W	166358	264	3
W	47546	563	0
W	71205	54	0
W	78732	28895	0
W	155106	7	0
W	21292	60405	3
W	9843	1169235	5
W	53928	35348	0
W	22320	41232	4
W	33866	11990	0
W	56547	20766	0
W	87786	1539	0
W	55302	12476	0
W	77964	42592	0
W	71812	504	0
W	50248	43098	4
W	162722	1851	0
W	9849	952600	6
W	145769	2116	0
W	46907	4154	0
W	87536	11230	0
W	29255	5130	4
W	50825	50441	0
W	116740	104	0
W	48819	325	0
W	23222	247929	0
W	48732	568	0
W	29333	96860	4
W	9852	559	2
W	36007	307723	0
W	21564	264940	5
W	46166	42480	0
W	72285	35866	0
W	119505	8190	0
W	47214	27933	0
W	37437	763	0
W	64038	7762	0
W	53824	7794	0
W	9854	324382	0
W	66025	23726	0
W	34839	381	0
W	32543	39041	0
W	41709	340912	0
W	83289	1922	0
W	71773	29905	0
W	64590	17166	0
W	40112	52233	0
W	59249	2846	0
W	77479	87858	0
W	138979	931	0
W	72996	2516	0
W	33651	49984	0
W	129950	812	0
W	57917	222584	0
W	55048	873	0
W	9858	8187	0
W	50249	1340	0
W	83525	1991	0
W	117418	3384	0
W	97684	2952	0
W	46993	23722	0
W	56499	11032	3
W	41230	37987	0
W	43594	23201	3
W	104242	88197	0
W	49019	2411	4
W	133802	46	0
W	36191	61744	0
W	23616	14	2
W	31384	9820	0
W	64727	22098	0
W	38344	19769	4
W	9864	2685	0
W	45148	61762	0
W	9867	3284	0
W	87897	13279	3
W	70699	116	0
W	50913	74469	0
W	9869	45586	3
W	144556	813	0
W	40098	8374	3
W	9871	49058	3
W	72470	114	3
W	54594	7219	0
W	9874	6282	0
W	91095	1011	0
W	9875	27471	0
W	62001	5848	2
W	9876	24193	0
W	9877	2614	0
W	86288	15836	0
W	87007	715	0
W	21520	30385	4
W	44735	150091	3
W	32942	19004	0
W	44923	1834	0
W	58568	23166	0
W	30016	69261	0
W	9882	1086297	0
W	48605	289977	3
W	76767	137630	0
W	62909	446522	0
W	9884	7352	0
W	161402	293	1
W	66993	3972	0
W	108804	4677	0
W	65807	6410	0
W	124201	2349	2
W	59512	13032	0
W	142250	2262	0
W	65190	18293	0
W	117563	10837	0
W	49055	35668	0
W	75201	2800	3
W	44607	856	0
W	9892	173972	5
W	38843	42011	0
W	37400	34295	0
W	39865	50380	0
W	9893	5193492	0
W	63695	19265	0
W	9895	29869	2
W	31337	43103	3
W	52859	134081	0
W	37394	88967	0
W	87385	2469	0
W	88002	4467	0
W	164361	2143	2
W	21036	126552	0
W	110432	11592	0
W	52727	4306	3
W	80204	47825	0
W	73201	21630	0
W	68774	14005	0
W	54170	137951	0
W	39839	3814	0
W	9898	402690	0
W	162441	2385	3
W	54310	30006	0
W	83152	9916	0
W	9899	392885	3
W	52111	8724	0
W	60738	10780	0
W	105059	379	0
W	36634	8742	0
W	9902	105293	3
W	68286	46100	0
W	69472	14191	0
W	72346	22021	0
W	64694	358	0
W	94436	966	0
W	138567	917	0
W	128298	3615	0
W	57813	13213	0
W	9904	21363	0
W	73068	100	3
W	42495	11923	0
W	60177	87532	0
W	9907	525805	0
W	54698	4687	0
W	21802	1775	4
W	26600	83156	0
W	65860	11868	0
W	82469	7065	0
W	46986	1926	0
W	9912	106485	5
W	22980	32835	0
W	81679	33478	0
W	31273	29300	0
W	89003	2382	0
W	42570	166886	0
W	22321	59391	4
W	60714	16824	0
W	126053	190662	0
W	54411	55571	4
W	129351	3973	0
W	22699	14963	4
W	22322	5822	0
W	26303	38378	0
W	33740	44349	0
W	83058	8827	0
W	57456	248369	0
W	53624	7470	0
W	37286	29149	0
W	100514	81778	0
W	63936	2560	0
W	21773	22298	0
W	112539	5342	0
W	69219	19781	0
W	63690	6876	0
W	46737	32001	0
W	59913	4092	0
W	140493	15863	0
W	73656	1018	0
W	124891	6214	0
W	47758	59127	4
W	128299	1155	0
W	73689	1406	2
W	99646	234	0
W	87563	3411	0
W	75512	112	0
W	9926	3107	4
W	41589	4923	0
W	100041	39	0
W	49378	2025	0
W	64596	1657	0
W	28389	68453	0
W	40460	55195	0
W	143827	11575	0
W	39739	61862	0
W	93314	1896	0
W	35346	79083	0
W	75572	1931	0
W	89389	2910	0
W	75185	112570	4
W	9934	2779	0
W	131379	1586	0
W	54768	3050	0
W	75226	36747	0
W	9937	1160882	6
W	160581	2780	0
W	29334	19139	3
W	44659	7079	1
W	23223	113228	4
W	43963	4479	0
W	63262	10332	0
W	43827	40617	0
W	9941	1330665	0
W	9942	7885	0
W	45318	30445	3
W	79669	44369	0
W	9943	3727	0
W	61810	3456	0
W	21617	14390	0
W	131381	13686	2
W	75364	20130	0
W	59705	119529	0
W	29066	14364	0
W	9945	13391	0
W	9946	5657	0
W	32489	104356	0
W	106860	67543	6
W	87787	1977	0
W	87386	6756	0
W	57424	2751	0
W	131618	29	0
W	56162	25615	3
W	9949	1237420	0
W	25732	5412	3
W	40591	111649	3
W	74448	77846	4
W	136174	1610	0
W	9951	853	0
W	48178	153165	0
W	56375	748	0
W	33507	49260	0
W	20899	225935	5
W	61132	304	0
W	39650	29772	0
W	9953	599874	5
W	58221	1442	0
W	127055	992	0
W	112710	2593	0
W	78158	5173	0
W	36679	74281	0
W	83388	25286	0
W	56376	1325	2
W	54116	161426	0
W	129488	2436	0
W	62502	6269	3
W	100147	2806	0
W	30639	115962	0
W	79310	21611	0
W	126602	193	0
W	73012	2750	2
W	40592	330913	6
W	62021	75238	0
W	56652	9227	0
W	117775	855	0
W	60757	538	0
W	138417	1274	0
W	74572	260602	0
W	69001	9499	4
W	36406	88466	0
W	55050	2164	3
W	9962	16479	0
W	9963	191882	5
W	104442	18044	0
W	9964	105605	4
W	151242	1506	1
W	39961	82193	0
W	127847	3584	0
W	54582	7689	0
W	127903	16942	0
W	63425	10999	0
W	149221	2845	1
W	20394	84929	0
W	100126	21236	0
W	80351	17064	0
W	63217	22109	0
W	136410	82	0
W	36694	395	1
W	26728	45069	0
W	81620	24432	0
W	36954	12555	0
W	135317	1711	0
W	75176	5808	0
W	113365	6250	0
W	50337	53276	4
W	21037	196483	0
W	28091	33265	0
W	20575	263789	4
W	30727	63377	0
W	72597	1026	0
W	115663	35	0
W	20609	13699	5
W	118338	12745	0
W	50008	717	0
W	9970	46992	0
W	20345	42715	3
W	61094	1339	0
W	21618	36172	5
W	9971	20456	0
W	32318	72509	0
W	157103	3105	1
W	98115	6412	0
W	135147	5151	1
W	61173	13979	3
W	63267	3561	0
W	113850	7559	0
W	36350	214958	0
W	25936	7121	3
W	54516	6408	2
W	9977	3141760	0
W	33835	2766	0
W	43841	1117	2
W	61873	21486	0
W	31861	95050	4
W	86467	3541	0
W	145573	1602	0
W	24884	171433	0
W	23618	2642	0
W	44146	4749	0
W	39853	2418	0
W	21157	92732	0
W	75353	6145	0
W	9981	373066	6
W	100486	44647	0
W	21997	52987	0
W	9982	44392	5
W	37844	4379	3
W	34630	62031	3
W	9984	16624	0
W	33225	37278	0
W	33652	11616	2
W	62108	43162	0
W	63127	57	0
W	74996	35965	0
W	43853	8342	0
W	9985	34171	0
W	31882	61163	0
W	43013	14138	0
W	39323	17254	0
W	73862	95021	0
W	9986	34262	0
W	29305	264111	0
W	53741	4957	0
W	49239	97842	0
W	9987	530	0
W	35683	270839	0
W	9988	37306	2
W	43391	37202	0
W	22981	2428	0
W	47303	4158	4
W	124974	1914	0
W	40318	36119	0
W	9989	273502	0
W	9990	30492	0
W	9991	56226	0
W	77597	37382	0
W	9992	3326	0
W	9993	332573	0
W	25908	64692	0
W	9994	119509	0
W	66093	11210	2
W	49605	14714	0
W	20395	18063	3
W	60724	57196	0
W	115634	3520	3
W	48257	6992	0
W	9995	2413492	0
W	95434	4442	0
W	9996	135852	0
W	31931	90550	0
W	58914	2343	0
W	33373	321586	4
W	69339	7272	0
W	114414	23999	0
W	61663	68967	0
W	33437	244253	0
W	73069	75	3
W	51634	17599	0
W	42066	1223	0
W	58389	721	0
W	33898	33382	0
W	67732	39450	0
W	30728	370951	0
W	10001	740436	0
W	89447	3148	0
W	127863	945	1
W	28163	392399	4
W	48283	2224	0
W	66818	4337	0
W	32264	11110	0
W	67269	52705	0
W	63566	1636	0
W	112984	219	0
W	142190	130	0
W	10005	414	2
W	68131	6696	4
W	55510	296080	0
W	26676	103823	4
W	79931	14622	0
W	10007	793700	5
W	10008	21180	0
W	128037	2413	0
W	10009	1702	3
W	31101	2505	0
W	116726	6275	0
W	70057	14	0
W	10013	24730	0
W	107858	1789	0
W	121771	85972	3
W	22700	11001	0
W	100795	597	0
W	104909	2187	0
W	65655	3705	4
W	10014	318982	0
W	41170	53993	4
W	22983	5240	4
W	103346	5997	0
W	33490	7465	0
W	55113	4637	0
W	36351	35240	2
W	45004	35198	0
W	63391	6815	0
W	157762	6198	4
W	128208	3306	0
W	50759	105135	0
W	10015	698	0
W	36176	19808	4
W	77637	21881	3
W	65339	60217	0
W	70309	12249	4
W	109982	50691	0
W	32438	356029	0
W	65001	1605	1
W	21038	28017	0
W	35779	42335	0
W	66738	97374	0
W	103921	6169	0
W	22206	27722	0
W	10022	24963	0
W	29272	225311	4
W	40014	5177	3
W	73810	890	0
W	70962	21191	0
W	125707	45032	0
W	38829	297905	0
W	48299	11341	0
W	75164	9235	0
W	76538	270400	0
W	50338	41	0
W	75083	1581	0
W	60590	5294	0
W	64140	7571	0
W	10026	422754	0
W	10028	66360	0
W	20576	136494	0
W	51610	132813	0
W	38786	8730	2
W	40941	133500	0
W	41307	78314	3
W	43128	9220	0
W	61826	52998	3
W	10031	8889497	6
W	60963	2595	0
W	62358	99579	0
W	167453	4151	3
W	152643	3068	0
W	74340	870	0
W	10033	56373	0
W	137885	1602	0
W	75207	26702	0
W	167014	2528	1
W	100963	1718	0
W	71015	41284	0
W	10035	86441	0
W	73322	58720	0
W	31871	481123	0
W	121100	9223	0
W	41192	3802	0
W	147826	5063	0
W	26346	25757	3
W	32943	79143	0
W	75204	990	0
W	20346	58254	0
W	43799	12939	0
W	22701	769	0
W	141104	464	0
W	162494	157	0
W	52624	34803	3
W	44039	11686	0
W	71448	38370	0
W	57612	2527	3
W	40996	42405	0
W	104479	2133	0
W	10050	405936	5
W	69444	1093	0
W	38815	150055	0
W	135103	1034	0
W	10051	61266	0
W	152213	285	0
W	23181	55114	4
W	41755	103711	0
W	10053	2883	0
W	10054	69149	0
W	55372	2802	2
W	75219	6734	0
W	86364	8578	0
W	40527	12549	0
W	21107	6472	0
W	80320	30442	0
W	40181	114690	0
W	63538	74440	0
W	131382	1006	0
W	55324	443707	0
W	64256	14253	0
W	165547	944	2
W	158221	278	0
W	20348	34436	0
W	33008	7930	0
W	151042	73481	0
W	10059	12737	0
W	10060	685	0
W	56777	1415	0
W	49416	21029	0
W	57924	11693	0
W	10063	2471	0
W	36639	47690	0
W	77425	57868	0
W	10065	406974	5
W	35101	842	0
W	30593	185025	0
W	81332	44326	0
W	93913	16193	0
W	135204	2469	0
W	41516	65614	0
W	22223	4120	0
W	10072	507	0
W	35604	66856	2
W	70091	28319	0
W	123058	9669	0
W	102922	6016	0
W	26829	224399	0
W	10074	4026	0
W	37354	5391	0
W	10076	415586	0
W	21158	300723	0
W	121238	1350	0
W	10077	2760	0
W	20693	119902	0
W	73318	34343	0
W	55688	27378	3
W	61560	27070	0
W	68676	3064	0
W	74958	25801	3
W	47854	23393	0
W	21998	1233	0
W	10079	19969	0
W	40032	294204	5
W	111193	3216	0
W	146281	26276	0
W	59547	58954	0
W	165955	421	2
W	26703	133842	0
W	10083	106798	0
W	33917	20938	0
W	148467	179	0
W	40538	45368	0
W	65109	3588	3
W	28268	869	0
W	54472	15404	0
W	10085	16198	0
W	10086	12447	0
W	28092	114763	4
W	45981	5057	0
W	59882	8862	0
W	10088	202919	0
W	111294	29605	0
W	43055	37253	0
W	10089	66189	0
W	55270	9898	0
W	137235	1202	0
W	37520	205023	0
W	128261	267	0
W	20779	53303	4
W	60170	5462	0
W	33184	18056	0
W	10093	275	0
W	90827	112011	0
W	96633	3337	3
W	68801	344	0
W	57029	4730	0
W	32387	166261	0
W	39030	7497	0
W	10095	104209350	8
W	10096	9269	0
W	53405	5698	2
W	46167	129707	0
W	33974	99468	4
W	36098	1306	0
W	155229	669	0
W	82000	43883	4
W	54226	106414	0
W	57084	11974	0
W	133188	3283	0
W	48974	111082	0
W	10101	8723	0
W	95464	11920	0
W	128034	14	2
W	139447	4778	0
W	10105	10259578	0
W	111221	710	0
W	38906	9990	0
W	166946	143	3
W	63846	9044	0
W	10108	1041	0
W	80784	45999	0
W	22000	1792	4
W	47411	72984	4
W	120191	8617	0
W	113074	14852	2
W	164718	4096	5
W	117615	2421	0
W	136068	600	0
W	10115	57776	0
W	58527	74152	0
W	42322	6508	0
W	103630	1409	0
W	71805	1494	0
W	54473	2585	0
W	36157	3457	0
W	72441	12644	0
W	64676	12907	0
W	59226	24871	4
W	10119	1924970	6
W	49801	31134	0
W	33464	1258	0
W	96389	4402	0
W	74528	3154	0
W	59033	3622	0
W	10121	30762	0
W	121397	51270	0
W	137099	1892	0
W	10124	69627	0
W	78120	10335	0
W	53178	21023	0
W	53208	1637	0
W	144539	20	0
W	37401	363756	0
W	73748	143416	0
W	75545	3084	0
W	10129	2382	0
W	10130	12052	0
W	160650	60	0
W	29306	100415	0
W	133830	20003	0
W	128255	720	0
W	10135	540257	4
W	91479	1686	0
W	72997	120843	0
W	61384	2059	0
W	51375	7542	2
W	10136	1739613	0
W	55150	43245	0
W	44257	2157	0
W	38509	9506	0
W	155299	299	0
W	52666	20657	0
W	74626	80832	0
W	33383	5325	0
W	57486	5869	0
W	127580	30484	0
W	38372	68373	0
W	30640	8052	0
W	55493	941	0
W	150685	5861	0
W	117698	72	0
W	105169	38297	0
W	37477	3913	0
W	67047	709	0
W	57008	1833	2
W	68448	605	2
W	99854	38	0
W	10147	13488	0
W	50893	555	0
W	10148	4153	0
W	21521	242877	5
W	35352	74087	0
W	56408	102765	0
W	42752	103700	0
W	144071	925	0
W	161797	147	0
W	30729	211387	0
W	107181	23332	0
W	47996	989	2
W	84226	1308	0
W	54691	3177	0
W	60605	42756	2
W	50504	48670	0
W	10161	524	1
W	32197	811	0
W	66755	1205	0
W	49122	1366	3
W	31250	16581	0
W	32286	2452	0
W	10162	386683	0
W	93177	12862	0
W	47267	35314	4
W	61299	19386	0
W	10163	112641	3
W	42725	6539	0
W	56500	14964	0
W	10164	50443	0
W	62810	8933	0
W	39178	4535	5
W	10165	117007	3
W	64100	12127	0
W	10166	1234784	0
W	67746	53495	3
W	64625	34083	0
W	60950	79370	0
W	10167	37974	0
W	36716	3913	0
W	32439	45163	0
W	66177	210332	0
W	61551	5914	0
W	39893	3079	0
W	54311	125503	0
W	41238	19155	0
W	54623	7273	0
W	73624	14334	3
W	67055	1363	0
W	97406	5855	0
W	10175	9238	0
W	63273	9578	0
W	62479	100147	0
W	137393	35499	3
W	72985	36675	0
W	104325	298	0
W	42858	15347	0
W	53700	81870	0
W	22248	385948	0
W	69535	1836	0
W	46224	15778	0
W	127755	22072	0
W	121455	642	0
W	51762	2583	0
W	114885	1444	0
W	49551	3186	0
W	66633	306	0
W	74184	21596	0
W	67199	49564	0
W	80165	9861	0
W	131427	3073	0
W	46088	66156	0
W	21039	24143	4
W	44946	835	0
W	35572	125424	0
W	10178	46017	0
W	57770	159947	0
W	96634	2294	0
W	86365	15685	0
W	21328	35502	0
W	64957	2646	0
W	39596	106844	0
W	42899	7565	0
W	10184	1712	0
W	45855	15263	0
W	32141	8866	0
W	153404	605	0
W	159459	1127	2
W	21374	306694	3
W	78519	31684	0
W	70745	8884	3
W	38037	39840	0
W	128469	14907	6
W	127850	15118	0
W	134469	350	0
W	89087	7051	0
W	40949	30980	4
W	55800	9163	0
W	57009	19367	3
W	32351	100549	0
W	37489	23310	0
W	35209	6317	0
W	128187	1730	3
W	10193	71549	4
W	48411	758	0
W	69196	1118	0
W	10195	3053	4
W	10196	53233	0
W	67077	14164	0
W	168391	14266	2
W	22323	5904	0
W	10198	592852	0
W	62153	1254	3
W	168483	16976	4
W	56358	107014	0
W	80646	17451	0
W	108916	13951	0
W	128014	1800	0
W	22249	14585	0
W	52875	8400	0
W	53773	179	4
W	42384	25967	0
W	10202	5627	3
W	84070	7212	0
W	94278	4692	2
W	10204	60756	0
W	10207	39272	0
W	62902	78170	0
W	61080	45569	0
W	10209	57368	0
W	45149	65573	0
W	20460	9372	0
W	69806	11062	0
W	10211	71642	0
W	44822	13836	0
W	10212	39717	0
W	68005	359786	4
W	94781	9741	0
W	10214	10800	0
W	22324	77510	0
W	108423	5594	0
W	10215	16236	3
W	157536	1598	0
W	124926	6519	2
W	10218	495946	5
W	53237	10684	0
W	56728	48482	0
W	10219	210621	0
W	10220	1333	0
W	44509	20920	0
W	81751	734	0
W	65002	6223	0
W	92024	50101	0
W	89715	10597	0
W	33584	45383	0
W	41809	33909	0
W	35290	17245	4
W	66461	13550	0
W	90951	3794	0
W	68366	12570	0
W	26304	15388	4
W	159023	21322	0
W	69369	84830	0
W	41416	50668	0
W	10225	790931	0
W	49138	506	3
W	53385	13000	0
W	10226	8584	0
W	37081	110811	3
W	38022	77761	0
W	64361	62878	0
W	55192	109874	0
W	72632	578	0
W	66721	368	3
W	73231	10432	0
W	25764	52105	0
W	10229	344944	0
W	21469	26420	0
W	127782	4330	3
W	63575	530	0
W	32544	52055	0
W	92275	1374	0
W	78674	98024	2
W	57444	23032	0
W	36008	399440	4
W	71933	3836	0
W	30676	32761	0
W	101572	553	0
W	10232	2854151	0
W	10233	34287	0
W	31154	50001	0
W	10235	24380	0
W	10236	1837	3
W	20665	16720	4
W	41117	4971	0
W	77141	99266	0
W	56377	67171	0
W	71109	19974	0
W	66245	35685	0
W	159445	385	0
W	28093	29503	0
W	135851	3350	3
W	10238	342256	0
W	40806	11215	0
W	134781	824	0
W	69025	2345	0
W	10239	9421	0
W	39131	10565	0
W	55952	3612	0
W	59257	56	0
W	39179	79896	0
W	22702	1598	3
W	20223	52205	0
W	123621	1095	0
W	55152	10485	0
W	75740	8338	0
W	75208	70543	0
W	10242	4484	1
W	62534	115197	0
W	66298	16733	0
W	85696	10930	0
W	61596	11342	0
W	139521	25465	0
W	53825	5695	0
W	51544	36401	0
W	10244	763416	5
W	26572	55124	0
W	59825	86578	0
W	10245	178467	0
W	39225	86940	2
W	41118	98532	0
W	55831	5253	0
W	124249	19537	0
W	168422	57	3
W	63209	1464	0
W	10247	763	0
W	85705	10572	0
W	33009	10846	0
W	107080	1915	0
W	36873	4855	0
W	58528	6203	0
W	67240	1711	0
W	74918	36918	0
W	61925	12627	3
W	63788	64851	0
W	55350	11000	0
W	82552	4708	2
W	131975	4168	0
W	75138	122224	0
W	70134	839	2
W	36177	11808	3
W	39390	3641	3
W	21522	15422	0
W	154069	1732	0
W	68908	3525	0
W	10256	26712	2
W	120593	5291	0
W	99258	2288	0
W	66673	98610	0
W	39962	80550	0
W	157537	77	0
W	10260	130789	0
W	57743	6609	1
W	101181	933	0
W	10265	27671	0
W	44905	38548	0
W	67518	66674	0
W	43384	5430	0
W	10267	1852	0
W	31180	126579	0
W	57730	5308	0
W	63210	9911	0
W	45150	67545	0
W	67886	4278	0
W	38576	10740	0
W	43503	347029	3
W	34284	10620	0
W	57030	40420	4
W	49117	126601	0
W	96572	8174	3
W	39560	40101	0
W	10269	2393	2
W	73950	9562	3
W	36709	26049	0
W	50914	73904	0
W	25814	3242	3
W	60725	6671	0
W	21423	4995	0
W	20644	249254	5
W	46802	1564	3
W	68940	5813	0
W	68798	145147	0
W	88003	1759	0
W	28301	33624	0
W	35645	1089	0
W	10277	92501	0
W	43243	2668	0
W	54914	979	4
W	85086	5077	0
W	41717	3348	0
W	44218	66900	4
W	54258	2006	0
W	10280	1001	0
W	58435	5131	0
W	37553	60636	3
W	95498	3678	0
W	51995	3755	2
W	55511	136573	0
W	59217	8132	0
W	78332	33099	0
W	46508	157930	4
W	151034	734	3
W	51926	3031	0
W	88189	19	0
W	40579	60516	4
W	46296	3645	0
W	75169	1974	0
W	33043	1526	2
W	37977	50957	4
W	49540	45666	0
W	71761	6768	0
W	61833	7488	0
W	10283	11457	0
W	22002	449	2
W	89326	10078	0
W	30566	16825	0
W	20511	83609	0
W	33653	14645	0
W	20694	335209	0
W	10285	547	0
W	31046	66914	0
W	166604	12	2
W	75246	5733	0
W	74106	3866	0
W	164805	1131	2
W	32031	154962	0
W	54412	2352	0
W	139939	17953	0
W	161527	4338	0
W	100180	12194	0
W	76968	27827	3
W	44548	80900	0
W	68917	927	0
W	26831	1315	0
W	165741	21558	0
W	135804	3587	0
W	64664	6917	3
W	55611	8248	0
W	23143	201647	0
W	116842	12695	0
W	106487	1066	0
W	21803	277736	0
W	107194	4029	0
W	135042	4872	0
W	84860	200437	2
W	10301	1084032	4
W	143742	358	0
W	61841	468248	0
W	10304	24014	0
W	68402	5552	0
W	29899	85634	0
W	63629	21188	0
W	28444	4293	0
W	47839	8956	0
W	38898	6527	3
W	45005	3287	0
W	142782	52	0
W	68487	851	3
W	66912	6946	4
W	49067	85726	4
W	37865	9430	0
W	73217	8070	0
W	142918	13006	0
W	77390	35390	0
W	50505	87737	0
W	65013	9315	3
W	77984	37550	0
W	152945	276	0
W	40509	131921	0
W	10312	185832	0
W	42753	5508	0
W	31987	74560	0
W	49708	984	0
W	61676	934	3
W	74122	7101	0
W	68651	64221	6
W	32644	28841	0
W	43970	9304	0
W	167716	48	1
W	52919	6427	1
W	112017	4169	0
W	84465	3469	0
W	84466	17586	0
W	41239	168124	0
W	126222	101	0
W	20577	1426	3
W	42363	20356	0
W	10317	4648884	0
W	133913	4726	0
W	41631	258048	0
W	39963	2728	0
W	61465	140	0
W	39468	13981	0
W	54748	15720	3
W	10323	3946	0
W	81467	9712	0
W	156061	1363	0
W	22274	360917	0
W	89793	8978	0
W	43392	4265	3
W	68400	1800	0
W	24885	24923	0
W	42848	23215	0
W	76748	172655	0
W	72043	6290	0
W	51317	3601	2
W	57713	24982	0
W	65069	4363	0
W	52555	54823	0
W	126703	4324	4
W	10333	464347	0
W	159590	3313	0
W	52081	33397	0
W	67056	48204	0
W	68109	2516	1
W	108443	2476	0
W	33100	221072	0
W	72417	2130	1
W	10337	312135	0
W	10338	13833	0
W	10339	2645958	0
W	22706	290	0
W	160866	17627	2
W	20901	188397	4
W	52728	1825	0
W	40225	4222	0
W	10342	487	0
W	10343	8954	3
W	10345	30758	0
W	68755	38313	0
W	55465	5544	0
W	47323	45272	0
W	45779	152871	0
W	72901	124102	0
W	47450	20465	0
W	137236	1127	0
W	26347	2318	0
W	89396	4911	0
W	57540	41205	0
W	45709	1224	0
W	26764	76761	0
W	70164	33424	0
W	22985	278	0
W	10356	2311349	5
W	95979	105784	0
W	157613	0	0
W	20988	90872	0
W	10362	204234	0
W	74169	11590	0
W	44128	3605	0
W	61395	15129	0
W	10364	2274530	5
W	116772	1291	0
W	128065	141	0
W	54312	8985	2
W	74850	17389	2
W	74524	24	0
W	77934	49370	0
W	110692	16130	0
W	40160	11605	0
W	54859	2112	0
W	32592	30935	0
W	61906	5666	0
W	127756	6559	0
W	107753	629	0
W	58470	794	0
W	10374	128746	0
W	51190	62638	0
W	10376	10013	0
W	25765	61410	4
W	128241	347	0
W	113345	23362	0
W	38816	11991	3
W	154614	1449	0
W	52819	51698	0
W	73860	315	0
W	149392	475	0
W	95779	4615	0
W	52709	8359	3
W	51897	283649	5
W	128176	411	0
W	50620	106066	0
W	52182	126630	0
W	97261	6463	0
W	147952	1466	0
W	47492	280	0
W	66285	29162	0
W	10379	66137	0
W	124151	2542	0
W	151936	11317	0
W	70370	5254	0
W	121774	3418	2
W	33208	567980	4
W	10383	140	0
W	97768	10712	0
W	119071	93	0
W	53887	440683	0
W	10384	40813	5
W	106459	24141	0
W	57643	7623	0
W	36727	9173	0
W	39391	32509	0
W	115705	60	0
W	60440	13393	0
W	28341	1112	0
W	80383	10436	0
W	81000	6839	0
W	143108	6510	0
W	46550	57719	0
W	33814	36056	0
W	44558	28491	3
W	25937	11665	0
W	10395	5825	0
W	48054	272	0
W	66286	21265	0
W	114689	11293	0
W	59186	41836	3
W	103347	8232	0
W	66994	9479	0
W	134852	579	0
W	21745	5927	4
W	10397	23441	0
W	10398	14702	0
W	10400	1672053	0
W	47521	1098	0
W	62458	10692	3
W	78799	74107	0
W	10402	15681	0
W	54795	75688	0
W	54151	14021	0
W	73692	32813	0
W	85538	2420	0
W	43982	537	0
W	43941	22993	0
W	89949	180	0
W	42812	57079	3
W	55552	17244	0
W	10404	6797	0
W	70005	7159	0
W	131224	1093	0
W	81119	8000	0
W	40928	3354	0
W	56840	9915	3
W	40198	742	0
W	131276	26560	0
W	22988	593	0
W	47043	1679	0
W	56510	3566	0
W	47330	251987	0
W	60919	5716	3
W	42364	10691	0
W	57010	37837	0
W	32629	870	0
W	73097	31129	0
W	79670	41326	0
W	50430	40988	3
W	51807	18765	3
W	51596	31111	0
W	32567	6169	0
W	74423	31934	0
W	33951	3915	0
W	53910	73466	0
W	134232	6318	0
W	121004	5768	0
W	74018	21188	0
W	39453	1840	0
W	104962	510	0
W	51969	39861	0
W	130926	4534	0
W	28074	176907	0
W	10413	487439	0
W	20233	17316	0
W	37259	150767	0
W	32568	189234	3
W	69445	616	3
W	137678	1999	0
W	68493	4704	0
W	43130	9695	0
W	57395	66286	6
W	60035	1251	0
W	58297	14550	0
W	10418	6957	0
W	167622	238	3
W	26262	11513	0
W	54171	2481	0
W	86031	34965	0
W	10421	1116	0
W	64909	104237	0
W	69261	6853	0
W	120697	50	0
W	67442	643	0
W	10427	57954	0
W	81265	3674	0
W	87790	1352	0
W	59349	73660	0
W	76571	238067	0
W	10428	38733	0
W	127815	1970	0
W	74983	369709	0
W	145298	233	0
W	79522	18244	0
W	10432	35531	0
W	140349	553	0
W	10433	595521	0
W	103984	6908	0
W	83526	7292	0
W	35230	7898	3
W	37767	75239	0
W	29307	57382	0
W	41710	34022	0
W	51280	39939	0
W	128312	2486	0
W	86673	12194	0
W	40510	251639	3
W	113037	447	0
W	59730	13488	0
W	126054	3492	0
W	140535	681	2
W	41288	21497	0
W	39510	15761	0
W	111626	8723	0
W	48327	30570	0
W	143026	4095	1
W	80015	39219	0
W	78297	14440	3
W	10441	213157	0
W	44461	40202	0
W	107326	48233	0
W	33394	11120	0
W	28164	3452	0
W	10443	1431637	5
W	68531	30491	1
W	75534	2537	0
W	166947	699	0
W	116038	13689	0
W	10446	460677	5
W	56034	23830	0
W	25938	103355	4
W	108414	979	0
W	57762	15710	0
W	62600	52587	0
W	144520	11811	0
W	37712	86547	0
W	23623	731	0
W	29156	97340	0
W	127848	607	1
W	156451	2181	1
W	97459	9448	0
W	135533	8374	0
W	73676	10770	0
W	64257	16092	0
W	128338	163	4
W	58060	10410	0
W	10454	471070	0
W	90185	898	0
W	10455	362423	4
W	33746	55391	0
W	39880	69719	0
W	101906	3818	0
W	124815	523	0
W	147074	389	0
W	10461	16785	0
W	53894	3102	0
W	59697	2006	0
W	44027	907	0
W	10463	3674	0
W	66652	51727	0
W	127807	1664	0
W	50156	30087	0
W	55815	29603	3
W	52729	24436	0
W	93914	12073	0
W	10466	6052539	6
W	61358	92	3
W	10467	126	0
W	33717	146960	0
W	114635	2164	0
W	42962	11424	0
W	52049	38053	0
W	45645	96786	0
W	69046	27165	0
W	88004	3776	0
W	28414	20152	0
W	44250	176265	0
W	148313	7972	1
W	10475	4039	0
W	73638	1729	0
W	29631	125805	0
W	68996	4624	0
W	62955	6053	0
W	25842	108545	4
W	127786	3465	0
W	48901	84	0
W	31851	1242	0
W	32378	62436	0
W	10476	650	0
W	134455	5245	0
W	48343	887	0
W	10477	7516	0
W	10478	43056	3
W	32412	126720	0
W	10479	18515	0
W	49802	104366	0
W	42646	5979	3
W	60347	5991	0
W	32585	574	0
W	136340	65	0
W	21565	213633	0
W	10484	2327167	6
W	121352	413	0
W	10485	115904	0
W	136402	64	0
W	91701	23112	0
W	122476	2695	0
W	10487	12161	0
W	136123	22600	2
W	75195	48241	0
W	72126	261	0
W	59016	1501	0
W	86601	201	0
W	123135	3722	0
W	26615	58833	5
W	57771	1191	0
W	60087	708	0
W	21774	234503	0
W	78037	15464	0
W	127069	49680	0
W	38742	7719	0
W	54699	3054	4
W	69074	1406	3
W	10504	2066	0
W	26573	25826	3
W	10505	187	0
W	74078	3599	0
W	107477	2837	0
W	121775	2303	0
W	146501	15289	3
W	73719	71644	0
W	10507	20032	0
W	10508	180736	0
W	130746	2311	0
W	10509	144	0
W	40113	25047	0
W	86470	1354	0
W	47704	51109	0
W	90954	2245	0
W	61797	48453	0
W	83098	4283	0
W	31012	123204	0
W	64094	4309	0
W	30730	73014	0
W	147054	1715	2
W	36517	119865	0
W	50251	2468	0
W	97062	16521	0
W	116814	258	0
W	10515	449	0
W	10516	39882	0
W	33585	2359	3
W	158683	889	1
W	57425	10946	3
W	140504	3374	0
W	10518	23296	4
W	40131	100954	5
W	52358	67662	4
W	62226	62179	0
W	10521	4177	0
W	36352	16048	0
W	10524	545752	5
W	22708	47584	0
W	37266	46184	0
W	65340	11587	2
W	65983	14072	0
W	57112	7210	0
W	63933	10929	0
W	32936	52518	0
W	107225	1417	0
W	56312	305	0
W	44872	81376	0
W	114566	509	0
W	56144	23223	4
W	10528	3216	0
W	104764	49	0
W	10530	406241	5
W	83099	1232	0
W	68464	5012	4
W	63789	18807	0
W	115680	15291	0
W	164278	7511	2
W	47875	21758	0
W	22420	351409	0
W	22005	59641	0
W	65682	11188	4
W	129466	55251	1
W	22368	137165	5
W	10536	263911	2
W	73369	5252	0
W	21746	3125	3
W	76478	118662	0
W	36289	264404	0
W	134917	2192	3
W	157223	87	0
W	33763	69236	4
W	136405	6392	0
W	24853	64452	0
W	45539	21291	0
W	10539	1453330	0
W	70423	110159	4
W	81743	4021	0
W	23097	273422	0
W	61211	62080	0
W	24854	58074	0
W	10541	77366	0
W	51213	181809	0
W	10542	135575	0
W	128361	5715	0
W	78747	78358	0
W	66381	149986	0
W	10544	2542	0
W	75227	1308	0
W	67777	55702	0
W	22275	5712	0
W	57031	292768	0
W	41240	3858	0
W	160933	15292	0
W	32214	230285	4
W	110172	341	0
W	76810	29239	2
W	10549	38139	2
W	40710	4029	3
W	128712	648	0
W	57795	10011	0
W	138609	430	0
W	93814	1513	0
W	52893	286970	0
W	121609	4191	0
W	43504	123	0
W	52050	7472	0
W	117806	9327	0
W	146358	415	3
W	67063	1211	0
W	127975	40980	0
W	10552	76675	0
W	128141	29	0
W	43655	73040	0
W	54071	313	0
W	33451	962	0
W	96023	9692	0
W	65232	2047	0
W	29286	28066	0
W	10559	1640	0
W	10560	222084	5
W	55940	62620	0
W	167859	12	0
W	53930	3890	0
W	68767	499	0
W	133733	350	0
W	85331	41131	0
W	10565	382700	5
W	140748	21471	0
W	10567	108801	3
W	63231	13699	0
W	165800	988	2
W	40711	817	0
W	157538	961	0
W	50253	25667	0
W	10570	3719918	0
W	128106	139	0
W	54651	133279	0
W	70631	58246	0
W	121694	11597	0
W	82422	13328	4
W	126370	6376	0
W	55069	33937	0
W	40107	54321	0
W	56527	1292	0
W	21042	33238	0
W	39427	1415	0
W	131982	1269	0
W	26602	113152	0
W	38817	88600	4
W	91019	2171	0
W	41071	3113	0
W	73352	39288	0
W	128080	362	0
W	21043	78472	0
W	69761	83243	0
W	64067	93540	0
W	75387	2674	0
W	155109	839	0
W	70366	5670	0
W	41792	50887	0
W	93215	5062	0
W	95590	2247	0
W	49628	43349	0
W	65923	2900	4
W	39324	24229	0
W	10581	1620	0
W	54413	65684	0
W	43601	140	0
W	160651	951	0
W	75927	8469	0
W	21402	175799	4
W	152215	656	0
W	45411	18991	0
W	133975	11176	0
W	63392	1237	0
W	103031	265	0
W	10584	376867	0
W	21470	95491	0
W	58944	10662	3
W	39931	46894	0
W	10585	1051024	3
W	22709	1781	0
W	32110	95215	1
W	35210	15911	0
W	21403	19020	3
W	155858	3052	0
W	41799	20995	0
W	70358	18181	0
W	23444	788	0
W	58876	69011	0
W	41619	15452	0
W	48414	456	0
W	59706	9933	0
W	61615	59140	0
W	57918	2841	0
W	22470	3489	4
W	20259	271529	4
W	10588	2501	0
W	54117	70965	0
W	22250	98819	4
W	66790	345	0
W	34749	84226	0
W	57401	54100	0
W	47066	7795	0
W	74438	494	0
W	44206	47687	0
W	154612	2	0
W	26765	202430	3
W	10590	16387	0
W	80118	14154	0
W	168384	39	0
W	25733	4427	0
W	63135	9905	2
W	53982	7071	0
W	63106	10629	0
W	49061	13458	2
W	150750	68	0
W	67260	10556	0
W	10592	7772	0
W	10593	204062	0
W	60277	14566	2
W	90897	1639	0
W	95999	25143	0
W	63890	192863	0
W	55466	2305	0
W	10597	169414	0
W	33508	72080	0
W	33784	195692	0
W	74374	48590	0
W	21717	181858	0
W	142368	1737	0
W	72851	6249	4
W	148314	760	0
W	21329	34781	0
W	28075	8472	0
W	10601	2570	0
W	20610	141264	0
W	45311	144353	0
W	53045	26369	3
W	10602	5055	0
W	44856	63403	0
W	58136	4539	0
W	38965	2650	1
W	102320	6762	0
W	57032	100447	0
W	33246	331417	0
W	10607	45329	0
W	146086	2680	0
W	39181	9399	0
W	132232	12515	0
W	10610	40103	0
W	97245	9082	0
W	71027	14115	0
W	114366	4137	0
W	37526	58087	0
W	128305	512	0
W	25883	46803	4
W	69827	42	3
W	54118	237778	0
W	75612	517	0
W	22710	1014	0
W	33673	152109	0
W	47876	92866	3
W	20867	58556	0
W	78625	106662	0
W	10617	1047046	0
W	10619	431	0
W	74360	9776	0
W	165842	149	0
W	61337	789	0
W	33851	130963	0
W	33123	100147	0
W	10623	21688	0
W	23144	32320	0
W	38489	86202	0
W	131827	4787	0
W	56528	44431	0
W	10629	40387	0
W	134310	23649	0
W	106805	43133	0
W	117616	1902	0
W	71216	3907	0
W	45048	1865	0
W	39909	9826	0
W	51281	45907	2
W	32032	4028	0
W	48272	48359	0
W	10630	470	0
W	87279	143	0
W	57844	4020	0
W	22990	3452	0
W	63999	85953	0
W	52625	51877	0
W	52820	42243	0
W	70427	14578	0
W	32413	147215	4
W	58877	19526	0
W	61664	30428	0
W	63111	35175	0
W	56081	11422	0
W	101371	1419	0
W	81045	18548	0
W	33101	7830	0
W	75147	2441	0
W	71044	101318	0
W	72310	1323	0
W	165447	8260	0
W	66666	13369	0
W	38388	36648	0
W	68843	19806	0
W	10640	494	2
W	24797	149967	0
W	119296	32904	0
W	10642	209386	0
W	121139	39970	0
W	33226	81258	4
W	49105	81217	0
W	65949	65713	0
W	10646	944526	5
W	65792	3037	0
W	76479	292632	0
W	10648	548743	0
W	10650	22281	3
W	29217	119740	0
W	60246	1794	2
W	72198	13483	0
W	42623	273164	0
W	10651	120069	0
W	10652	3090	0
W	31013	83445	0
W	59413	117	0
W	108640	3050	0
W	95376	75	0
W	157539	26	0
W	58736	37230	0
W	57948	20334	0
W	30619	17569	0
W	67789	35332	0
W	49901	106506	0
W	63171	3376	0
W	68592	6333	0
W	26779	34310	4
W	56364	4098	0
W	46099	72299	0
W	10657	932163	0
W	105221	2859	0
W	50341	1142	0
W	46253	42112	3
W	10659	961899	0
W	41099	1710	0
W	10660	12614	0
W	134311	7038	0
W	24924	37836	5
W	55304	960	0
W	32353	171265	0
W	123288	25576	0
W	21262	35023	5
W	37426	1134	0
W	54188	64591	4
W	55023	77820	0
W	74093	3058	0
W	36272	183334	0
W	30498	61830	0
W	118945	1125	0
W	10665	4393	0
W	72081	5195	0
W	59731	633	1
W	68799	2117	0
W	59636	15046	0
W	69713	16425	0
W	58185	5483	1
W	122188	3794	0
W	22224	134414	0
W	101398	2742	0
W	78080	27289	0
W	10669	96845	0
W	49844	1977	0
W	130073	5683	3
W	125463	13400	0
W	10673	36387	0
W	142329	2383	2
W	61997	1694	0
W	10674	15179	0
W	89588	787	0
W	47946	5696	0
W	157478	263	3
W	78520	87714	0
W	77089	32560	0
W	55690	967	0
W	155459	34421	0
W	85429	9024	0
W	10677	735014	0
W	125181	2048	0
W	21202	264030	0
W	31932	31760	0
W	61431	3248	0
W	66931	9945	0
W	86020	26228	0
W	39729	24319	3
W	10682	1061621	5
W	118101	10841	0
W	25766	14986	3
W	89731	9286	0
W	64468	36707	0
W	51611	53944	0
W	10685	826522	5
W	10686	74379	0
W	106863	51	0
W	131852	141	3
W	106864	181	3
W	40832	104825	0
W	69786	195811	0
W	76572	68269	0
W	44320	5339	0
W	126390	6021	4
W	36795	639	0
W	46781	242113	5
W	75054	52532	0
W	45964	39345	3
W	28763	450835	0
W	21404	12606	0
W	20461	126444	0
W	61886	91	3
W	118365	21829	0
W	56529	30105	2
W	10693	32774	3
W	28165	31990	0
W	167637	2740	1
W	21044	206269	0
W	75084	34560	0
W	89311	21184	0
W	61827	67804	0
W	33439	5677	4
W	44473	27378	0
W	69029	434	0
W	77143	21421	0
W	81744	2148	0
W	10701	14140	0
W	62177	379	1
W	28302	92016	0
W	59323	2623	0
W	126516	5503	2
W	156141	719	2
W	133888	7530	0
W	10705	2365	0
W	60219	65629	4
W	45151	121438	0
W	85087	3284	0
W	104327	597	0
W	104570	2000	0
W	20224	482977	3
W	10708	121205	5
W	118357	2382	0
W	42268	31413	0
W	10709	972	0
W	154422	1066	0
W	26810	745	0
W	47934	29630	0
W	10713	272364	6
W	10714	197	0
W	72496	6611	0
W	49874	3074	0
W	44778	21176	0
W	57270	3584	2
W	78522	20306	0
W	109838	1607	0
W	69230	11771	0
W	144884	2076	3
W	61920	641	0
W	10721	245632	0
W	57772	29247	0
W	45319	19805	0
W	32336	84434	3
W	33935	382927	0
W	30607	90033	0
W	53761	10293	0
W	10722	10228	0
W	20956	221106	0
W	65576	36686	0
W	109753	2458	0
W	39182	28141	0
W	32287	12536	0
W	101399	2424	0
W	65054	3168	0
W	52051	7059	0
W	72652	83253	0
W	23447	83	0
W	111496	10595	0
W	54414	33626	0
W	10733	8668	0
W	57868	324995	0
W	66216	23190	2
W	21686	126709	0
W	56378	124089	0
W	10734	2074	0
W	49183	41632	0
W	43322	669	0
W	51199	29710	0
W	43234	145915	0
W	33161	14137	0
W	33952	72704	3
W	32496	58698	0
W	72348	6385	4
W	39183	7889	0
W	48314	28337	0
W	21718	5326	0
W	61385	1666	0
W	37097	6073	0
W	10741	1651	0
W	71862	88915	0
W	10742	1128	0
W	82252	4697	0
W	68880	11039	3
W	37163	166036	0
W	20645	76775	0
W	68906	252566	0
W	10743	114728	0
W	117252	7248	0
W	74777	47052	0
W	10745	30454	0
W	10746	144163	0
W	10747	558	0
W	10748	362	0
W	153851	3624	0
W	73161	31274	0
W	10750	5335732	0
W	20957	259424	0
W	85430	15848	0
W	71880	8614	0
W	47206	127170	0
W	32645	22081	0
W	127659	3043	2
W	62140	11820	0
W	105736	269	0
W	118030	6759	0
W	26704	17344	0
W	53750	513	0
W	65305	8049	0
W	10752	1527092	0
W	66707	5834	0
W	62105	18673	0
W	31363	5441	0
W	98117	4412	0
W	79194	46513	0
W	74895	14215	0
W	33598	210020	0
W	76749	246151	0
W	10757	3037910	5
W	135108	6834	0
W	163330	404	0
W	36584	31224	0
W	32288	116462	0
W	29109	10899	0
W	10760	272516	6
W	126234	5402	2
W	113435	3094	2
W	101294	681	0
W	155007	155	0
W	75055	2198	0
W	114967	7706	0
W	52222	3085	0
W	57830	8318	0
W	72234	2201	0
W	20743	9884	3
W	81166	6505	0
W	46895	3805	0
W	29754	143054	0
W	81001	2645	0
W	32477	185226	0
W	10771	16467	0
W	10772	2593	0
W	68213	8940	0
W	29900	5484	0
W	10776	21223	0
W	120859	5124	3
W	41385	119883	0
W	57925	24768	2
W	47268	100917	0
W	104075	92	0
W	125056	2190	4
W	106806	11333	0
W	10777	3572	0
W	127909	361	2
W	10778	724226	0
W	37478	951	0
W	38389	27546	0
W	42704	1568	0
W	156444	414	0
W	115657	4030	1
W	10780	456675	0
W	25864	33108	1
W	55570	93568	0
W	10781	95	0
W	67749	20937	0
W	74474	539	0
W	39207	1031	0
W	40808	5017	4
W	20397	72269	4
W	133038	3049	0
W	10783	722991	0
W	41567	5605	0
W	40226	55970	4
W	63796	37149	0
W	65624	367964	3
W	34840	6778	0
W	10789	318084	0
W	91860	1795	0
W	147622	1106	0
W	38490	59611	2
W	32176	46940	3
W	10792	377	0
W	68660	13690	0
W	10794	76849	4
W	47947	17044	0
W	10795	1592466	0
W	61196	18172	0
W	35104	3784	0
W	20578	8612	0
W	88051	1513	0
W	56095	4587	3
W	21804	21466	4
W	41309	77966	0
W	33247	14524	0
W	10800	1560949	3
W	66951	10453	0
W	67770	17396	0
W	143335	997	0
W	10802	309067	0
W	10803	60282	6
W	53238	13197	0
W	21263	1214243	4
W	63413	49895	0
W	10804	192	3
W	10805	2976	0
W	10809	1176587	0
W	152082	435	0
W	10810	19999	3
W	10811	274	0
W	34607	150330	3
W	40332	26102	0
W	10812	657422	0
W	72471	797	0
W	40713	3447	0
W	60900	48540	5
W	104261	7084	0
W	107577	15142	0
W	80789	4204	0
W	138747	5768	3
W	56172	390967	0
W	50834	122905	0
W	21045	26573	0
W	36371	259	0
W	157238	26459	3
W	45414	4558	0
W	137428	1137	0
W	37402	49335	0
W	10816	1976	0
W	151278	1008	2
W	78858	28371	0
W	161167	736	0
W	32289	6413	0
W	67887	8614	2
W	168578	363	0
W	10820	60	0
W	10821	20841	0
W	52223	1600	0
W	64193	11313	0
W	31715	900174	0
W	53911	12416	0
W	56841	18286	0
W	50083	9682	0
W	41994	173786	0
W	86528	526	0
W	30515	4823	0
W	25910	15188	0
W	29879	30131	0
W	69272	28804	0
W	38932	23814	0
W	48460	262	0
W	10825	14592	0
W	95749	9767	0
W	10826	85546	3
W	51093	28417	3
W	55669	292	0
W	42015	23671	0
W	21471	69466	0
W	24855	109966	0
W	39984	901	0
W	68730	16020	0
W	10828	16406	0
W	160582	1520	1
W	65420	10189	3
W	162849	702	0
W	31338	134365	0
W	61738	15956	0
W	10830	130311012	8
W	32198	43748	3
W	95591	2095	0
W	136014	2354	1
W	21046	155592	4
W	35146	12051	0
W	64421	6135	0
W	30017	119342	0
W	91243	382	0
W	10835	33818	0
W	132090	4560	3
W	36518	268473	0
W	105369	2615	0
W	10836	247618	4
W	42281	22721	3
W	155456	207	2
W	68038	44582	0
W	31138	2027	0
W	67261	95244	0
W	94820	6355	0
W	73721	18974	0
W	20617	8943	3
W	61694	7280	0
W	125315	4029	0
W	145780	474	0
W	10842	4055	0
W	75326	15399	0
W	44323	190635	0
W	153010	1199	3
W	74111	1486	0
W	109266	1291	0
W	57488	19421	0
W	118864	2234	0
W	69663	16870	0
W	49304	1442	0
W	47737	33006	3
W	97815	2560	0
W	51378	10388	0
W	72805	12222	0
W	44148	46115	2
W	119286	123	0
W	10851	1958	0
W	119709	2631	0
W	10854	187089	5
W	10856	24820	4
W	48735	2576	0
W	158223	18	0
W	73519	5046	0
W	22010	323	0
W	32142	62751	0
W	69347	6082	0
W	74354	13614	0
W	10861	628680	0
W	53406	20305	2
W	52025	8371	0
W	49460	10731	0
W	133449	1410	0
W	113233	540	0
W	127910	1241	2
W	31755	16558	0
W	54727	4532	0
W	119532	45473	0
W	53046	146001	0
W	73698	177	3
W	10868	58256	0
W	71098	143	3
W	124457	1387	0
W	25698	409839	5
W	38919	3357	0
W	112963	23028	0
W	32546	141951	3
W	22713	2720	0
W	37501	107856	0
W	31023	1561	0
W	10872	1601	4
W	57949	1537	0
W	10874	68712	0
W	55496	39166	0
W	10875	534	0
W	21047	70318	0
W	80824	12812	0
W	45647	7653	0
W	78881	22548	0
W	25689	823	0
W	87317	63851	0
W	10878	55708	0
W	75598	119	0
W	32569	1475	1
W	37082	100779	0
W	67665	32795	0
W	75608	12176	0
W	117585	3459	0
W	63949	29	2
W	136471	598	0
W	38933	2872	0
W	31014	38567	0
W	123710	1128	0
W	30996	46581	0
W	39075	16176	0
W	52425	2214	0
W	115687	3624	0
W	71624	230199	0
W	131842	2880	3
W	52758	57534	0
W	70976	4465	0
W	54279	96691	0
W	10885	228964	0
W	88864	1678	0
W	51521	303756	0
W	43056	45466	0
W	105222	10318	3
W	20579	33086	0
W	127987	8328	0
W	39920	229020	0
W	136012	16055	3
W	157459	1096	0
W	21376	590985	0
W	34726	140035	0
W	160762	4746	1
W	52260	95218	0
W	46123	809	0
W	10887	262211	0
W	60741	40346	3
W	90898	2197	0
W	20852	278930	0
W	21108	666	0
W	58660	6919	0
W	108131	1067	0
W	126379	1683	0
W	62611	64168	0
W	38334	67759	0
W	59268	525	0
W	54942	140139	0
W	95278	1482	0
W	46922	3444	0
W	77350	101334	0
W	33827	18031	0
W	10891	11046	0
W	65568	15327	0
W	23303	42433	0
W	58137	12243	3
W	38619	406887	0
W	10895	13396	0
W	53331	21633	0
W	10897	8415	0
W	10898	50	0
W	10899	580669	0
W	72506	38857	0
W	152217	132	3
W	61399	12906	0
W	10900	27607	0
W	88977	11915	0
W	60021	36607	3
W	67720	1711	0
W	48904	814	0
W	58062	269	0
W	10904	548	0
W	30531	60919	0
W	40287	5828	2
W	10905	1826	0
W	39038	106667	3
W	37295	1140	0
W	69348	2264	0
W	52406	9487	0
W	46274	3439	0
W	21234	221407	0
W	153234	5473	0
W	45769	7712	3
W	65726	163	0
W	29650	153944	3
W	72639	118524	0
W	31810	8514	0
W	10910	1315	3
W	71376	12870	0
W	42777	1052	0
W	39784	8469	0
W	64375	17768	0
W	144188	78	3
W	65095	115009	0
W	10912	47287	4
W	30911	1256	0
W	42282	7738	0
W	32593	28812	0
W	71005	100001	0
W	10915	1823	0
W	144540	1638	0
W	10916	16814	0
W	10917	490258	0
W	29157	1574	0
W	78404	19611	0
W	162887	2105	4
W	55941	6787	0
W	81726	104365	4
W	67507	113	3
W	10919	1239977	0
W	48618	8311	0
W	108610	12464	0
W	41737	137	0
W	130422	3125	0
W	38209	7418	0
W	39184	14649	0
W	91540	277	0
W	30594	199798	0
W	10923	2737304	0
W	51447	4959	0
W	142834	714	0
W	91096	815	2
W	129250	176	0
W	65950	32053	0
W	62841	384050	0
W	39039	3424	0
W	10925	11263	0
W	67613	315	3
W	20398	4628	0
W	46536	22893	0
W	23336	2579	0
W	42582	18510	0
W	113436	3502	0
W	146278	93	0
W	63011	2294	0
W	24789	2297	0
W	72472	11117	0
W	69043	71587	0
W	155105	6112	0
W	106865	51	0
W	41697	292557	0
W	22471	6196	2
W	70958	238562	0
W	47504	36106	0
W	54210	32275	0
W	42830	106376	0
W	77555	9244	0
W	35347	270430	4
W	23145	357885	0
W	40646	468	0
W	50042	1349	0
W	33936	7286	0
W	46835	86168	0
W	52389	198485	0
W	69215	12470	0
W	69155	3545	0
W	110435	1125	0
W	41971	8527	3
W	81893	2904	3
W	59080	6349	0
W	98888	2958	0
W	36519	198122	1
W	58995	38796	0
W	86650	8607	0
W	10939	3187	0
W	68325	9674	3
W	43720	7049	4
W	70322	9211	2
W	62425	69032	0
W	10941	26947	0
W	21048	135743	0
W	127876	73090	5
W	24886	35733	0
W	81289	121442	0
W	28234	36521	5
W	82923	2615	0
W	57972	40574	0
W	45312	33545	0
W	103307	5718	0
W	55816	52431	0
W	87191	563	0
W	134233	59029	0
W	70230	56726	5
W	53912	11668	3
W	31251	353039	0
W	127787	1893	0
W	28415	29629	0
W	45648	3292	0
W	64239	14952	0
W	68261	24649	0
W	10949	30891	0
W	44499	638	0
W	37470	2142	0
W	55871	18460	0
W	69781	39841	3
W	24830	15317	2
W	33674	47841	0
W	30641	86435	0
W	134918	29910	3
W	22277	9045	0
W	53612	1066	0
W	168248	582	0
W	70196	9507	0
W	91863	3045	0
W	162916	734	3
W	135426	5417	2
W	47784	2137	0
W	108067	923	0
W	74146	2370	0
W	102695	660	0
W	45418	12897	0
W	22715	8299	0
W	46110	8381	4
W	100181	2133	3
W	10964	12711	0
W	51282	16079	0
W	129331	1471	0
W	61432	24484	0
W	105176	9893	0
W	83744	3825	1
W	72719	3808	3
W	10965	17916	0
W	29287	15892	0
W	33010	97144	4
W	129052	917	1
W	60647	37027	0
W	10967	1365	0
W	44614	73042	0
W	52759	455013	4
W	36393	251163	4
W	48455	6061	0
W	44749	4799	0
W	90899	8256	0
W	35266	65853	0
W	67903	30824	4
W	164715	564	4
W	25734	17444	0
W	25816	16336	0
W	133414	4056	0
W	141663	2598	0
W	131880	6361	2
W	62992	6515	2
W	54459	5041	3
W	55554	178265	3
W	20225	46381	0
W	31339	4791	0
W	10972	784353	5
W	33718	8325	3
W	48619	94633	0
W	97042	19701	0
W	65851	3066	0
W	51522	8808	4
W	50894	19920	0
W	10975	181573	5
W	78992	23941	0
W	10977	70199	0
W	137372	233	0
W	20646	1860	0
W	26790	1725	0
W	66114	34437	0
W	55711	15071	0
W	143024	75	2
W	28094	7190	4
W	118031	5582	0
W	77091	46272	0
W	39136	11984	0
W	55853	18905	0
W	10986	684956	4
W	108392	2837	0
W	77866	53291	0
W	55114	11358	0
W	26305	22062	4
W	10987	816633	0
W	75354	791	0
W	10990	4407	0
W	127937	1335	2
W	122252	718	0
W	109765	1596	0
W	20512	59931	0
W	51243	77478	0
W	10994	357285	0
W	49473	15606	3
W	144580	152	3
W	48736	270	0
W	36084	7702	0
W	10999	1388278	7
W	109161	1179	0
W	108776	11681	0
W	11001	22340	2
W	11002	962	0
W	70890	5896	4
W	56683	390311	4
W	39325	326347	4
W	43854	28078	0
W	54923	72884	0
W	22174	1016	0
W	38537	26140	0
W	21523	21535	4
W	61889	22222	0
W	20462	152130	0
W	21109	28774	0
W	49655	415	1
W	62940	1363	1
W	51132	54774	0
W	56455	4161	1
W	53332	6434	0
W	22716	2554	0
W	11004	3517	0
W	112585	8218	0
W	37722	52004	0
W	86103	1600	0
W	70760	75616	0
W	37064	775	2
W	45352	12120	2
W	49215	8318	0
W	41682	661	0
W	26780	57267	3
W	53557	27726	4
W	21377	47243	0
W	68238	46431	0
W	110859	20209	0
W	135621	4497	4
W	11009	7673824	6
W	37060	122220	0
W	67813	6217	0
W	11010	29459	0
W	118165	187	0
W	34750	36901	0
W	45419	36216	0
W	124352	37369	4
W	97699	1940	0
W	32033	110578	0
W	25966	12991	0
W	11013	146281	0
W	159493	98	0
W	34285	6289	0
W	55925	122160	0
W	124927	7907	4
W	58591	17512	0
W	88052	1981	0
W	75519	4996	0
W	75526	10526	0
W	71548	7949	0
W	11019	342970	0
W	20234	36747	0
W	61164	4917	2
W	62083	2963	2
W	35552	16026	0
W	42821	48621	0
W	46421	4812	2
W	85540	13452	0
W	11020	1177	2
W	11021	561739	0
W	157540	162	0
W	100606	9378	0
W	75632	73096	0
W	33675	142100	0
W	123837	721	0
W	34608	107567	0
W	38260	2193	0
W	26677	175553	0
W	90703	260	0
W	64077	32408	0
W	32010	127219	0
W	22175	2630	0
W	133706	49894	0
W	48620	30717	0
W	38470	1732	3
W	35462	16036	0
W	155735	1	0
W	167975	7133	2
W	78038	13122	0
W	11026	19430	0
W	63561	37500	0
W	166191	47	0
W	139670	625	0
W	11027	874	0
W	71830	61727	0
W	69655	4009	0
W	11030	137408	0
W	109162	1804	0
W	33764	67753	0
W	36032	2815	4
W	20647	1814	0
W	43922	1048	0
W	160588	2723	4
W	136994	18263	4
W	11031	49171	0
W	23146	154619	0
W	75140	39250	0
W	166417	1230	0
W	51523	20700	0
W	75412	597	0
W	31061	27902	3
W	38551	61442	0
W	56788	15881	0
W	62273	21814	0
W	35780	125076	0
W	11041	384369	6
W	44493	8161	2
W	54355	7611	0
W	150090	189	0
W	11042	82571	0
W	97284	3476	0
W	22718	18677	4
W	46845	101468	0
W	128066	5570	3
W	58180	1869	0
W	37846	209333	3
W	63776	7590	0
W	41738	14415	0
W	29820	29357	0
W	146273	6625	0
W	11046	94461	4
W	39470	224150	4
W	60088	1755	4
W	11048	1654	0
W	60416	2156	0
W	29308	5225	0
W	35107	689	0
W	42935	12776	0
W	11051	3454	0
W	11052	1371	0
W	11053	2098	0
W	46570	35969	0
W	44636	55299	0
W	64416	26087	3
W	49306	999	0
W	115451	2402	0
W	62196	4807	0
W	57457	2956	0
W	11065	31123	0
W	70710	38990	0
W	83101	3787	0
W	36379	1834	0
W	40565	7842	0
W	11066	674746	7
W	11070	15778	0
W	51570	725	0
W	35175	77624	0
W	74071	1515	0
W	132827	2709	0
W	40714	12395	0
W	42813	9357	0
W	11074	52136	0
W	115248	1777	0
W	72028	769	0
W	37327	7336	0
W	127881	2653	0
W	11075	405672	0
W	11076	1803	0
W	130699	190	0
W	42313	10629	2
W	105815	20256	0
W	72110	13491	0
W	51996	17115	0
W	11083	37110	0
W	11085	204699	0
W	20580	7647	0
W	33011	85105	0
W	74674	6680	0
W	38702	25543	0
W	75540	1065	0
W	67596	36543	0
W	73140	11574	0
W	46302	17884	0
W	11090	45166	4
W	162578	106	0
W	155475	9493	1
W	37978	6083	0
W	38845	47017	3
W	86676	2925	0
W	65055	4297	0
W	115182	53400	0
W	22994	2327	0
W	70806	15145	0
W	134631	18995	3
W	11094	3439039	0
W	157541	835	4
W	11096	3469011	6
W	45710	28039	0
W	63397	6252	0
W	79072	3657	0
W	42789	55468	0
W	22370	167701	0
W	87726	3106	0
W	123068	11238	0
W	120147	91978	0
W	45982	2642	0
W	87282	23292	5
W	62903	2721	3
W	122304	575	0
W	75675	2376	2
W	74336	42341	0
W	11102	1283932	0
W	36600	2784	0
W	50592	20123	0
W	47017	265376	0
W	39076	5312	0
W	55038	4995	0
W	11104	1445550	5
W	142073	1649	0
W	156028	547	0
W	117203	2548	0
W	162675	976	2
W	11107	576450	0
W	11108	1202939	0
W	73189	259	0
W	51985	33669	2
W	132021	72	0
W	48315	224179	0
W	158845	48	0
W	49588	23476	4
W	11111	36884	0
W	42822	2940	0
W	70483	147342	0
W	11113	1778	0
W	43169	21583	0
W	36151	5939	3
W	64982	16572	4
W	40034	59649	0
W	71784	8976	0
W	11116	833717	0
W	21619	22443	0
W	68518	22334	4
W	53983	23127	0
W	37563	153530	0
W	11117	612106	5
W	85431	8570	0
W	21264	189524	0
W	56684	62476	4
W	115276	5875	0
W	61106	10088	0
W	48505	55950	0
W	11121	8500	0
W	46422	19970	0
W	39932	49582	0
W	49846	14851	0
W	40275	104561	5
W	23305	1731	0
W	11124	184	0
W	49709	2307	0
W	137373	1732	0
W	11127	928108	0
W	11128	770	2
W	53964	294496	0
W	25845	5940	0
W	11131	20734	3
W	42583	4560	0
W	83103	1893	0
W	52133	26370	0
W	70798	1032	0
W	71343	22413	0
W	53047	40011	0
W	87389	3777	0
W	47868	59149	0
W	11136	156073	4
W	39001	19621	0
W	75575	5325	3
W	44442	16805	0
W	72051	7533	0
W	11139	60543	0
W	52225	36787	0
W	64207	1582	2
W	67283	44	2
W	31231	214460	0
W	71668	3029	0
W	68706	3220	0
W	77092	111385	0
W	23147	110765	0
W	20823	40524	4
W	42624	64117	0
W	87921	7836	0
W	63594	1493	0
W	39785	12315	2
W	149858	4753	0
W	55326	252479	0
W	151637	3548	3
W	11148	1109028	0
W	152563	9765	0
W	35321	25075	0
W	74643	15109	0
W	50043	3794	4
W	26267	626921	0
W	59644	51350	0
W	11152	884	0
W	72192	54007	0
W	41956	26040	0
W	28269	66877	0
W	79436	19828	1
W	20989	181326	4
W	80511	7114	0
W	34841	4713	3
W	118413	1087	0
W	61798	1268	0
W	41294	119017	0
W	37554	22018	0
W	34617	315618	0
W	128316	7125	2
W	98483	7291	0
W	114246	9430	0
W	43972	99943	0
W	30997	73199	0
W	33072	3383	0
W	29990	45940	4
W	90638	4834	0
W	43495	25959	0
W	65785	42876	0
W	33083	52094	0
W	21719	115618	0
W	72892	1462	0
W	34631	83840	0
W	11158	79181	0
W	11159	62112	3
W	58445	126	0
W	11160	5124	0
W	50916	11649	3
W	65702	14505	0
W	108963	55631	0
W	28166	27828	0
W	70180	376	0
W	11162	535	3
W	21050	5659	0
W	49461	43890	3
W	132864	1077	0
W	22995	5397	0
W	73722	22140	0
W	63039	11501	0
W	65439	10572	0
W	36701	39335	0
W	57604	29598	0
W	57714	1005	0
W	28416	53105	4
W	25767	230930	5
W	33976	208958	0
W	137821	18869	0
W	52163	2033	0
W	106867	69	0
W	62051	1819	0
W	11165	633483	0
W	60386	4112	0
W	149081	5257	2
W	57012	14990	0
W	34751	121045	5
W	64170	79118	0
W	11169	4928	0
W	35781	51157	0
W	136624	13226	2
W	62512	22384	0
W	156777	362	0
W	43148	74156	0
W	103957	5291	0
W	70441	526	0
W	59269	7075	2
W	21747	122105	0
W	20648	42566	0
W	91923	784	0
W	58091	12704	0
W	28469	23126	0
W	42849	243542	0
W	11177	6298389	0
W	39740	35987	0
W	162422	8315	0
W	11178	357	0
W	165082	166	0
W	11179	317164	0
W	20399	97235	0
W	37427	24894	0
W	44207	13599	3
W	73000	10824	0
W	31252	33065	0
W	11182	4153212	6
W	22472	83299	0
W	37395	38546	5
W	67796	177310	0
W	11185	28393	3
W	11186	208075	0
W	21265	67360	0
W	104381	410	0
W	11187	43104	0
W	134001	680	0
W	75517	1925	0
W	65124	43880	0
W	43176	61730	0
W	44208	8473	0
W	51642	9144	0
W	63567	1283	0
W	25735	68323	0
W	41372	3846	0
W	80649	18619	0
W	131207	1730	1
W	30690	92427	0
W	11191	21901	0
W	108896	22243	0
W	62095	117687	0
W	63172	114043	0
W	11192	5360	0
W	49168	72329	0
W	51047	45726	0
W	116462	4165	0
W	57814	57190	1
W	36482	6297	0
W	92582	1863	0
W	82764	17646	0
W	47617	4307	0
W	29273	190610	5
W	70183	90138	0
W	62613	267	0
W	57575	154975	0
W	48306	104919	5
W	64006	112060	0
W	29110	18964	0
W	28270	5216	0
W	52920	91670	0
W	21110	369151	0
W	22251	27841	0
W	65938	7521	0
W	66841	20144	0
W	46782	47386	0
W	53559	126	0
W	11199	147442	0
W	11201	16140	0
W	21051	289749	0
W	145497	52	0
W	77809	115105	0
W	29784	74502	0
W	43153	158086	0
W	11205	517	0
W	38674	44246	3
W	46312	19224	0
W	23226	20888	0
W	59187	46810	0
W	35573	10989	0
W	159503	2178	2
W	40571	28111	3
W	106868	135	0
W	115518	11668	0
W	49822	274989	0
W	11206	2506806	0
W	66519	5356	0
W	77783	49046	0
W	44538	5702	0
W	71609	89359	0
W	35605	1547	0
W	54443	120338	3
W	75337	1271	0
W	88255	24739	0
W	45546	27171	0
W	93757	2328	0
W	132410	987	0
W	141068	604	4
W	38373	4761	0
W	49751	17519	0
W	39980	9402	0
W	20513	110615	4
W	33481	33928	0
W	83715	2084	0
W	11212	7154	0
W	94754	26527	0
W	11216	1587	0
W	81894	2628	0
W	82804	9331	0
W	37315	30332	0
W	52921	3990	2
W	42375	137613	3
W	65994	1181	0
W	73766	16745	4
W	11218	236	0
W	31276	12780	2
W	26603	40084	0
W	69200	26748	2
W	29991	22289	0
W	39945	279256	0
W	136403	611	0
W	75314	814	0
W	11222	25632	0
W	21472	209812	5
W	68047	25948	0
W	119764	47855	0
W	53674	2199	0
W	90955	4867	0
W	144390	10418	0
W	68907	8628	0
W	57099	92128	0
W	11223	554	0
W	132675	12556	4
W	36744	69970	0
W	72379	82650	0
W	76437	3938	0
W	37987	508790	0
W	62513	33013	3
W	64334	12783	0
W	63202	17977	0
W	70891	3469	0
W	54444	29119	0
W	68599	280308	0
W	75936	5556	0
W	66595	36318	0
W	39721	4945	0
W	11228	7428	0
W	82058	7768	0
W	39185	18001	0
W	11231	93513	5
W	64767	6370	0
W	59760	6358	3
W	11232	68620	4
W	33836	75942	4
W	54401	14775	0
W	72370	1442	2
W	20695	199316	5
W	69069	47029	0
W	32076	316881	4
W	20825	68176	4
W	32077	84071	0
W	120048	4473	1
W	82765	11993	0
W	123664	44759	3
W	70381	10338	2
W	11236	2145485	0
W	40161	104196	2
W	151530	113	0
W	62689	50461	0
W	30516	294980	4
W	59422	1228	0
W	114690	19771	0
W	31277	205692	0
W	31015	127682	0
W	160589	1766	0
W	55556	26520	0
W	114522	3062	0
W	33227	117846	0
W	74713	26121	0
W	65283	2943	0
W	64446	5045	0
W	58472	826	0
W	49253	627	0
W	21216	7499	0
W	22720	82446	4
W	155230	7496	3
W	81895	1504	0
W	50343	878	0
W	62269	491	0
W	144882	145	0
W	40718	2505	3
W	66421	4215	0
W	20696	6385	0
W	11244	47385	0
W	44672	5254	0
W	25736	7716	3
W	39881	294337	0
W	46115	3269	3
W	54152	23197	0
W	61806	4284	5
W	55179	147148	0
W	48300	58785	0
W	40132	449	0
W	46877	2967	0
W	156803	459	0
W	11247	65038	0
W	29111	23910	0
W	100184	1996	0
W	69925	1622	0
W	41568	62346	3
W	32078	51247	0
W	21720	164083	0
W	11249	530282	0
W	135618	17647	3
W	11251	34413	0
W	65939	15933	5
W	35800	16196	0
W	11252	3731	0
W	31385	6965	3
W	37445	1302	0
W	29821	213305	0
W	63704	196	2
W	34632	18910	0
W	155613	619	0
W	40719	9168	0
W	11254	15	0
W	68082	16780	0
W	107115	2051	0
W	43393	1674	1
W	31024	1197	0
W	22996	109023	0
W	28417	13716	0
W	11261	17042	0
W	11262	2937	0
W	35735	20729	2
W	11264	3279632	6
W	159540	293	1
W	11266	22169	0
W	11267	894637	0
W	53472	93346	0
W	78773	88188	0
W	37355	8399	0
W	58719	7414	0
W	43423	36141	0
W	62201	17247	0
W	121474	1789	0
W	124790	3126	0
W	11270	4024	2
W	123911	43872	0
W	163257	187	0
W	11271	21181	0
W	102383	2076	0
W	46079	118199	0
W	61739	28996	0
W	162442	2567	0
W	11272	57050	0
W	142947	309	0
W	21805	82803	4
W	131103	4908	0
W	36844	4959	0
W	21620	96250	5
W	40420	94782	3
W	67738	42990	0
W	70388	14939	0
W	37298	27	0
W	58530	49264	0
W	63190	55303	0
W	154070	541	0
W	40016	33825	0
W	115159	1872	0
W	40162	109701	0
W	11282	630047	0
W	11283	798	0
W	21052	73901	0
W	31308	91605	0
W	74714	43444	0
W	96235	589	0
W	69231	2778	0
W	41662	7484	0
W	77093	26768	0
W	50044	49138	0
W	34799	117910	0
W	133803	9102	0
W	21621	5167	4
W	28216	325310	0
W	30998	202712	4
W	40594	100894	0
W	42790	21272	3
W	73717	7670	0
W	11293	306265	0
W	52183	15965	0
W	127808	1331	0
W	32112	78082	0
W	63941	166831	0
W	109114	7897	0
W	51775	147473	0
W	11295	998793	6
W	47964	14076	3
W	38439	28050	0
W	30595	7391	0
W	116760	8955	0
W	50621	38548	0
W	67185	5727	0
W	77513	16124	0
W	11297	12400	0
W	67943	402	0
W	40950	144827	4
W	128054	11587	0
W	85484	5617	0
W	68006	4535	0
W	35353	2250	0
W	74925	11747	0
W	54211	8090	3
W	57703	41153	0
W	138196	8636	3
W	24988	107938	3
W	60171	6629	0
W	20260	44447	0
W	48671	4722	0
W	36769	65581	0
W	31722	84160	0
W	133964	684	0
W	11304	27844	0
W	73909	1764	0
W	97702	1324	0
W	134853	2098	1
W	38934	14884	2
W	11307	1752125	0
W	136658	1682	0
W	149956	10419	0
W	159982	14473	3
W	83647	2584	0
W	11312	36851	4
W	57316	31855	0
W	77502	34105	0
W	70353	54929	0
W	32570	8959	0
W	31723	21251	0
W	49308	1594	4
W	43711	15075	0
W	39818	41288	4
W	33823	3528	3
W	44980	23150	0
W	48907	974	2
W	54489	35595	0
W	33384	18157	0
W	76527	45608	0
W	57458	31714	0
W	54119	9432	0
W	11315	4328	0
W	54731	39425	0
W	103449	1657	0
W	11316	634242	0
W	38830	37126	0
W	46987	4444	0
W	41793	20635	2
W	53965	35019	0
W	42726	2610	0
W	11317	206625	0
W	67415	173	0
W	37177	17277	3
W	94632	461	0
W	11321	1271	0
W	11322	312	2
W	11323	298	0
W	23306	61670	0
W	127961	945	2
W	108266	13741	0
W	11325	306781	0
W	128963	20430	3
W	142984	5688	0
W	77503	29314	0
W	40099	2354	1
W	108694	12992	0
W	98207	3421	0
W	62441	1237	0
W	82254	2580	0
W	154280	237	0
W	26631	448664	0
W	54090	109873	0
W	35685	26720	0
W	39252	21944	0
W	53931	6689	0
W	49408	32294	3
W	162339	777	0
W	65962	5072	3
W	22997	24399	3
W	11337	535	0
W	42095	7683	0
W	42920	485578	0
W	96000	12214	0
W	39441	7855	0
W	76999	19447	0
W	11342	319	0
W	78962	9416	0
W	72123	1784	0
W	11343	56	0
W	23454	97	1
W	153958	50	0
W	42472	1223	0
W	54882	14996	0
W	73997	22671	0
W	36010	12566	0
W	11346	508	0
W	11348	94476	0
W	24799	48267	0
W	11351	1746	0
W	32034	16940	0
W	45320	42585	0
W	39898	798	0
W	11352	1550620	5
W	33837	23311	0
W	62500	2950	0
W	64901	1184	2
W	26641	43859	0
W	36120	7322	0
W	38436	10376	3
W	48739	647	0
W	76744	436692	0
W	74608	2873	0
W	34752	4051	0
W	61501	2630	0
W	36353	16713	0
W	51524	54238	0
W	157543	809	0
W	166488	7360	0
W	120541	12517	0
W	52327	560	0
W	64068	3505	0
W	87727	1418	0
W	50713	27202	0
W	62633	378	0
W	11355	15749	0
W	22998	594	2
W	49184	2226	0
W	11356	20785	0
W	11359	769365	0
W	53455	17503	0
W	11360	163914	4
W	22225	14862	0
W	42596	2101	0
W	11362	10957398	7
W	30464	8368	2
W	46754	662140	0
W	32215	74381	0
W	115658	3884	3
W	45040	105172	0
W	131780	2355	0
W	11367	216560	0
W	167579	28994	4
W	57271	74735	0
W	68582	10913	0
W	58794	1844	0
W	39186	513707	0
W	11369	48797	0
W	71530	61758	0
W	55153	5113	4
W	35476	54073	0
W	80512	4257	0
W	59786	6676	1
W	11373	27	0
W	35782	271088	0
W	11374	1586364	5
W	11375	4247	0
W	163003	4788	5
W	21567	13800	0
W	33248	3057	0
W	39474	72867	3
W	56950	8337	3
W	11382	387289	5
W	74201	463	0
W	80826	13689	0
W	11384	12936	0
W	100148	5931	0
W	53153	52791	0
W	26385	28263	0
W	61477	16819	0
W	66667	41228	0
W	47162	25151	0
W	63510	85860	0
W	29218	10953	2
W	52408	5769	0
W	71290	4359	0
W	56045	5573	0
W	11387	24811	0
W	42705	35029	0
W	74276	13673	0
W	36566	9619	0
W	45097	5593	0
W	11388	5216	0
W	49933	70220	0
W	46878	4380	2
W	65875	8935	1
W	161604	25	0
W	98275	313	0
W	11389	859	4
W	60781	17943	3
W	67018	23507	0
W	33413	4913	4
W	35588	30175	0
W	37153	102641	2
W	11391	13816	0
W	20261	148315	5
W	33937	57533	5
W	47531	5452	0
W	108182	571	0
W	11395	764146	0
W	11396	72243	0
W	48740	3217	0
W	11398	6233	0
W	31386	24318	0
W	74609	7020	0
W	44324	11568	0
W	11400	12740	0
W	40494	135870	0
W	84073	18286	0
W	42966	9412	0
W	89204	3697	0
W	11402	18749	0
W	70989	7579	2
W	119297	2316	0
W	69396	24119	2
W	50507	29456	0
W	40144	2651	0
W	46251	2518	2
W	60452	41714	0
W	99950	5995	0
W	41301	113	0
W	73162	402	0
W	65641	10129	0
W	37332	213996	4
W	11406	2557	0
W	31139	2596	0
W	25911	113186	0
W	55817	37949	0
W	61652	18490	0
W	103922	16118	0
W	11408	4457	0
W	55557	98133	0
W	46041	7652	0
W	115642	3433	0
W	26811	30481	0
W	11411	24287	0
W	11412	12082	0
W	11413	25817	0
W	11414	1217330	0
W	152987	112	1
W	29084	9141	0
W	66004	82957	0
W	11417	193211	0
W	46551	41867	0
W	125148	4262	0
W	47618	7394	0
W	78963	4506	0
W	58708	4585	0
W	40720	1408	0
W	72679	45466	0
W	11419	489347	5
W	135341	847	0
W	126055	2483	0
W	11421	7422	1
W	124036	6274	0
W	11424	584421	0
W	35195	5072	3
W	63884	92304	0
W	127927	3738	3
W	20203	192857	3
W	11428	7063	2
W	108445	1100	0
W	20226	196477	0
W	11429	554382	0
W	43039	4019	4
W	21330	191162	3
W	11430	13207	3
W	79583	1258	0
W	53356	1973	0
W	124513	29971	0
W	140431	3377	1
W	11431	1317722	5
W	21203	260109	4
W	39077	36386	0
W	102972	517	0
W	98350	24522	0
W	33193	130003	4
W	11433	9196570	6
W	64597	5883	0
W	55455	1538	0
W	77393	41777	0
W	34646	177032	0
W	11434	2732103	0
W	75491	1173	0
W	33977	117903	0
W	37555	66096	0
W	59761	36001	0
W	150665	521	2
W	54415	70884	0
W	21687	81325	4
W	20581	1223	0
W	125316	4973	0
W	47855	8974	2
W	34753	63944	4
W	87646	1892	0
W	28271	106073	0
W	43427	247619	0
W	39049	12979	0
W	125683	2562	0
W	100518	51353	0
W	46275	11756	0
W	11442	1352	0
W	65284	453474	0
W	89795	8406	0
W	72061	4712	0
W	88388	3372	0
W	22999	272669	0
W	40810	10948	0
W	41329	760	0
W	57333	16519	0
W	43488	67813	0
W	61289	3370	0
W	11451	25714	0
W	11454	288806	0
W	29085	357206	0
W	127729	24156	0
W	11457	1883	3
W	116176	16578	1
W	28272	121442	0
W	11461	572790	0
W	136925	712	1
W	117227	7306	0
W	43712	20388	4
W	69850	20276	0
W	75597	4106	0
W	69523	35535	0
W	50518	46639	0
W	11463	5527	0
W	26324	240830	3
W	87356	7835	0
W	112371	4436	0
W	33465	127443	0
W	114915	22812	0
W	85727	23930	0
W	53217	65498	0
W	112964	90932	0
W	93217	12293	0
W	74414	244	0
W	81774	22750	0
W	11466	6020	0
W	64522	142287	2
W	52968	75126	0
W	114708	1714	0
W	161162	13455	0
W	60977	75956	0
W	11468	1702	1
W	35763	822	0
W	69995	23104	0
W	164616	112	0
W	46153	20224	0
W	44028	255844	0
W	46326	49058	0
W	151937	482	3
W	75231	11517	0
W	50475	59156	0
W	26812	21690	0
W	136296	1648	0
W	139665	8421	0
W	74251	44276	0
W	53953	31455	0
W	98429	2602	0
W	46101	52726	0
W	66064	499	0
W	44019	53946	1
W	35589	2180	2
W	143674	102	0
W	37356	36095	0
W	20401	30008	0
W	56701	1798	0
W	11475	4611194	7
W	63862	32513	3
W	39570	73898	2
W	100187	2598	0
W	33472	35650	0
W	89851	13332	0
W	11478	2523891	6
W	41140	668	0
W	123113	7256	0
W	31182	103539	0
W	11480	1814519	5
W	53966	1636	0
W	43734	25913	3
W	72771	716	0
W	61748	6195	1
W	39528	3845	0
W	113346	30012	0
W	87066	10407	0
W	37230	5583	3
W	39922	87642	0
W	29833	1461	0
W	82255	3046	0
W	35231	14081	0
W	37316	16414	0
W	39599	193415	0
W	23001	3035	0
W	135971	3142	0
W	49916	5666	0
W	38889	3974	0
W	11489	507988	0
W	52905	147053	5
W	115664	16	0
W	135115	499	0
W	54190	256836	0
W	33175	97309	0
W	54803	32031	0
W	50958	1946	4
W	11493	60204	0
W	51862	12506	0
W	11494	99317	0
W	107732	1329	0
W	71774	3890	0
W	11495	8976	0
W	117421	5080	0
W	31107	8249	3
W	66213	37598	0
W	109457	1572	0
W	77848	82862	0
W	11496	132284	4
W	80828	1990	0
W	48825	373	0
W	127940	942	2
W	48226	285	0
W	34701	194075	0
W	26574	295081	0
W	77094	69310	0
W	104640	1120	0
W	56862	7508	0
W	67682	102089	0
W	11499	1695977	0
W	11500	219567	0
W	20826	105390	5
W	72185	641986	0
W	42572	1765	3
W	70174	21987	3
W	48599	185705	0
W	135110	0	0
W	33073	2098	3
W	47738	37663	4
W	108917	3862	0
W	162727	43	0
W	11503	4910	2
W	49086	13577	2
W	31998	15912	0
W	60772	31142	0
W	11505	20617	0
W	11506	73058	0
W	67575	427	4
W	97463	1488	0
W	54416	6646	0
W	143883	14113	0
W	128195	3527	2
W	11508	42	0
W	23148	178215	0
W	125135	1585	0
W	30732	2540	0
W	129930	731	0
W	60485	33186	0
W	62354	13035	0
W	62713	41719	0
W	110545	613	0
W	125124	11935	0
W	45849	1742	0
W	35365	255524	0
W	11516	2035	0
W	11517	5707	0
W	11518	130554	4
W	150900	105	0
W	11520	42656	4
W	67499	6854	0
W	38284	36083	3
W	11521	7282	3
W	129440	1897	0
W	128458	159	0
W	11525	9001	1
W	20902	30212	4
W	11527	11602	4
W	11529	1391208	0
W	70039	2221	0
W	61454	21458	0
W	53913	9733	0
W	11531	9379	0
W	145011	362	0
W	167312	8296	3
W	33660	247099	0
W	21622	17182	0
W	50345	35750	5
W	66367	5255	0
W	106223	3333	0
W	56639	43910	0
W	33785	166307	0
W	21473	5805	5
W	11536	4746755	7
W	37416	9965	0
W	47269	2684	0
W	11537	262912	0
W	96574	8627	0
W	11538	581	3
W	22325	13811	0
W	84923	29688	0
W	86021	28245	3
W	117098	11821	0
W	33385	193775	0
W	61774	2132	3
W	70524	178	2
W	157579	78	0
W	56173	6521	0
W	21775	4166	2
W	11550	701193	0
W	56379	95831	3
W	11551	60202	0
W	74297	27651	0
W	87601	3344	0
W	67999	1369	0
W	45832	19919	0
W	43607	6076	3
W	37787	8403	0
W	40102	3755	0
W	26730	12409	3
W	40918	2885	0
W	81293	63385	0
W	133245	1291	0
W	84257	494	0
W	28076	76618	5
W	37188	247387	0
W	85433	10650	0
W	11564	4270	0
W	79119	5119	0
W	32199	55746	0
W	39697	16188	3
W	20868	125	0
W	45833	20851	0
W	43856	57605	0
W	20349	56014	0
W	66894	9648	0
W	89004	13284	0
W	57163	5662	4
W	72602	2012	0
W	21266	18366	0
W	41621	49647	0
W	79315	15395	0
W	59470	8975	0
W	11569	47126	3
W	69851	2257	0
W	11570	25306	0
W	38524	82359	4
W	20262	91037	4
W	112112	1339	0
W	11572	60952	4
W	35196	538	0
W	11573	21457	0
W	73747	817	0
W	50552	92917	0
W	87440	2784	0
W	55402	34995	0
W	39787	10113	0
W	11576	62952	0
W	61425	32701	0
W	46194	73189	0
W	36921	34442	0
W	50476	13854	0
W	53944	1854	0
W	42376	11549	0
W	11578	6312	0
W	26832	876	0
W	11579	2977	0
W	98850	14072	0
W	11581	508817	0
W	48826	1515	2
W	80563	3528	0
W	29335	869	0
W	61369	7177	0
W	11583	3675899	6
W	35147	79085	4
W	11585	1815838	0
W	103155	892	0
W	126391	1852	3
W	11587	6486	0
W	74884	40319	0
W	126501	6938	0
W	71206	2683	0
W	32669	4256	0
W	97262	3962	0
W	47490	8239	0
W	31756	363012	3
W	50941	20349	0
W	84469	2214	0
W	35700	3939	0
W	53493	377678	0
W	69759	31752	0
W	62239	56517	0
W	45292	39262	0
W	35701	14485	0
W	55691	223094	4
W	120351	2396	0
W	106538	14098	0
W	53433	321	0
W	109115	11166	0
W	73022	11635	4
W	83990	27363	0
W	11597	250173	6
W	20463	67492	0
W	123104	44233	0
W	38539	1402	0
W	123839	12530	0
W	37317	2603	0
W	36874	202449	0
W	22422	87163	4
W	101046	6373	0
W	11599	7950	0
W	54948	93	0
W	20649	46308	0
W	62493	41432	0
W	41310	30692	0
W	44149	84667	2
W	51244	32008	0
W	48293	44070	0
W	146392	2980	3
W	60333	16131	0
W	66562	3530	0
W	32035	32604	0
W	11604	9138	0
W	86338	8636	0
W	33509	3976	0
W	36585	189054	4
W	116514	1391	0
W	21331	66670	0
W	35253	147424	0
W	68534	1489	0
W	59906	15082	2
W	33124	31694	0
W	73334	9729	0
W	51525	4418	0
W	65605	1489	2
W	21830	3707	0
W	48521	56015	0
W	33012	50523	4
W	34286	12321	0
W	32407	24007	0
W	39788	5753	0
W	11613	2033	0
W	126223	386	0
W	33586	11647	0
W	52821	308600	0
W	31278	51258	0
W	32177	18891	4
W	110036	168	0
W	11616	124150	0
W	115970	6903	0
W	96594	12744	0
W	32953	60447	0
W	22724	8655	0
W	31811	111222	0
W	33062	80029	2
W	97156	1027	0
W	108069	1151	0
W	70944	20150	3
W	31988	3165	0
W	29199	184432	0
W	30677	2842	0
W	31989	156599	0
W	31933	8257	0
W	26575	17988	0
W	99896	9564	0
W	39902	52310	5
W	11629	2853	4
W	116802	25960	0
W	24974	76874	0
W	141442	7525	4
W	48003	10972	0
W	33052	321371	2
W	36273	330950	0
W	80904	63624	0
W	58473	23425	0
W	26813	214058	0
W	104915	3587	0
W	72269	29954	0
W	71558	18170	0
W	50258	1012	0
W	36162	83039	0
W	37471	53252	0
W	11637	4010	3
W	11639	40	0
W	11641	479677	6
W	41107	4133	4
W	38738	56234	2
W	115681	34977	2
W	65310	38961	0
W	36033	80420	0
W	79356	26823	0
W	88447	6787	0
W	38262	105296	0
W	49934	76101	0
W	45682	11669	4
W	44096	4596	0
W	44877	76131	0
W	83789	3844	0
W	11653	2227	0
W	55305	37984	2
W	79357	4021	0
W	20744	13004	0
W	111629	2326	0
W	59503	3987	3
W	11655	1182169	0
W	11658	8035	3
W	57823	9176	0
W	65489	6045	0
W	71280	43236	3
W	126064	17286	0
W	48827	2232	4
W	126380	133	2
W	98515	4766	2
W	11660	176	0
W	67896	18977	0
W	65237	6003	0
W	36424	18774	4
W	11662	199710	2
W	33743	60900	0
W	25817	77085	0
W	49677	69680	0
W	11666	92	0
W	11668	234552	4
W	53762	34457	0
W	48180	33444	0
W	89733	18860	0
W	86047	6119	0
W	11670	147788	0
W	111222	8676	0
W	117473	1010	0
W	44150	32883	0
W	67948	53830	0
W	57989	74411	0
W	21053	113918	0
W	65988	88335	5
W	51863	5447	0
W	11673	44916	0
W	39189	8319	0
W	57576	35320	0
W	156834	117	0
W	39123	14423	0
W	11678	448	0
W	36863	25096	0
W	41672	9186	0
W	11682	11641	0
W	64998	39816	0
W	52822	7581	0
W	22017	1606	0
W	84971	21316	0
W	138670	1339	0
W	62857	4559	4
W	135371	20712	0
W	63269	45333	3
W	141155	1882	0
W	29219	523635	4
W	44058	38306	0
W	28235	44701	0
W	59942	46075	0
W	33468	143547	0
W	69003	69195	0
W	106992	6723	0
W	75533	441	0
W	128825	52	0
W	11690	73399	0
W	11691	245369	0
W	49427	1015	2
W	42851	73319	4
W	54153	99636	2
W	49646	11200	0
W	35647	4096	0
W	71019	4323	0
W	11697	165	0
W	67753	77799	0
W	32440	309339	0
W	87647	3143	0
W	32414	124832	0
W	21204	210198	0
W	42456	12415	0
W	157081	133	0
W	66105	5859	0
W	97511	836	0
W	11704	55397	0
W	54460	593	0
W	155880	564	0
W	67627	722	0
W	11707	127610	0
W	52298	27216	0
W	146726	1979	0
W	54624	29903	0
W	40446	2352	0
W	54370	11199	2
W	74286	4443	0
W	90490	5908	0
W	32143	197289	3
W	147983	1885	2
W	136526	36	0
W	28236	4885	4
W	40227	8935	1
W	138361	1950	3
W	58661	4081	0
W	75701	7592	0
W	66674	869	3
W	50532	11520	0
W	97090	4695	3
W	72455	2582	0
W	20698	38530	0
W	44592	34870	0
W	128248	3234	0
W	56221	9558	3
W	29263	128287	3
W	79613	90284	0
W	151559	2135	3
W	30642	15923	0
W	36464	6124	0
W	68583	3318	2
W	21623	79923	0
W	61929	7479	0
W	103923	18411	0
W	30584	71117	4
W	11719	502439	0
W	11720	612693	6
W	72524	878	2
W	155552	708	2
W	55703	15593	4
W	108760	2804	0
W	33720	56025	0
W	34618	20357	0
W	63539	5162	0
W	42562	12492	0
W	44750	7858	0
W	11728	433070	5
W	66115	242196	0
W	82565	3525	0
W	44931	1487	0
W	48909	4651	0
W	73184	3890	0
W	106870	84	3
W	102174	2219	0
W	29612	42519	0
W	81801	19703	0
W	11733	752530	0
W	62673	1978	0
W	45260	5509	0
W	42025	20678	0
W	11737	74389	4
W	48674	684	4
W	36456	23344	0
W	21721	169799	0
W	11740	6637	0
W	79437	16677	0
W	101361	5625	0
W	72729	29631	0
W	29133	3941	0
W	71545	5876	1
W	11743	385675	3
W	11744	159333	0
W	38846	72978	4
W	54595	51869	5
W	31716	8130	0
W	71032	3499	0
W	69008	14524	0
W	39226	3701	0
W	59914	2122	0
W	79032	10264	0
W	93179	6277	2
W	21111	54253	4
W	43026	3530	0
W	36777	273277	0
W	30991	186080	4
W	61971	52725	0
W	133804	11378	3
W	11750	15286	0
W	40035	29081	0
W	57716	913872	0
W	66975	14563	6
W	11752	112943	0
W	39003	32812	0
W	42016	42128	0
W	104263	12066	0
W	26663	12288	0
W	11756	193466	0
W	11757	711854	0
W	68060	44853	0
W	36255	17025	0
W	115787	918	0
W	58722	355	0
W	41590	26186	0
W	51786	16754	0
W	11762	1092	0
W	166091	21	0
W	135801	904	0
W	78039	25775	2
W	28167	68145	0
W	86924	1834	0
W	69869	7251	0
W	36996	15937	0
W	21475	42055	4
W	134258	280	1
W	32618	52808	0
W	85332	21234	0
W	127543	10461	0
W	134777	1925	0
W	145145	10112	1
W	78749	16246	4
W	11771	4017644	6
W	31310	17601	0
W	50918	36325	0
W	40228	17517	0
W	41241	70171	0
W	11773	14062	0
W	11774	56659	4
W	38608	105674	3
W	20667	563	0
W	47840	11011	0
W	122330	5605	0
W	69765	68045	0
W	11779	18628	3
W	20402	6300	4
W	51169	1632	0
W	11780	143885	0
W	37164	867	2
W	25768	23285	4
W	11781	2176	0
W	11782	99967	0
W	75453	31559	4
W	45786	3888	0
W	71502	485	3
W	37827	34320	0
W	41311	7983	0
W	80208	7890	0
W	127792	2494	0
W	79135	47119	0
W	64661	2802	5
W	28470	1771	0
W	11788	158497	6
W	69831	20242	0
W	29068	175438	0
W	11791	7231	0
W	167546	1404	2
W	95467	10223	2
W	145178	40806	4
W	115474	313	0
W	43202	90840	0
W	69160	207890	4
W	51526	41381	0
W	11795	798003	4
W	120294	483	0
W	11796	5943480	6
W	11797	56681	0
W	76797	60580	0
W	33250	941	3
W	145981	22352	0
W	55994	32769	0
W	142077	5414	0
W	22019	2226	0
W	25709	86279	0
W	75579	3540	0
W	125096	22584	0
W	11803	440621	0
W	21806	35762	3
W	52923	4031	0
W	75117	104	0
W	66865	7963	0
W	11809	309074	0
W	80625	12302	0
W	52489	27398	3
W	77514	18200	0
W	47506	4162	0
W	37287	7285	0
W	111812	4435	0
W	54177	1651	0
W	11813	2272	0
W	11814	776	1
W	11816	13013	4
W	40229	18644	0
W	42354	19430	0
W	11818	217	0
W	69237	908	2
W	47483	10953	3
W	61386	5461	0
W	47424	12457	4
W	165417	1330	3
W	64388	25405	0
W	56027	2382	0
W	11820	72077	0
W	135524	62	0
W	54201	13319	0
W	132561	1188	4
W	75423	42663	0
W	74101	38996	0
W	20403	206443	5
W	20699	4824	0
W	69009	3366	0
W	69614	25409	0
W	37428	42134	0
W	113008	3888	0
W	149009	1862	3
W	54607	12957	0
W	33166	33172	0
W	32337	27775	0
W	47018	1614	2
W	84251	3398	0
W	135622	821	0
W	129370	2002	0
W	20464	60685	4
W	44798	25526	0
W	57518	11824	0
W	49493	6679	0
W	55227	53380	0
W	60070	18124	0
W	61051	3329	0
W	146792	5232	0
W	21568	1263	0
W	60115	164	0
W	11842	482121	3
W	11843	136341	0
W	118808	2941	0
W	23314	175	0
W	26664	266821	0
W	52949	21886	0
W	11846	1848	0
W	84040	4095	0
W	11847	3353	0
W	120473	14879	0
W	32200	83577	0
W	11848	849	2
W	67423	4353	0
W	44823	61754	3
W	58346	30026	0
W	53434	492	0
W	30553	75193	0
W	75129	20538	0
W	161090	7006	2
W	74765	91247	0
W	25818	72116	0
W	105346	2936	0
W	65363	1023	0
W	32069	120817	0
W	32670	9015	0
W	11857	2277	0
W	20869	87814	0
W	52950	29236	0
W	47499	36763	0
W	11859	45047	0
W	11860	824928	6
W	57519	17453	0
W	33884	227480	0
W	89452	4843	0
W	46169	2834	3
W	151027	952	0
W	11864	16756	0
W	111302	10647	0
W	30733	23850	3
W	109458	26892	0
W	25865	9716	0
W	163845	12491	1
W	64719	3224	0
W	62524	214785	0
W	25912	21293	0
W	152028	49	0
W	84887	13475	0
W	26576	26200	0
W	35291	62332	4
W	68141	7861	0
W	36717	87442	0
W	123665	4976	0
W	11874	395819	0
W	11875	15033	0
W	11876	105380	0
W	108919	6580	0
W	54142	25384	0
W	49216	2331	0
W	11878	1972	2
W	11879	224394	0
W	58256	8894	0
W	44773	10321	0
W	139273	673	0
W	138108	6283	0
W	11881	4427	0
W	11883	68630	0
W	111813	19050	0
W	11886	8662	2
W	66214	7250	0
W	11887	3379	0
W	71479	150	0
W	85706	8960	0
W	22278	77369	5
W	42874	19594	0
W	69403	3572	0
W	127447	114	0
W	11890	1267	0
W	29871	31492	0
W	42283	127423	0
W	34755	28931	3
W	42056	20047	3
W	11892	14504466	6
W	68603	27305	0
W	124287	2531	0
W	162721	314	0
W	47002	6206	0
W	59826	18865	0
W	36355	1902	0
W	77868	22267	0
W	11893	363	0
W	53945	114306	0
W	118087	13127	0
W	77218	16016	0
W	38552	73247	2
W	11898	1368952	0
W	22729	7384	0
W	80792	8621	0
W	71211	2211	0
W	32671	468553	0
W	63650	18105	0
W	46170	25652	0
W	69053	13673	0
W	41756	5976	0
W	31062	263255	0
W	72559	15827	0
W	66997	218306	0
W	83901	1352	0
W	84246	64320	6
W	11909	320	0
W	50084	15525	3
W	11911	1080	1
W	57696	13560	0
W	76813	42955	0
W	77181	37837	0
W	11912	14671	0
W	61472	20057	4
W	34756	454660	4
W	128445	2506	0
W	40495	40368	1
W	98556	3625	3
W	89402	2951	0
W	43163	41824	0
W	56204	3727	0
W	152658	197	0
W	45747	65338	5
W	119811	53	0
W	71572	1356	0
W	31387	30223	0
W	69410	8169	1
W	28273	62120	0
W	80089	13435	0
W	62977	72720	0
W	28211	38709	3
W	22423	62529	5
W	72449	16525	3
W	63758	19200	0
W	11915	1285	0
W	36930	59709	0
W	29220	47348	0
W	33013	10393	3
W	34619	49717	4
W	39789	2806	0
W	22730	8312	0
W	75602	325	0
W	11918	104957	0
W	148469	4721	0
W	98158	6167	0
W	162156	2874	1
W	42238	2521	0
W	11919	1122456	5
W	136926	3003	0
W	55735	3409	0
W	98120	23499	0
W	83223	1681	0
W	23006	1306	0
W	124622	1188	0
W	28225	38427	0
W	11923	9286	0
W	11924	298332	0
W	52687	24538	0
W	123938	1165	0
W	131848	25259	0
W	81975	1866	0
W	26325	20904	0
W	86185	817	0
W	36327	11631	0
W	116965	5459	0
W	72790	12140	0
W	29881	122925	5
W	69721	29552	0
W	37357	230916	0
W	40182	22996	0
W	38540	25838	0
W	128055	9649	0
W	149033	3387	0
W	64454	116549	0
W	11936	161926	0
W	111923	733	0
W	47739	30444	0
W	53710	1616	0
W	39790	7509	0
W	50484	130042	0
W	60782	51093	0
W	11943	487872	5
W	95438	6215	0
W	11946	174616	5
W	156848	232	0
W	11947	802790	6
W	48419	336	0
W	75659	3730	0
W	11949	828681	0
W	61123	30713	3
W	43223	20025	3
W	57317	1026	0
W	50960	33076	3
W	78832	33239	0
W	84567	2411	0
W	20304	82685	0
W	61012	167	2
W	59897	43178	0
W	25819	63168	4
W	68743	91947	0
W	94821	7217	2
W	60235	8983	0
W	100864	3399	0
W	66969	6639	2
W	52653	51341	0
W	11961	7025	0
W	70866	327	0
W	36601	9063	0
W	128459	43	3
W	21293	22749	4
W	30620	380364	0
W	143794	36334	0
W	65204	793	0
W	41785	9237	0
W	25737	204204	0
W	47550	2067	0
W	54192	22927	3
W	61165	34344	0
W	38762	6124	1
W	42791	18204	0
W	11969	159724	5
W	20305	6521	2
W	72270	844	0
W	37768	17843	0
W	64182	2425	0
W	110512	607	0
W	71934	73941	0
W	32265	6175	0
W	74185	7663	0
W	66395	4905	2
W	25968	17185	0
W	126603	1926	0
W	158684	362	0
W	29651	146208	0
W	35716	1934	3
W	63225	79	3
W	23149	427964	4
W	88521	1097	3
W	95502	8461	0
W	150065	600	0
W	75347	7613	0
W	35417	11191	0
W	48585	13166	0
W	80124	11824	0
W	31934	15565	0
W	47889	80295	4
W	51457	90744	0
W	31110	97060	3
W	35463	125796	0
W	27511	1441	0
W	60471	7444	0
W	70022	5850	0
W	20781	37938	0
W	26705	58191	3
W	33913	22734	0
W	11981	85453	0
W	96002	11830	0
W	78161	6691	0
W	21162	32714	0
W	111987	458	0
W	11982	1672	4
W	54982	39985	2
W	141035	341	0
W	68851	7345	0
W	58042	11487	0
W	53751	29039	0
W	55376	30053	0
W	64759	3227	0
W	74567	3977	0
W	146793	8382	0
W	38335	4829	0
W	58138	34469	0
W	69811	3601	0
W	54750	84852	0
W	11987	219774	0
W	38390	76317	0
W	48741	433	0
W	53079	35786	0
W	21476	26602	0
W	53669	660	0
W	70059	4099	0
W	11993	77	0
W	51757	67	0
W	56046	11092	0
W	49217	6590	2
W	139483	11986	0
W	77097	136692	0
W	40378	3609	0
W	26577	83077	0
W	55872	1640	0
W	37788	14567	0
W	74277	9719	0
W	114856	5838	0
W	55632	548	0
W	49023	1272	0
W	130284	1391	0
W	61351	126190	3
W	20582	163063	4
W	55542	17995	0
W	50200	13635	0
W	53796	5315	0
W	53682	11549	0
W	35764	382	2
W	32379	65792	3
W	70299	49624	0
W	56588	4424	1
W	12010	619140	0
W	69942	3169	0
W	43381	513956	0
W	66229	1925	0
W	40288	107995	0
W	73751	2224	0
W	109811	12202	0
W	32036	21610	0
W	52157	43186	0
W	37189	26806	0
W	49552	148956	0
W	37769	572231	0
W	71117	2830	0
W	116728	22949	0
W	12016	45695	0
W	12017	549056	0
W	124425	26891	0
W	147766	4514	0
W	42464	154648	5
W	95750	6843	0
W	127775	2116	3
W	26348	11852	0
W	127533	2942	2
W	73737	28145	0
W	48057	1996	0
W	45941	18811	0
W	115452	1749	0
W	26386	66531	3
W	159263	830	0
W	39004	23382	2
W	59637	4866	0
W	102322	19272	0
W	55213	11514	0
W	35784	16304	0
W	140099	1372	0
W	41794	97571	0
W	24856	12496	0
W	35211	109683	4
W	59690	73637	0
W	29112	26297	4
W	20465	50736	3
W	36099	131867	0
W	52730	30755	0
W	51133	35862	0
W	85754	4461	0
W	52374	923	0
W	93647	5504	0
W	28095	3756	0
W	128107	4843	2
W	72187	621	0
W	128038	269	0
W	44009	159	1
W	125942	5540	0
W	168156	14390	2
W	46529	6806	0
W	37483	56361	0
W	44318	10574	0
W	75705	382	0
W	86367	4818	0
W	42601	3754	0
W	25710	15702	0
W	36290	18966	0
W	103309	6914	0
W	50085	120620	0
W	62295	58111	0
W	84470	2610	0
W	12036	1879008	0
W	58446	35	0
W	128446	88	2
W	61067	12382	0
W	62227	3518	0
W	70053	2609	2
W	63973	8551	0
W	46356	27083	0
W	26833	252523	0
W	12042	559867	0
W	60547	1600	3
W	46357	3277	0
W	67666	14146	0
W	65151	35891	0
W	44272	160846	0
W	118781	3076	0
W	124124	3399	0
W	29113	102765	0
W	93980	3128	0
W	38514	90139	0
W	12044	133691	0
W	123634	3418	0
W	57100	117377	0
W	32690	82	0
W	59943	11561	0
W	20700	44089	5
W	50047	4172	0
W	55964	18121	0
W	75365	14537	0
W	145039	6107	0
W	67341	62016	0
W	70985	3942	0
W	69117	10757	0
W	55543	367229	0
W	70861	15819	0
W	12051	1206081	0
W	23007	743	0
W	69536	158	0
W	128202	600	0
W	64035	7675	0
W	39867	40439	3
W	33452	22321	0
W	30554	120868	0
W	35354	64278	5
W	33661	23231	4
W	12054	17646	0
W	53209	60135	0
W	64175	221199	0
W	64281	15810	0
W	101911	3350	0
W	77936	22491	0
W	120004	1087	0
W	72350	48	0
W	47759	7868	0
W	53032	14257	0
W	49667	54314	0
W	143249	1697	2
W	69133	1707	0
W	71757	749	0
W	111663	652	0
W	59087	1411	0
W	157448	999	0
W	56387	59718	3
W	43920	894	0
W	22279	61554	0
W	117566	43029	0
W	68125	53001	5
W	21624	41853	0
W	55244	12370	0
W	23150	156935	0
W	12066	481196	5
W	113536	7164	0
W	32037	134645	0
W	60422	7730	0
W	70855	99	0
W	54608	53487	0
W	134129	7540	0
W	12069	300	0
W	22023	648	0
W	155679	3474	2
W	73779	3237	0
W	25969	262236	0
W	154071	44587	1
W	29758	110979	0
W	130296	17054	0
W	45276	17307	0
W	84529	1268	0
W	106808	4380	0
W	12073	7269	2
W	12076	863298	0
W	33014	13402	0
W	60518	11968	0
W	12078	195647	0
W	91273	17804	0
W	39108	448	0
W	78559	25145	0
W	153209	18712	3
W	74495	1372	0
W	42035	19098	0
W	166951	944	0
W	51864	3696	0
W	121490	18864	0
W	59973	31204	3
W	43567	12932	3
W	90460	10510	0
W	68121	433	0
W	83991	23125	0
W	67186	639	0
W	21332	93866	2
W	12083	48086	0
W	30643	31086	2
W	56576	39956	0
W	47019	6165	0
W	158092	176	0
W	26679	25326	0
W	41397	38282	0
W	43177	4285	0
W	119535	16785	0
W	44545	5166	4
W	45856	25265	0
W	43369	2192	0
W	146036	582	0
W	21651	130020	0
W	65882	177451	0
W	67894	288	0
W	123011	1217	0
W	12086	50804	0
W	72386	40494	0
W	87898	16114	0
W	74242	2963	0
W	132820	962	0
W	71088	5651	0
W	61894	1599	0
W	26766	389100	4
W	58648	5177	0
W	75618	64	0
W	121076	4418	0
W	12095	21494	0
W	124928	1189	0
W	61801	10855	0
W	68775	2308	0
W	12097	1182019	3
W	36956	4919	0
W	23009	93930	0
W	21625	107971	0
W	108810	617	0
W	36680	904	4
W	35400	248546	5
W	22326	1335	0
W	12102	44210	0
W	42498	58609	0
W	69931	19248	0
W	127868	24	0
W	22025	2451	0
W	28168	226104	0
W	36046	8488	0
W	12104	665011	3
W	127933	11984	3
W	60505	7412	0
W	33102	34394	0
W	53473	34885	0
W	36520	16385	0
W	47890	3541	0
W	50509	13392	0
W	23010	2338	0
W	102214	3056	0
W	42027	3268	0
W	122353	9563	0
W	12111	549	0
W	138109	4790	0
W	12113	815	3
W	66307	80	0
W	12120	28209	0
W	134609	1198	0
W	47396	66475	3
W	68437	1927	0
W	64819	2311	0
W	21426	4791	0
W	12124	939687	6
W	74696	11698	0
W	62259	5137	0
W	43172	26120	0
W	30608	9256	4
W	56511	13615	0
W	26326	221356	0
W	120736	18082	3
W	12125	273588	0
W	12126	21481	0
W	34287	18240	0
W	70395	137055	3
W	20350	56697	0
W	67468	7678	0
W	12129	82108	4
W	12130	12460	4
W	133633	498	0
W	55071	1423	0
W	12133	4606	0
W	54751	16211	0
W	55736	5073	0
W	12135	81411	0
W	85859	1249	0
W	65080	5077	0
W	35591	4304	0
W	86651	14580	0
W	162496	1689	0
W	99951	1713	0
W	39923	49652	0
W	58805	8517	0
W	22424	86167	0
W	44865	10485	3
W	75221	13924	0
W	127195	14647	0
W	73358	58402	0
W	42556	8017	0
W	76714	371862	0
W	127862	4477	4
W	12144	944	0
W	64180	1298	0
W	12145	5302104	7
W	53110	678	0
W	12146	58360	3
W	154410	681	0
W	12148	449690	0
W	20828	128325	4
W	12149	5043	0
W	110091	276	0
W	60743	6397	0
W	20583	99915	0
W	110513	2655	0
W	43684	25027	0
W	58972	31508	2
W	62881	16015	0
W	132379	47	0
W	12152	11612	0
W	157549	53	0
W	140467	7326	0
W	69304	1500	0
W	75374	574	0
W	69943	4272	0
W	49643	94931	0
W	62135	18894	0
W	136397	6247	2
W	74466	8908	0
W	64107	7984	0
W	21569	5778	0
W	32266	71277	0
W	64134	1471	0
W	46358	19354	0
W	54631	5483	4
W	161847	16355	0
W	127660	1828	2
W	126416	14004	0
W	41207	24363	3
W	56047	7148	3
W	12157	29605	0
W	61099	599	4
W	65869	3381	0
W	26327	7344	2
W	35495	63125	3
W	50578	30180	0
W	45041	47921	2
W	66708	680746	0
W	12163	91952	0
W	81930	2886	0
W	54356	2425	0
W	53335	38380	0
W	67207	11600	0
W	40146	40363	0
W	72151	4136	0
W	12172	1017	0
W	47003	75253	0
W	123069	18738	0
W	106809	28	2
W	64742	669	3
W	12176	112525	4
W	35401	2054	0
W	106994	11106	0
W	21570	5435	0
W	63983	47888	0
W	141949	678	0
W	12177	13605	0
W	12178	2500	0
W	106871	98	0
W	12179	7833	0
W	136847	6874	2
W	20782	608511	0
W	84260	103184	0
W	129024	9985	3
W	77098	8075	0
W	12185	4563	0
W	51571	452	0
W	12186	90896	4
W	87357	5023	0
W	48421	2930	0
W	84807	1870	0
W	68064	51878	0
W	12192	40945	0
W	35606	33681	0
W	12194	2092	0
W	63729	8592	0
W	154082	23282	0
W	67469	18785	0
W	65342	34217	0
W	32408	17505	0
W	31364	80257	0
W	93374	2724	0
W	12195	13449	0
W	43235	2707	0
W	12197	8955	0
W	75334	46	0
W	22736	11614	0
W	52315	56306	4
W	34647	165948	3
W	115707	7001	3
W	137229	4033	0
W	108988	2497	0
W	12201	40338	0
W	12202	2243	0
W	76327	2166	0
W	126491	5515	0
W	30691	40043	0
W	128180	14	2
W	29652	250369	0
W	60631	66318	0
W	70205	16500	0
W	158685	3128	0
W	138079	859	0
W	77099	100772	0
W	108779	27187	0
W	127354	1434	0
W	20584	185334	5
W	39276	31905	0
W	105795	18672	0
W	68819	1833	0
W	107833	5704	0
W	110749	3012	0
W	100263	9496	0
W	66478	59476	0
W	162726	702	0
W	32672	6467	0
W	160583	1156	2
W	29201	167607	5
W	37065	6263	0
W	45293	8807	0
W	42762	1501	0
W	124274	14291	0
W	58680	161144	0
W	159149	793	3
W	40723	17314	4
W	48170	162447	0
W	31905	52343	0
W	108018	8285	0
W	12222	9119848	6
W	12223	22144	0
W	117659	48813	0
W	71532	51	0
W	39691	6257	0
W	21626	32085	0
W	42427	24771	0
W	67326	929	0
W	92873	3572	0
W	49199	2474	0
W	54490	5073	1
W	60221	5398	0
W	56548	15606	0
W	31324	176635	0
W	115454	11932	0
W	35496	2788	0
W	39272	21991	0
W	120110	3704	0
W	76970	31732	0
W	67511	113	3
W	12235	2156625	0
W	61944	6218	0
W	62332	30836	0
W	151672	4336	0
W	43723	24231	0
W	75523	908	4
W	54315	4112	0
W	52449	152256	0
W	157715	163	3
W	12238	113	0
W	29264	14320	0
W	12239	39299	0
W	129931	414	2
W	12241	3508	0
W	36337	3859	4
W	128056	4483	0
W	40183	129095	0
W	21524	3959	2
W	38920	10646	0
W	54652	27311	0
W	88152	308	0
W	71246	2656	0
W	134516	3793	0
W	29901	3041	2
W	81003	17909	0
W	30678	38572	0
W	54956	20636	4
W	30517	99441	0
W	121125	10271	0
W	38210	5360	0
W	45983	52724	0
W	70642	8752	0
W	47020	58915	0
W	100563	33738	0
W	47215	19964	0
W	58806	4576	4
W	12248	13641	0
W	85542	2625	2
W	48831	1416	0
W	12250	312760	5
W	12251	792	0
W	12252	40716	0
W	12253	6650	0
W	12254	4319576	0
W	161601	170556	0
W	124494	15812	0
W	12255	46846	0
W	39066	5490	0
W	33619	261	0
W	12257	594928	6
W	49069	140000	0
W	72392	26495	0
W	43164	81316	0
W	53827	1774	3
W	123778	5803	0
W	72280	34647	0
W	112965	24820	0
W	12261	6592114	0
W	143898	14191	3
W	25769	407414	0
W	32238	11113	0
W	21627	153932	0
W	56359	599539	4
W	128150	18871	4
W	45294	25354	0
W	33140	48163	3
W	12266	1008	3
W	45970	10021	3
W	45152	4691	0
W	66604	106	0
W	52516	87546	0
W	61480	5818	0
W	60279	1957	0
W	42958	11204	0
W	75636	4204	0
W	55995	3163	0
W	68110	15644	3
W	64218	7946	0
W	37099	57547	0
W	24889	24091	4
W	44593	22250	0
W	38794	597406	0
W	64743	423	0
W	122738	1708	0
W	38336	228605	0
W	73284	1424	0
W	69273	3004	0
W	103286	28124	0
W	115643	3708	0
W	28375	258312	0
W	35164	178558	0
W	96561	26329	0
W	49218	14703	4
W	23012	116320	0
W	12276	161815	0
W	12277	133248	0
W	68567	879	0
W	75741	24086	0
W	12278	19564	0
W	48676	457	4
W	56890	5897	0
W	40184	18521	0
W	29087	74405	4
W	106615	440	0
W	65852	28687	2
W	41120	44146	0
W	70458	6864	0
W	52375	83760	0
W	70777	7241	0
W	61262	184	3
W	69702	9444	0
W	31025	144689	5
W	12285	132149	0
W	135525	474	3
W	39428	98140	0
W	93219	21729	0
W	65929	17950	0
W	34757	26419	0
W	150246	1433	2
W	59564	97132	4
W	42778	55393	0
W	57407	58928	0
W	80090	11875	0
W	28274	40613	0
W	37144	50589	0
W	128023	9158	4
W	136438	808	0
W	42017	210477	5
W	51907	18616	3
W	67084	280	0
W	85435	2236	0
W	66875	2895	0
W	12294	13336	0
W	72846	5739	0
W	67092	140	0
W	12296	263947	0
W	110189	11023	0
W	12297	991	0
W	103118	4644	0
W	22028	22639	4
W	70426	1764	5
W	22738	1052	0
W	53407	89264	0
W	49463	114904	0
W	72893	21993	0
W	92979	1222	0
W	40289	3800	0
W	68155	7374	0
W	136431	12543	3
W	37113	18947	0
W	97632	8544	0
W	108726	1489	3
W	60901	9769	0
W	108642	3985	0
W	63500	5516	0
W	38763	123339	0
W	129484	72077	3
W	74616	2218	4
W	47856	14057	0
W	38566	2299	1
W	47786	14134	0
W	35383	71327	4
W	42804	23697	0
W	71381	4240	0
W	45683	7238	0
W	126521	12083	0
W	12314	315819	5
W	39020	2393	2
W	12316	2937	0
W	98452	145	0
W	21054	899041	0
W	32944	129449	0
W	97288	1524	0
W	68736	50656	0
W	48484	16722	4
W	150464	288	1
W	21748	115685	0
W	12318	3650	0
W	106224	14266	0
W	54828	75034	0
W	112332	4818	0
W	67916	421	0
W	12319	19110	3
W	54474	18159	0
W	39429	1044779	0
W	73525	7763	3
W	26287	70877	0
W	40623	46594	0
W	12324	51133	0
W	130237	1741	0
W	128300	2824	0
W	49024	54	0
W	49219	797	0
W	70582	6298	0
W	154073	490900	3
W	12327	37292	5
W	31158	14590	2
W	51214	46227	0
W	143189	98	0
W	129044	18089	1
W	82749	26077	0
W	48636	28549	0
W	52391	21035	0
W	45549	5900	0
W	37491	57042	3
W	40305	5505	0
W	71955	28404	0
W	66925	2178	0
W	60406	7090	0
W	63879	36290	0
W	12333	8096	0
W	60340	29410	0
W	21427	6914	0
W	157550	466	0
W	52409	49653	0
W	26731	2695	0
W	45304	1654	0
W	12336	14127	3
W	12337	134463	0
W	43007	3116	0
W	70728	128016	0
W	49848	11467	0
W	28133	8586	4
W	12339	1952	2
W	53604	87544	4
W	12340	7588	0
W	70898	6532	0
W	32070	46682	0
W	37358	41245	0
W	57248	6709	0
W	73933	12222	0
W	62207	1247	3
W	21333	221958	0
W	64638	13474	0
W	168427	1717	2
W	35549	82180	0
W	63721	8660	0
W	22280	15420	0
W	104018	722	0
W	103600	14819	0
W	122043	6183	0
W	12343	68745	0
W	52667	56853	0
W	64652	1687	0
W	66037	4290	0
W	12345	2171	4
W	77849	85202	0
W	41829	1463	0
W	28057	88559	4
W	58552	14763	2
W	133431	8571	2
W	44344	34076	4
W	61024	331796	0
W	26635	38998	0
W	45760	552	0
W	66200	1543	0
W	74513	2193	0
W	39392	8808	3
W	134465	470	0
W	22474	137767	0
W	39977	22874	3
W	46315	21576	0
W	137663	1984	0
W	135526	2686	0
W	41033	16344	5
W	29088	228477	0
W	55456	1613	3
W	22740	128	0
W	127316	11372	0
W	12359	111431	0
W	109919	32675	0
W	45049	41445	0
W	39545	2898	0
W	95280	1751	0
W	31026	4502	0
W	67335	23403	0
W	67513	1093	0
W	20307	30419	4
W	39692	150381	3
W	24832	37157	3
W	90640	116	0
W	21235	147154	0
W	20585	21286	3
W	40199	2175	0
W	87922	8382	4
W	107059	8345	0
W	34677	258924	0
W	12370	439636	4
W	66127	8398	4
W	21428	26501	4
W	126636	4769	0
W	12372	1569	0
W	50086	8814	0
W	103158	1721	0
W	60648	5868	0
W	41607	96753	2
W	135104	2753	0
W	59793	24786	0
W	65774	4784	0
W	155737	1594	0
W	25770	147667	0
W	12377	21221	0
W	62478	15738	0
W	50985	1296	0
W	21666	22014	0
W	42513	14064	0
W	35686	31223	0
W	167039	2998	0
W	59598	72101	0
W	74291	2766	2
W	128362	136	0
W	29089	7978	0
W	47769	2135	3
W	12379	75405	0
W	118809	6058	0
W	12381	6622	2
W	23227	37662	0
W	36494	10298	0
W	93181	2634	0
W	76528	57175	0
W	64040	65504	0
W	64139	8123	0
W	129468	11649	2
W	30734	270600	0
W	46590	4244	1
W	49975	66593	0
W	22226	13695	0
W	70016	4336	0
W	33510	5786	0
W	132445	670	0
W	72781	56044	3
W	155132	3913	2
W	32239	9381	0
W	42694	21790	0
W	52208	3139	0
W	67593	13947	0
W	12387	17195	0
W	34842	86531	0
W	29872	11380	0
W	58662	50487	0
W	42635	21160	0
W	41224	93635	0
W	12390	7130622	0
W	133512	130	0
W	163258	2520	1
W	123647	13271	0
W	38704	17322	0
W	62460	60280	4
W	75508	10050	0
W	27655	56	0
W	69363	1922	2
W	43973	14640	0
W	127793	333	2
W	20466	182443	0
W	144854	1959	3
W	12393	18440	0
W	79586	4658	0
W	12395	186928	0
W	12396	183843	4
W	142330	4406	2
W	97689	4110	0
W	87139	1528	2
W	39412	14200	0
W	37565	191889	4
W	20235	136692	0
W	50202	15339	0
W	116554	13597	0
W	25970	143879	3
W	53048	3616	0
W	48832	2019	0
W	23308	35982	0
W	32038	17406	0
W	40349	210	0
W	37066	10855	0
W	29613	101552	0
W	12401	124601	0
W	35366	94098	0
W	74564	43313	0
W	60442	2043	0
W	61377	29470	4
W	40133	34294	0
W	112062	1015	0
W	33015	4091	3
W	22032	8988	4
W	12406	772	0
W	85215	2783	0
W	12408	11729	0
W	117423	16999	0
W	41666	28077	0
W	51284	63609	0
W	12409	2253314	0
W	52557	115333	0
W	20467	346426	5
W	29785	40188	0
W	139328	109	2
W	31935	31531	0
W	54715	23	1
W	12413	1924	0
W	54881	369941	0
W	52164	47312	0
W	41330	46070	3
W	54589	4980	0
W	72929	8588	0
W	36557	33388	0
W	157000	448	0
W	63905	13055	3
W	141849	2208	0
W	116268	178	0
W	128326	11488	0
W	12418	57205	0
W	75078	39334	0
W	35574	95428	0
W	125519	2969	0
W	64935	13526	0
W	12419	30197	0
W	47923	762	1
W	63821	52409	0
W	60902	10836	0
W	12424	1810	0
W	12425	4424	0
W	73127	339854	0
W	61582	2452	0
W	75943	7026	0
W	49087	160426	0
W	162188	51	0
W	75692	66617	0
W	20308	12816	0
W	12430	7620	1
W	12431	10614	0
W	63863	19040	2
W	121806	3578	0
W	12434	62250	0
W	167685	85	0
W	87730	668	0
W	43014	139732	0
W	77818	33836	0
W	32415	2618	0
W	26349	30175	5
W	44048	2112	4
W	30735	1151	0
W	22741	671	0
W	98161	4386	0
W	145191	1364	3
W	75130	56677	0
W	68356	1744	5
W	61919	99350	0
W	12445	10733	3
W	74804	6548	2
W	69664	2351	0
W	12446	565718	0
W	12447	3540788	6
W	59762	5390	0
W	12448	96120	0
W	88958	63540	0
W	38705	55027	0
W	37288	9005	0
W	52193	3100	0
W	136927	1826	0
W	20618	11271	0
W	48612	236935	0
W	37855	23457	0
W	30596	26147	0
W	21807	78794	0
W	64461	15897	2
W	12456	4814	0
W	67308	63604	0
W	43692	5561	0
W	12460	4340	4
W	53298	45152	0
W	61908	12664	0
W	22281	254267	0
W	12462	29370	0
W	12463	421	0
W	40089	5694	0
W	67535	1661	3
W	63928	15734	0
W	81167	4072	0
W	70778	13787	0
W	161728	3051	3
W	26680	24267	0
W	167606	25175	0
W	69631	52316	0
W	54983	2475	0
W	73234	11573	0
W	12472	108014	0
W	65407	5088	3
W	95980	25568	0
W	75228	30731	3
W	12475	183	0
W	48573	203582	0
W	30555	68727	0
W	154899	1912	3
W	12478	32200	0
W	44325	212707	0
W	12480	262579	6
W	68699	305290	0
W	107229	2727	0
W	28275	5539	0
W	111881	11832	0
W	74590	50783	0
W	33016	11289	3
W	21477	116881	0
W	117292	5554	0
W	64121	2457	2
W	12484	5351	0
W	45086	53521	0
W	41108	2850	1
W	128460	24	0
W	85708	6228	0
W	40231	15749	0
W	54172	10835	0
W	12487	7693	0
W	143219	2919	2
W	53033	10654	4
W	42385	169482	0
W	12489	20371424	7
W	20586	470473	4
W	39281	131471	0
W	63211	2176	0
W	79706	16058	0
W	65657	8832	0
W	75742	37105	0
W	79196	41550	0
W	12498	269102	0
W	29584	22836	0
W	131118	16479	0
W	34633	16364	0
W	22475	10826	0
W	12500	80935	0
W	12502	55435	0
W	68440	6460	0
W	36521	16481	0
W	163733	41	3
W	12505	4314	0
W	40422	157047	0
W	123787	1228	0
W	52951	3459	0
W	35176	58112	0
W	145309	1292	0
W	108268	21597	0
W	46341	19711	0
W	12514	4456	0
W	12515	66691	0
W	138314	9570	0
W	156939	823	1
W	39988	63492	0
W	32598	30652	0
W	12517	10145	0
W	45321	2028	0
W	41285	80165	0
W	35402	44529	2
W	20351	332747	4
W	12518	600192	0
W	21294	97599	3
W	139312	7450	2
W	54609	94030	0
W	29882	13113	0
W	12520	109563	0
W	75271	3746	0
W	67969	150838	4
W	35607	1048	0
W	73098	22445	0
W	12521	58557	0
W	12522	5669	0
W	22425	12500	0
W	33074	333408	0
W	93045	1606	0
W	75581	178	0
W	33571	38730	0
W	73588	14381	3
W	115648	2474	0
W	59006	38367	4
W	20903	7882	4
W	12525	6871	0
W	12527	1404405	0
W	12528	129266	0
W	39339	23414	0
W	51613	45173	0
W	31016	599367	4
W	41628	10383	0
W	25914	16791	0
W	72976	24513	0
W	35305	49781	4
W	120353	656	0
W	88320	4800	0
W	21163	104105	0
W	20227	10811	0
W	12531	59807	0
W	132951	8899	2
W	20829	10667	3
W	76543	292751	0
W	12534	5290	0
W	56397	1484	0
W	26328	194078	4
W	65630	5650	1
W	78833	11921	0
W	40350	4778	0
W	49976	79429	0
W	12536	4880591	7
W	12537	83008	0
W	54091	1798	0
W	105818	5965	0
W	44357	73012	0
W	57086	91121	0
W	150271	3136	0
W	143687	106	0
W	53742	26180	3
W	74148	10191	0
W	108135	1505	0
W	165348	2336	5
W	123946	25575	2
W	32385	12361	0
W	39430	1418	0
W	36702	191351	0
W	35197	20597	0
W	83992	60003	0
W	33722	150456	0
W	49118	37193	0
W	41795	25884	0
W	23267	224978	4
W	148514	11369	0
W	51081	35528	0
W	37359	6040	0
W	12543	24964566	7
W	25820	3615	0
W	21525	349595	0
W	124115	1590	0
W	39326	47932	0
W	12546	1837540	0
W	22745	1037	0
W	131943	4982	0
W	54625	11103	4
W	59103	57251	0
W	81931	1046	0
W	68280	13002	0
W	42197	15830	0
W	99324	1879	0
W	168042	10338	3
W	63854	7612	3
W	55378	75647	0
W	12553	1629	0
W	38440	2293	0
W	58119	110	0
W	129045	2170	0
W	138749	2436	0
W	64508	3846	0
W	30737	52227	0
W	51048	4232	0
W	26781	15989	4
W	114676	166	1
W	102323	5892	0
W	75229	4308	1
W	23189	2539	0
W	36957	78354	0
W	37012	7117	0
W	62397	3744	0
W	12558	52155	0
W	83487	6793	0
W	115203	2066	0
W	49200	5168	0
W	55633	5948	0
W	12559	7880776	0
W	28237	179066	0
W	114994	2510	0
W	151934	1048	1
W	56759	4118	0
W	33368	2007	3
W	70396	25083	0
W	43149	9618	0
W	12560	2683	0
W	65569	190413	0
W	12562	5294	0
W	39996	8888	0
W	12565	30899	0
W	42584	24567	3
W	12566	27426	3
W	77059	66482	0
W	26288	13671	4
W	41231	37606	2
W	77660	14261	0
W	12572	762800	0
W	124958	4078	0
W	20783	11215	0
W	12573	14019	0
W	45857	930	1
W	56440	8779	0
W	59240	38549	0
W	162131	1720	1
W	94442	2555	2
W	71583	10889	0
W	12577	48580	2
W	51408	32485	3
W	105303	365	0
W	30575	3969	0
W	54227	71471	0
W	12580	390495	6
W	109166	1909	0
W	38847	3359	3
W	121210	3235	0
W	12583	73880	0
W	94384	3727	0
W	121402	741	0
W	12585	21227	0
W	38966	54965	0
W	20990	3008	0
W	40725	2825	0
W	40439	3330	0
W	111224	4813	0
W	61665	50745	0
W	12586	10545	0
W	47037	149726	0
W	44494	9626	2
W	53436	434	0
W	70323	996	0
W	75338	24203	2
W	96372	5181	0
W	36034	66724	2
W	41393	64438	0
W	32339	20691	0
W	29274	11900	0
W	71155	3419	0
W	20468	10631	0
W	40624	30031	0
W	54714	11010	0
W	138827	150	0
W	64523	3983	0
W	91316	8674	0
W	20263	104188	3
W	46498	3779	0
W	20517	8542	3
W	75413	85354	0
W	12594	4266	0
W	67081	45073	0
W	82697	9411	0
W	12597	1373254	5
W	48198	230163	0
W	71147	83949	3
W	23229	32578	0
W	63012	5338	0
W	78626	49720	0
W	74319	2302	0
W	50149	258	0
W	29175	3893	4
W	36110	9894	0
W	23461	2438	0
W	12600	36357	0
W	26550	12636	0
W	66745	145281	0
W	51731	1649	3
W	21334	12898	0
W	129646	1623	0
W	113109	1829	0
W	38553	94786	3
W	31140	56604	0
W	26617	59623	3
W	59504	1712	3
W	12606	13672	0
W	29653	162019	0
W	36291	50463	3
W	31325	58169	0
W	132741	1870	0
W	84247	831	0
W	81589	5086	0
W	102887	6015	0
W	74167	296	0
W	12609	68658	2
W	12610	15266	0
W	72508	2008	3
W	81759	70917	0
W	99248	20836	0
W	22747	3381	0
W	12612	88931	5
W	51637	32602	4
W	87648	12795	0
W	12615	194777	4
W	26350	144320	0
W	22327	8079	0
W	140381	3705	0
W	106914	94780	0
W	145183	57	0
W	21571	49973	4
W	62355	27696	0
W	128259	4264	0
W	136061	2376	0
W	121380	3475	0
W	57763	121145	0
W	53950	4706	0
W	49585	2505	4
W	29114	414976	0
W	73770	15579	0
W	32144	5994	0
W	53437	57100	0
W	71924	1876	0
W	12623	2913360	6
W	89331	14558	0
W	29799	298966	4
W	33924	51763	0
W	36292	43661	0
W	40334	6999	0
W	125125	5792	4
W	62607	6854	0
W	50088	6470	0
W	53968	22793	0
W	50920	48537	0
W	12624	91670	0
W	72080	13968	0
W	97690	2289	0
W	73365	46891	3
W	115101	3594	0
W	46767	410045	0
W	48472	136649	0
W	73208	734	0
W	12626	2656	0
W	73712	22228	0
W	125833	1538	0
W	111066	3829	0
W	68678	22951	0
W	52328	13418	1
W	166371	3399	2
W	32319	17851	0
W	36035	57277	0
W	74075	60649	0
W	50108	7337	0
W	54626	3717	4
W	41698	1368	0
W	26782	77857	0
W	12637	73828	0
W	38038	25586	0
W	12640	4119	0
W	78645	33624	0
W	61666	1172	2
W	92479	7724	0
W	12644	7989704	6
W	38374	23074	0
W	77690	4859	4
W	21808	74887	2
W	59241	9676	0
W	52376	54771	0
W	71872	160361	0
W	56891	66259	0
W	12646	1690170	0
W	40036	329029	0
W	12647	136578	5
W	12648	2256	0
W	12650	81172	0
W	48473	7522	0
W	32079	3540	0
W	12655	711587	0
W	12656	595473	5
W	59075	53158	0
W	83845	1210	0
W	33643	28108	0
W	64303	25840	0
W	44594	42937	0
W	21809	15554	0
W	75584	12417	0
W	23230	44343	0
W	65376	85410	4
W	120738	4350	0
W	63103	58117	0
W	22328	106308	5
W	116775	1198	0
W	109926	16618	0
W	37742	75503	0
W	52646	55965	4
W	34819	274285	0
W	84309	33976	0
W	22329	112752	0
W	12670	242894	0
W	32573	2056	0
W	39741	43958	2
W	48564	166348	0
W	158654	61	0
W	79456	2565	0
W	127515	7616	0
W	70405	288	4
W	45265	174580	0
W	125738	12673	0
W	44539	14720	0
W	42040	948034	0
W	108136	893	0
W	12679	32368	0
W	12680	447	0
W	59672	4215	0
W	125811	9721	0
W	12682	6135	0
W	124354	2284	0
W	51409	7701	0
W	122739	2912	0
W	65577	4214	0
W	46360	47639	0
W	61492	48431	0
W	32674	81958	0
W	70682	52744	0
W	64646	11686	0
W	70977	23636	0
W	30986	275	0
W	60920	13281	0
W	48637	292797	0
W	42862	2539	0
W	38946	648	0
W	44815	88912	0
W	62842	70719	0
W	39021	10077	3
W	74899	4890	0
W	103925	11620	0
W	73922	358	0
W	20701	3485	0
W	54317	6986	0
W	12691	63079	0
W	26836	29426	0
W	33251	209026	0
W	59788	7814	0
W	56687	895	0
W	35292	80092	0
W	167612	49	2
W	59493	9409	0
W	22227	7990	0
W	134854	857	2
W	125115	39	0
W	80017	33838	0
W	128043	1242	0
W	98979	930	0
W	12699	688	0
W	12700	64180	0
W	128057	31773	0
W	12702	354456	0
W	166559	456	2
W	25915	101271	0
W	83529	2024	0
W	12705	22960	0
W	60071	2779	0
W	35785	64158	0
W	21378	10899	0
W	12708	403444	0
W	154537	7013	0
W	29115	67170	0
W	70570	46538	4
W	21113	124990	0
W	126614	767	0
W	52209	438954	0
W	39933	75030	0
W	12712	324346	5
W	130123	9299	2
W	51998	41172	0
W	62666	41142	0
W	160794	9685	3
W	37289	29419	0
W	75613	1700	2
W	92510	8246	0
W	12714	7688	0
W	123602	7719	3
W	99953	980	0
W	135805	933	0
W	60089	2742	0
W	47045	1847	0
W	45612	2625	0
W	66978	26016	0
W	39708	102773	2
W	36209	4576	0
W	57588	4459	0
W	41131	37059	0
W	89550	3265	2
W	12724	53908	4
W	23151	302033	0
W	35445	4282	0
W	53613	6353	0
W	38646	27078	3
W	162975	139	0
W	54804	131335	0
W	70913	55392	0
W	12726	192553	0
W	74587	3266	0
W	105556	28595	0
W	33954	115502	5
W	33886	109900	0
W	47022	17328	4
W	165419	3512	5
W	32011	16119	0
W	51285	4403	0
W	66876	18374	5
W	68744	11734	0
W	40048	15449	0
W	55011	1070	0
W	168199	623	3
W	147634	136	2
W	126225	3459	0
W	52185	36198	0
W	71127	10841	0
W	40451	1760	0
W	75712	304	0
W	149630	10824	0
W	117860	15558	0
W	66287	1741	0
W	77735	3856	0
W	65720	140	1
W	49668	4213	0
W	65365	59988	0
W	160688	216	3
W	44910	22346	0
W	26521	52025	0
W	40530	3802	0
W	37360	490275	5
W	12732	37189	0
W	62590	246	0
W	69530	13228	0
W	127899	32	0
W	21810	129328	0
W	31302	22235	6
W	73529	3855	0
W	25790	11149	0
W	48552	187	0
W	38922	221466	2
W	52698	2044	0
W	39356	54874	0
W	23462	11766	5
W	65256	256784	0
W	32354	39207	0
W	44282	2620	0
W	51245	1382	0
W	54121	19334	0
W	96682	753	0
W	125431	16437	0
W	147092	938	3
W	127794	11110	0
W	57961	241	0
W	39137	3053	0
W	61274	11925	0
W	57408	1743	0
W	49638	32269	0
W	72286	4788	0
W	56863	4900	0
W	12754	26524	0
W	12755	67702	0
W	59835	97	0
W	132577	1507	3
W	12756	1647304	6
W	54029	7555	5
W	39794	7335	0
W	55781	11679	0
W	12759	58	0
W	37872	67099	0
W	12761	4253	0
W	165508	56	3
W	12765	640	0
W	126392	2673	0
W	64305	1497	0
W	54944	30264	0
W	96599	9424	3
W	67668	1459	0
W	42457	6477	3
W	139105	481	0
W	148524	1075	0
W	120370	25117	0
W	54797	26756	0
W	73486	4225	0
W	83968	12593	3
W	82698	3722	0
W	48522	4219	0
W	26837	32794	0
W	113903	8939	0
W	159286	33356	0
W	49314	3206	0
W	20587	7695	3
W	38983	8347	0
W	28066	3857	0
W	20352	28761	3
W	48912	10657	0
W	48153	15028	0
W	12783	36792	0
W	33887	284968	0
W	20830	9518	0
W	12784	2390461	3
W	56201	41756	6
W	21572	45765	0
W	164716	189	3
W	34289	1420	0
W	35115	24906	1
W	64054	5691	0
W	41225	34338	0
W	64936	1072	0
W	76771	171798	0
W	44495	13466	3
W	68866	783	0
W	39687	2491	0
W	76798	55379	0
W	115675	835	0
W	117209	98320	0
W	141853	91	3
W	20991	25899	0
W	22426	21960	0
W	59875	25819	0
W	63045	19816	3
W	12797	11809	0
W	33992	8036	0
W	107481	702	0
W	96802	681	0
W	130974	3537	0
W	80942	29622	0
W	72212	12025	0
W	62982	40478	0
W	163742	23320	2
W	29202	253308	0
W	12805	2935	3
W	141686	4845	0
W	62727	4338	0
W	22330	9891	0
W	57459	10853	0
W	21164	106495	0
W	61054	197239	4
W	35516	143466	4
W	30500	66073	0
W	22180	346	0
W	66888	217	2
W	71881	71	2
W	31341	13959	0
W	21296	37652	0
W	12812	34035	4
W	33794	5085	0
W	31843	1141	1
W	55845	1288	1
W	20904	195052	0
W	49474	236	2
W	125640	22537	0
W	34758	89170	0
W	31027	197206	0
W	130689	4261	0
W	12815	250442	4
W	35992	105798	0
W	12817	22029	0
W	147408	57	3
W	12823	1294451	3
W	92587	1226	0
W	29902	194869	0
W	73690	29628	0
W	71421	3305	0
W	46879	1021	0
W	49494	65782	0
W	55980	59385	0
W	30738	29704	0
W	107980	11883	0
W	55544	43730	3
W	51082	16006	2
W	23017	151	0
W	12832	581198	0
W	12833	690	0
W	36320	22520	0
W	106995	7682	0
W	128231	1957	0
W	50352	481	0
W	52654	17539	0
W	128260	16228	0
W	67298	6336	0
W	42863	17702	0
W	20959	28129	0
W	64602	4255	0
W	49698	56283	2
W	46537	15358	0
W	43134	15461	0
W	59548	20691	0
W	164329	893	3
W	76946	119927	0
W	73861	4807	0
W	20518	39598	0
W	12842	1003	0
W	35293	1170	0
W	71534	1096	0
W	23018	78163	0
W	12843	31274	0
W	72970	7	2
W	142080	37392	0
W	46102	21325	3
W	128170	832	0
W	138616	984	1
W	74987	4019	3
W	48181	19113	0
W	12846	47556	0
W	77938	67531	0
W	49779	126990	0
W	86652	15452	4
W	65306	6011	0
W	12847	70595	5
W	33723	895	3
W	21236	495794	5
W	20469	68710	4
W	33900	18932	0
W	20960	101330	0
W	129984	4383	0
W	44443	29441	3
W	46519	7534	4
W	70354	19554	0
W	50203	27076	0
W	150269	9514	2
W	21114	124957	4
W	51254	1459	0
W	167962	15746	4
W	62356	10278	0
W	12856	3965	0
W	118564	67531	0
W	32594	133203	0
W	33176	9663	0
W	73503	30877	0
W	59242	3729	0
W	20702	5264	0
W	29310	14803	0
W	63620	48580	3
W	70406	507	0
W	38984	3521	2
W	122480	1737	0
W	55782	3628	0
W	29090	78186	0
W	64078	48157	0
W	59948	1602	0
W	88687	3129	0
W	148334	14030	4
W	33414	50992	3
W	36356	29143	0
W	80290	13507	2
W	66246	12887	4
W	33103	141601	0
W	78560	23649	0
W	132788	843	0
W	78594	10923	0
W	12867	20218	0
W	12870	566	0
W	31732	57727	0
W	49485	293618	0
W	30679	113304	0
W	47689	1596	0
W	54753	11544	0
W	122621	82167	0
W	54542	13603	3
W	47870	8950	3
W	73402	2426	0
W	75633	1666	0
W	12875	145886	0
W	66377	166209	0
W	131114	4125	0
W	12877	9039	0
W	36036	273666	3
W	122254	18215	0
W	12878	1872	0
W	49710	16357	0
W	64879	62346	3
W	48638	1691	3
W	21237	1092	0
W	12881	175302	0
W	28134	122440	0
W	75258	177191	0
W	37700	86941	0
W	65130	35784	0
W	66619	30553	0
W	120860	5918	0
W	12883	42247	0
W	49025	1321	0
W	12887	7098	0
W	64953	40835	0
W	167263	531	3
W	32646	78557	0
W	46486	1342	0
W	34820	24974	0
W	12891	1591	3
W	103959	7138	0
W	50185	45576	0
W	12893	258815	0
W	137243	2029	0
W	51999	12921	0
W	49606	29300	4
W	88637	11480	0
W	69912	20467	0
W	12898	347900	4
W	24818	193915	4
W	57635	3180	0
W	55328	1644	0
W	100609	13234	0
W	43842	4209	2
W	81806	8509	0
W	161542	9183	0
W	58475	1878	0
W	50881	22417	0
W	78777	32321	0
W	38491	19987	4
W	140949	435	0
W	99325	1461	0
W	50089	18479	0
W	63296	16013	0
W	22036	3352	0
W	144582	33	0
W	26618	22448	0
W	53799	3969	0
W	32416	45318	0
W	12908	421071	6
W	29311	17401	0
W	26289	131310	0
W	74573	10688	2
W	52788	38843	0
W	28238	47335	0
W	54318	49502	0
W	115659	3155	0
W	117681	1449	0
W	56962	4142	0
W	63793	33292	3
W	44568	5115	0
W	45836	63417	0
W	43568	2195	0
W	61258	4973	1
W	128006	26345	0
W	106872	19	2
W	21405	8246	4
W	75174	709	0
W	60472	66033	2
W	30058	6308	0
W	61112	1839	0
W	29203	29987	0
W	42473	44831	0
W	45299	59608	0
W	167537	2001	2
W	12918	3921	0
W	36968	691	0
W	12920	696136	0
W	48485	13849	0
W	29786	101715	0
W	70216	5241	0
W	90430	9863	0
W	58531	3709	0
W	48102	1716	0
W	57718	72518	0
W	23231	14559	0
W	43667	1309	0
W	12924	7950	0
W	79482	10690	0
W	12925	348621	5
W	165354	1228	2
W	82481	9269	0
W	32012	8167	3
W	33644	131201	0
W	20353	24568	4
W	69646	5462	0
W	12928	2204	0
W	104264	9464	0
W	152871	169	0
W	33018	98905	0
W	32574	12126	0
W	44888	2254	1
W	118587	2709	0
W	43622	95653	0
W	107327	32420	0
W	46605	6072	0
W	12931	188227	0
W	12932	7445	0
W	93760	2914	0
W	51789	60681	0
W	32931	52585	0
W	12936	11586	0
W	109213	11074	3
W	26351	129845	0
W	52688	1708	3
W	62349	7893	5
W	80516	9393	0
W	39410	1660	4
W	35553	87126	0
W	44933	35842	0
W	146798	5080	0
W	58032	131	0
W	20992	194416	0
W	31906	57491	3
W	130951	14562	2
W	78994	3959	0
W	62234	9771	0
W	67305	12017	0
W	41608	11933	4
W	100610	5686	0
W	60520	18523	0
W	20354	222683	5
W	68100	40626	0
W	123580	829	0
W	157552	17	0
W	44040	709	0
W	26580	3332	0
W	71648	20899	0
W	161288	754	4
W	39505	10037	0
W	71295	813	0
W	12954	384521	4
W	115502	134	0
W	63797	128	0
W	73925	1787	0
W	12956	22148	0
W	65545	31803	0
W	12959	1266373	0
W	34821	3810	0
W	12960	192734	5
W	93376	1042	0
W	65495	73069	3
W	12962	264153	0
W	164862	96	0
W	62304	9772	4
W	12964	1773	0
W	156587	2290	0
W	12965	98654	0
W	12966	2418	0
W	65113	17905	0
W	36357	38282	0
W	12970	162875	5
W	58043	743	0
W	54491	757	2
W	32955	132636	0
W	37789	144892	0
W	60811	11238	0
W	12973	83404	0
W	74576	11936	0
W	12974	2583	3
W	20470	1389	0
W	52823	897	0
W	160113	581	0
W	12976	477387	6
W	38820	112641	0
W	80307	74909	0
W	12977	5221	0
W	53800	2121	0
W	33766	1759	0
W	39924	8664	3
W	58547	8363	0
W	24857	57961	0
W	57926	6059	0
W	80609	41184	0
W	62941	28508	3
W	89551	5068	0
W	75546	58330	0
W	21749	25116	3
W	28471	39332	0
W	138110	7697	0
W	12982	1075	0
W	100265	4032	0
W	38211	3874	0
W	75249	3541	0
W	22755	1463	4
W	71052	21700	5
W	167016	335	4
W	83296	4202	0
W	44559	165606	0
W	90904	1928	0
W	43385	21648	2
W	66895	37643	3
W	72161	23570	0
W	45942	34341	0
W	31254	25364	0
W	12992	209245	5
W	69063	21163	0
W	55910	27888	3
W	78803	17399	0
W	66932	12176	0
W	86537	970	0
W	12993	12093	0
W	12995	857756	0
W	41200	228480	0
W	60931	743	0
W	64462	2725	0
W	26814	14625	0
W	137924	570	1
W	132821	815	0
W	26838	115211	0
W	53358	2565	0
W	50949	4535	2
W	33396	123783	0
W	141592	13935	3
W	76916	106424	0
W	125111	1554	1
W	61300	3445	3
W	122913	17552	0
W	33572	116576	0
W	86105	619	0
W	36649	49813	0
W	31017	3203	0
W	13003	1353839	0
W	52972	1136	0
W	13004	545	0
W	13005	73586	0
W	32547	27353	0
W	41166	1179	0
W	34706	64309	0
W	128017	41062	4
W	118076	714	0
W	13008	44807	4
W	75209	2574	0
W	41811	267133	0
W	72188	5338	0
W	13010	1083409	4
W	58851	12695	0
W	47452	12903	0
W	67174	18965	0
W	20668	21144	0
W	55559	6232	3
W	62541	39433	0
W	38212	24810	0
W	109927	10788	0
W	22476	72118	0
W	32945	56270	0
W	167454	99	0
W	51434	13907	0
W	126557	843	0
W	82571	12590	0
W	97516	1631	0
W	63370	4542	4
W	38935	37438	0
W	47425	5076	2
W	147828	6163	0
W	49894	34374	3
W	13015	16975360	0
W	60784	9333	0
W	26352	63986	0
W	13016	246531	0
W	32647	10074	0
W	87200	175	0
W	164087	3970	0
W	33696	46799	0
W	43236	8706	0
W	38458	186136	0
W	96600	3812	0
W	53947	43710	0
W	128121	44091	0
W	13021	86425	0
W	13023	2054	0
W	32575	10499	0
W	43634	4739	0
W	72525	3320	0
W	140323	2104	4
W	146641	53	0
W	88960	19125	0
W	49161	47420	0
W	21573	29196	3
W	137664	152	0
W	126945	16379	0
W	55596	11202	2
W	71007	90935	0
W	32178	607506	0
W	72711	8138	0
W	66535	39983	3
W	13026	65570	0
W	13028	1358615	5
W	115697	3211	0
W	94784	12938	0
W	20236	395939	6
W	31724	8678	0
W	31733	11156	0
W	13033	44867	0
W	62628	120613	0
W	46361	922	0
W	108318	1064	1
W	119378	14215	0
W	162945	3076	2
W	130552	19545	0
W	23463	1107	0
W	156452	31632	3
W	37231	9079	0
W	128436	22602	0
W	46103	10746	0
W	161459	526	0
W	122354	1644	0
W	22037	1564	0
W	13040	20481	0
W	39611	37081	0
W	153009	9483	0
W	122246	6075	1
W	50969	1523	0
W	107683	4414	0
W	41085	61451	5
W	41226	23312	0
W	158326	1114	0
W	53564	1173	0
W	70846	12013	0
W	60195	199	0
W	120243	709	0
W	13046	935	2
W	39795	15463	0
W	72235	11211	0
W	13053	132593	0
W	74939	2347	0
W	142322	68519	2
W	71612	483	0
W	67299	3077	0
W	36011	16837	3
W	101495	8991	0
W	42922	20067	0
W	34588	1536	0
W	13059	392534	0
W	65389	2913	0
W	40648	371	0
W	127877	2550	2
W	13063	3542	0
W	75628	1351	0
W	35737	9030	0
W	28376	241732	0
W	52068	11393	0
W	51423	105382	0
W	22207	8982	4
W	13070	38695	0
W	13072	1882	3
W	61055	10595	0
W	50109	27810	0
W	106922	9842	0
W	48425	6268	0
W	13074	15060	0
W	76514	194291	0
W	20859	5471	3
W	22282	81516	0
W	45430	4965	0
W	40997	16211	0
W	63320	3354	0
W	43857	112262	0
W	100804	373	0
W	32114	158774	3
W	32456	78275	0
W	51953	61463	0
W	26539	6784	0
W	13078	791	0
W	67928	1295	1
W	58761	195789	0
W	43658	14407	0
W	13079	84396	0
W	46509	10054	4
W	93161	14459	0
W	141593	24531	3
W	63742	19004	0
W	55953	3589	0
W	168161	227	2
W	68112	7633	0
W	57402	24410	0
W	111562	9232	0
W	129354	5228	2
W	36100	48434	0
W	100252	10638	0
W	46316	20865	3
W	67821	12694	0
W	78935	13162	4
W	36012	2832	0
W	54418	786	0
W	74947	1218	0
W	13092	473202	0
W	63666	504	0
W	44500	215	0
W	13095	51935	1
W	35367	10134	0
W	52300	57641	0
W	13096	35860	0
W	13097	3048536	0
W	13098	20152	0
W	13099	10716873	6
W	74015	9369	2
W	102215	4991	0
W	85159	956	0
W	106874	32	3
W	13100	746126	0
W	69921	36135	0
W	127951	15905	0
W	106445	83	0
W	78164	7192	0
W	73049	21005	0
W	67750	9417	0
W	75687	20014	0
W	102982	1281	0
W	55560	3341	0
W	70040	220	0
W	67920	12537	0
W	40470	7370	0
W	36172	48970	0
W	21574	22793	0
W	35149	23551	0
W	58321	29540	0
W	51908	19013	0
W	13110	440734	5
W	13111	136153	0
W	42424	19151	0
W	63339	6334	0
W	135705	9781	0
W	46089	30193	0
W	22757	4120	0
W	102132	30898	0
W	51666	78356	0
W	22283	107974	0
W	144684	7724	0
W	62536	4173	0
W	63633	43775	0
W	48745	1100	0
W	40070	1112	0
W	112115	891	0
W	94081	6099	0
W	61352	7584	0
W	112614	2887	0
W	52761	4427	1
W	62351	109342	0
W	13121	109876	0
W	41871	10253	0
W	64253	6174	0
W	13122	3657	0
W	65056	24597	0
W	58015	5893	0
W	13125	998	0
W	13126	2369067	0
W	146393	1950	0
W	68466	62243	0
W	158032	1084	0
W	89629	764	0
W	56298	29421	4
W	79319	2483	0
W	49056	9589	0
W	23268	14451	0
W	36407	15512	3
W	13136	54513	0
W	66462	8086	2
W	31907	23568	0
W	143743	769	1
W	13138	1977267	0
W	80256	11707	0
W	57013	7730	0
W	22331	19267	0
W	23152	203052	0
W	25771	39156	5
W	54337	6724	4
W	23464	9473	0
W	91291	15146	0
W	71247	47856	0
W	13143	230423	4
W	37995	12148	0
W	30680	99024	4
W	26353	55944	4
W	13144	3650762	0
W	20669	256668	4
W	41493	26480	0
W	142506	1689	0
W	13146	9156911	4
W	72539	2557	0
W	21165	681517	4
W	30556	4844	2
W	78379	7791	0
W	132201	1506	0
W	37190	1597	0
W	13152	137439	0
W	32115	8148	1
W	79967	30796	0
W	23153	308116	0
W	13158	886692	0
W	130663	24971	0
W	36891	1163	3
W	13160	37418	0
W	58554	35505	0
W	20471	170269	4
W	67562	12465	0
W	52301	512324	4
W	34941	264	0
W	29069	9714	0
W	65737	4958	0
W	108761	30535	0
W	33075	24533	0
W	26268	53691	4
W	35786	6019	2
W	163460	628	1
W	13173	135547	5
W	71398	12509	0
W	66537	1308	0
W	64072	345	0
W	13175	816	0
W	65459	226	0
W	63778	981	0
W	150649	1521	0
W	88874	4004	0
W	13177	88924	0
W	53711	7790	3
W	23232	68831	0
W	23020	2442	0
W	38577	2190	0
W	108780	5557	0
W	128158	9083	3
W	35212	177427	3
W	157002	2057	0
W	46553	15811	0
W	55634	7257	0
W	108075	4018	0
W	167538	5140	3
W	152659	2105	0
W	55306	946	0
W	59304	68599	0
W	22228	1444	4
W	55965	38282	2
W	54259	8080	2
W	132193	385	0
W	65319	2069	0
W	25699	70193	0
W	63034	207935	0
W	37013	37754	0
W	159515	1565	0
W	20404	592487	0
W	127768	1657	0
W	44906	22086	0
W	56951	17947	3
W	13186	11965149	0
W	72895	623	0
W	120259	4549	0
W	13190	90	0
W	41121	444928	0
W	23641	70	0
W	58247	65654	4
W	62550	2727	0
W	69297	2684	0
W	31886	10206	0
W	125211	34408	0
W	100118	170809	0
W	39883	65643	0
W	34844	53187	0
W	36817	4986	0
W	13199	34261	0
W	131944	33703	0
W	51255	80011	0
W	26767	68893	3
W	32675	42886	0
W	95507	1369	0
W	128329	3081	4
W	56205	30159	0
W	13206	60003	3
W	160954	38036	2
W	110190	8587	0
W	13208	26906	0
W	13209	106285	4
W	51970	3557	0
W	35497	26053	0
W	87652	5489	0
W	72593	22966	0
W	118543	14632	0
W	128251	28562	1
W	144784	3601	0
W	45555	19988	0
W	33182	9084	0
W	13214	10554	0
W	146417	19650	0
W	41770	1902	1
W	87605	3308	0
W	114371	1062	0
W	13218	3211	0
W	62179	1257	0
W	38596	339720	0
W	165207	751	3
W	67285	4194	4
W	78677	106189	0
W	29116	584971	0
W	32576	35555	3
W	32548	465125	0
W	32201	80278	0
W	53059	27877	0
W	142579	304	0
W	75538	9481	0
W	37438	243625	0
W	32457	278554	0
W	13223	101783	0
W	63275	6943	2
W	13224	13419	0
W	74009	7594	0
W	56350	15728	0
W	55436	34940	0
W	38727	32410	0
W	165020	3252	2
W	166372	79	0
W	144475	3881	0
W	13228	525268	0
W	13229	24660190	7
W	63136	63961	0
W	35177	79519	0
W	56360	8172	0
W	128153	39691	0
W	32978	33926	0
W	108922	7989	0
W	13231	472	0
W	151271	7451	3
W	13234	512	0
W	31118	42434	3
W	99914	4257	0
W	21056	86291	0
W	81776	45226	0
W	20747	62897	4
W	55039	14935	0
W	21776	33043	0
W	44799	14810	0
W	57834	19003	0
W	106875	187	0
W	84711	19433	3
W	13240	13050	0
W	53219	17872	0
W	106876	8	0
W	35198	97542	0
W	26290	100895	0
W	28239	7506	0
W	13246	52234	0
W	127988	2261	0
W	46227	3519	0
W	13248	796	0
W	39857	136429	0
W	162537	74	0
W	104968	2834	0
W	54817	5430	0
W	43983	3569	0
W	26783	12257	0
W	90491	6302	0
W	33888	103156	0
W	139936	1825	0
W	75409	79126	0
W	100967	794	0
W	67040	44292	0
W	48344	4251	0
W	60014	7358	2
W	78126	12262	0
W	117210	466	0
W	33573	2797	0
W	65537	7453	0
W	124506	14391	0
W	13255	134882	0
W	49318	2386	0
W	63827	55852	0
W	13256	100688	4
W	94756	11205	0
W	53565	3696	4
W	130616	2381	0
W	26732	25530	4
W	110323	536	0
W	13258	1908	0
W	87899	17062	0
W	38434	85875	0
W	13259	5673	0
W	156170	4555	0
W	13260	33706	0
W	45686	1251	0
W	168760	1020	2
W	25772	98023	0
W	103091	6645	0
W	158538	1475	0
W	117152	14178	0
W	62180	121708	0
W	45251	1338	0
W	60222	4758	0
W	33380	261385	0
W	63836	30093	0
W	90957	2639	0
W	13268	514628	0
W	149388	166	0
W	34791	126213	3
W	13269	41970	0
W	13270	1406126	0
W	86290	42486	0
W	33397	3788	0
W	71056	9642	0
W	97855	1559	0
W	59603	134015	0
W	29337	73172	4
W	64816	4872	0
W	29923	57022	0
W	31725	54855	0
W	61081	1117	3
W	57786	26488	0
W	13279	87362	0
W	39377	59839	3
W	13281	3373283	0
W	13282	420872	0
W	88961	5586	0
W	13284	5130	0
W	74496	26092	0
W	68126	5707	0
W	112967	119102	0
W	50110	10210	0
W	55253	14742	0
W	62527	142705	0
W	62161	1010	0
W	128115	4427	0
W	13289	12819	0
W	158927	10440	0
W	75315	728	0
W	13290	218265	0
W	13291	218445	0
W	128192	4768	2
W	60940	55347	0
W	13293	80112	3
W	39612	194248	0
W	13294	940850	5
W	40276	10539	4
W	80454	12301	0
W	13298	363287	0
W	48524	56035	0
W	59291	49	0
W	38541	899	0
W	30059	1657	0
W	34678	37309	3
W	25791	1627	0
W	13304	565494	4
W	13307	8067	0
W	55155	1478	0
W	36293	12462	0
W	123978	879	0
W	57409	26231	5
W	59827	5919	0
W	13310	2702679	5
W	39742	3939	2
W	67064	117692	3
W	29973	21995	0
W	40569	13190	0
W	68242	2990	3
W	61945	6184	0
W	53954	1043	0
W	164877	19	0
W	32630	19677	0
W	60538	55244	0
W	87653	12333	0
W	21526	9110	0
W	13316	11014	0
W	80092	7002	0
W	13317	30192	0
W	86770	13632	0
W	100115	3026	0
W	54680	67942	0
W	166637	165	0
W	42573	13611	0
W	55897	7989	0
W	67304	6150	0
W	13320	95630	0
W	73141	5670	0
W	13322	285	0
W	88661	12412	0
W	127882	1215	0
W	50623	2725	0
W	69016	5155	0
W	30060	74560	0
W	51083	31219	0
W	60306	16629	0
W	29275	57872	2
W	35116	8245	3
W	137336	2163	2
W	111989	592	0
W	48345	9526	3
W	41901	4246	0
W	36698	37235	0
W	31991	513983	5
W	43754	3048	0
W	90959	7400	0
W	99261	16035	0
W	55783	1930	0
W	25971	45723	4
W	21688	252597	0
W	73391	3871	0
W	21238	31045	0
W	25916	3280	0
W	44010	3021	0
W	128450	233	0
W	66698	17348	0
W	73649	715	3
W	61904	3496	2
W	52226	366854	0
W	50715	104153	0
W	145208	191	0
W	122247	1884	0
W	57505	1480	0
W	62350	35932	0
W	35517	390884	0
W	106810	25239	0
W	96395	9551	0
W	48486	74258	0
W	50111	47440	0
W	44637	3518	2
W	121021	2152	0
W	69337	29737	3
W	79640	37774	0
W	13343	831176	0
W	13344	62425	5
W	41201	23283	0
W	136300	1231	0
W	66772	16290	0
W	60223	46572	0
W	124332	76	0
W	22212	102596	0
W	13347	16036	0
W	97337	607	0
W	54681	20307	0
W	165861	665	4
W	70023	20763	0
W	31980	26564	0
W	159447	1482	0
W	159026	176	0
W	39539	5621	0
W	40061	1629	0
W	28276	269531	5
W	75681	1003	0
W	140086	12202	3
W	13358	136718	4
W	66427	4915	3
W	26582	67555	0
W	57653	402620	0
W	30739	18597	0
W	20355	84267	0
W	13365	31815	0
W	115870	2261	0
W	123799	142	0
W	113395	812	0
W	21689	135941	0
W	33141	52623	3
W	13369	64821	0
W	51971	20369	0
W	20472	58340	0
W	89762	28591	0
W	133039	19190	3
W	52069	11690	2
W	13374	26631	0
W	24890	43305	2
W	69616	9993	0
W	53641	157841	4
W	58322	431	0
W	65824	308	0
W	58709	19982	3
W	49917	38399	0
W	127825	28	0
W	30622	123375	0
W	35403	57533	2
W	13380	185519	0
W	97123	6861	0
W	42006	572	0
W	128196	22049	0
W	81335	13953	0
W	41718	13090	0
W	118624	557	0
W	35348	3801	0
W	138935	822	0
W	20405	98136	5
W	30532	16619	0
W	58277	10792	0
W	32956	14858	2
W	77787	7012	0
W	46554	32652	0
W	63653	18175	3
W	13390	47346	0
W	55073	6059	0
W	22760	4169	0
W	59193	9733	0
W	93553	19507	0
W	108674	47437	0
W	28377	10625	0
W	40649	1812	0
W	13394	710	0
W	36944	9627	0
W	13395	419606	0
W	55115	131390	0
W	53494	38209	0
W	66955	44190	0
W	20520	37328	0
W	13397	6171	0
W	59111	53206	0
W	50510	16082	1
W	66786	369	0
W	68756	4329	0
W	55832	1970	4
W	71873	40713	0
W	22762	1751	0
W	76656	80463	0
W	78202	23865	3
W	75514	3493	0
W	68482	13477	0
W	158043	1634	2
W	87732	1134	0
W	89403	3231	0
W	50204	40080	0
W	13401	2333	0
W	61834	17464	0
W	147927	25460	0
W	13405	632081	0
W	82482	9235	0
W	70271	23579	4
W	35802	38816	0
W	32071	48169	0
W	60357	6597	0
W	44358	67658	0
W	79273	44238	0
W	61006	33533	6
W	67602	15611	0
W	34949	378	0
W	13408	950	2
W	161298	1935	0
W	65677	12572	0
W	52261	18813	0
W	81169	2658	0
W	57654	3152	0
W	73767	28191	0
W	120892	2501	0
W	62185	11844	2
W	49977	43958	0
W	13410	8619	0
W	136848	19381	2
W	107485	702	0
W	23233	1509	0
W	13413	7192	0
W	40367	1025	4
W	121403	823	0
W	20748	72707	3
W	32267	2306	0
W	55791	60788	0
W	33677	24774	0
W	50555	60393	0
W	88689	3019	0
W	43974	28656	0
W	53495	15340	0
W	48487	1576	0
W	59585	134200	0
W	36575	49824	0
W	145989	40500	0
W	33253	4840	0
W	107711	155426	0
W	23154	42555	5
W	48965	23381	0
W	121381	14048	2
W	62735	5295	0
W	20704	165496	0
W	13420	5585671	6
W	30533	222664	0
W	80627	12580	0
W	46342	11144	0
W	39693	10739	0
W	107610	614	0
W	128461	3194	0
W	44283	866	3
W	47046	2146	2
W	54053	550217	3
W	13424	5529	0
W	72730	709	0
W	13426	572078	6
W	56577	23014	0
W	13428	7210	0
W	69070	2039	3
W	83489	4121	0
W	109445	44287	0
W	138745	1943	3
W	41632	318202	0
W	46397	39988	0
W	125406	10185	0
W	32512	83087	0
W	74807	6540	0
W	31064	14841	2
W	37791	98583	0
W	69793	798	0
W	21335	36845	0
W	133965	35002	0
W	29288	66990	0
W	126012	141	0
W	120178	9458	0
W	58367	69025	4
W	13433	32975	0
W	43496	8673	0
W	46039	6639	0
W	129679	800	0
W	13436	15539	0
W	20905	377800	3
W	20588	114490	0
W	82574	4512	0
W	106879	53	0
W	49816	61370	0
W	83795	6427	0
W	125105	2719	0
W	159985	38	2
W	68451	2497	0
W	115766	37382	0
W	22372	8679	0
W	33084	88771	4
W	29338	7291	0
W	118048	1445	0
W	163656	5819	0
W	13449	1872652	5
W	51410	44426	0
W	41560	37270	0
W	42356	46291	0
W	60090	14620	0
W	13450	180	3
W	65320	4505	0
W	80888	25118	0
W	53154	317719	0
W	13451	53281	0
W	70063	81085	0
W	33755	118703	0
W	74557	1576	0
W	136747	713	0
W	72720	707	0
W	59039	1167	0
W	81807	19210	0
W	13452	1689	0
W	40929	151093	0
W	13454	14099	0
W	13455	8770	0
W	114840	27482	0
W	64917	30448	0
W	20994	31798	0
W	67981	15715	0
W	13459	1073335	5
W	95189	3409	0
W	71053	5859	5
W	30740	2787	0
W	60834	4021	0
W	41243	31662	0
W	53457	11272	0
W	39308	1753	0
W	45051	583	0
W	20832	6997	0
W	35418	15206	3
W	88203	174	0
W	56748	4762	0
W	102178	32252	0
W	31365	62911	0
W	50353	982	0
W	13464	15669	4
W	59915	10587	0
W	62629	4236	0
W	38706	12149	0
W	58593	14447	1
W	145425	189	0
W	13468	18	0
W	33939	91115	0
W	40561	18670	0
W	149531	14998	0
W	37535	41419	0
W	13469	77404	0
W	20833	54199	0
W	68494	5998	0
W	149715	2693	4
W	92592	3412	0
W	53410	1645	0
W	23467	17	0
W	54883	275138	5
W	157553	844	0
W	13470	4430	0
W	57655	44145	0
W	68768	1770	0
W	75531	32682	2
W	33925	4469	0
W	78996	3208	0
W	63802	111244	0
W	13474	482	4
W	73977	1699	0
W	64980	28869	0
W	13476	99662	0
W	71316	17466	0
W	66169	53085	0
W	118588	13994	1
W	21722	7688	3
W	75355	2093	0
W	28472	56493	0
W	32146	10317	3
W	57825	4174	0
W	31783	26022	0
W	165658	911	4
W	70738	20301	3
W	90643	640	0
W	44758	11177	4
W	82028	7609	3
W	96029	8395	0
W	141750	13643	2
W	38471	9550	0
W	33889	92559	0
W	73738	27435	0
W	35550	19772	0
W	29585	219651	0
W	71806	1880	0
W	13487	381742	0
W	159504	12623	2
W	76335	143	2
W	13489	1768	0
W	21297	22956	0
W	99658	807	0
W	126149	2710	2
W	65493	286	0
W	13491	35920	0
W	58338	38967	0
W	76917	141655	0
W	132414	194	0
W	59254	188183	0
W	41609	94979	0
W	13495	261609	4
W	70602	2645	4
W	13496	25551	0
W	21406	8282	4
W	127795	2643	3
W	115698	24799	0
W	53914	7461	0
W	22041	821	0
W	29633	5399	0
W	127019	31756	0
W	59442	235999	0
W	33612	36370	0
W	123115	8261	0
W	57689	40370	0
W	137925	1667	0
W	150021	1163	0
W	64463	3791	0
W	40733	399	0
W	44673	4810	0
W	50265	4833	0
W	59639	425	2
W	70754	453	2
W	40200	1510	4
W	84311	22501	0
W	13511	1131	0
W	32619	83616	0
W	64744	2336	2
W	66378	3669	0
W	47438	15332	0
W	22478	187851	0
W	13514	2582915	0
W	97634	3715	0
W	120406	23132	0
W	13515	2224	0
W	127358	1365	1
W	47891	7223	3
W	81368	11686	0
W	13519	3313	0
W	34649	1313	0
W	21057	9791	0
W	90960	874	0
W	57797	4320	0
W	71337	2982	0
W	74900	22764	0
W	13522	18062	3
W	60978	17315	0
W	13526	692	0
W	38821	47686	0
W	13527	961	3
W	39946	217890	0
W	89799	3707	0
W	13528	284851	5
W	13529	17918	0
W	49088	75431	0
W	59018	1697	0
W	13534	6445	0
W	38337	20035	0
W	161544	95	3
W	79274	5070	0
W	41923	51636	0
W	126226	29	0
W	33063	153106	0
W	31220	82649	0
W	13539	481998	0
W	41903	17863	0
W	65498	49408	0
W	39613	11070	3
W	13547	3725	0
W	13549	151688	0
W	52302	1262	0
W	58194	48513	2
W	53458	240841	6
W	109998	3192	2
W	72540	609	0
W	37318	11870	2
W	44501	741	0
W	22042	2234	4
W	108023	2796	0
W	13563	13945	3
W	38648	21607	0
W	75440	23233	0
W	32409	475710	0
W	61946	9604	0
W	52669	35169	0
W	48559	23256	0
W	36442	382522	0
W	47163	466	0
W	13573	19	0
W	13575	55316	0
W	102217	2448	0
W	79360	9188	0
W	65176	6961	0
W	26733	16118	0
W	50744	68281	0
W	21811	4661	2
W	73015	2013	2
W	122192	2202	1
W	55818	156127	0
W	13586	408937	0
W	125131	4386	3
W	23155	72544	0
W	88722	11335	0
W	40234	7645	0
W	65634	833	0
W	101496	36218	0
W	13591	4373	0
W	69525	3774	2
W	54706	2632	0
W	141233	19871	2
W	57706	15877	0
W	65561	5246	3
W	33185	107562	0
W	26515	538	0
W	50131	363	0
W	13597	108615	0
W	28187	13791	0
W	97795	6478	3
W	51424	13177	0
W	70779	247625	0
W	24975	2842	0
W	13603	3182	1
W	45313	10894	4
W	40910	12975	0
W	33890	63798	0
W	51287	16258	0
W	13605	3021	0
W	49186	8362	3
W	64795	3486	0
W	31936	162460	0
W	62816	177	0
W	85866	4622	0
W	13610	48888	0
W	13611	318225	0
W	159844	87	0
W	13613	17816	0
W	67119	97532	4
W	13615	967238	0
W	22427	15416	0
W	71378	15881	0
W	25885	6514	0
W	13617	44747	0
W	62403	7538	0
W	20749	223147	0
W	72752	2829	0
W	73058	1794	0
W	48976	146	0
W	13621	2173	0
W	50354	116	3
W	121697	6415	2
W	13625	780684	5
W	13626	524	0
W	55636	48564	0
W	20705	2853	4
W	66129	1854	0
W	56361	6719	0
W	65770	7402	0
W	13628	37289	0
W	165428	23959	4
W	143536	7426	0
W	13630	26948	3
W	69489	4414	0
W	82001	412116	0
W	49657	35104	6
W	36013	16404	0
W	168759	435	0
W	31141	3159	0
W	166491	2737	2
W	68144	6309	0
W	127922	7962	0
W	42252	9102	3
W	71874	77628	0
W	48679	1132	3
W	140680	9828	0
W	22332	96753	0
W	13641	349131	0
W	56286	3746	3
W	52099	195839	0
W	80980	15600	0
W	81933	5382	0
W	84926	5631	0
W	13643	87210	5
W	13644	70204	0
W	73451	1848	3
W	120096	833	0
W	31065	181604	0
W	135534	8856	0
W	13648	1463330	0
W	30534	157729	0
W	22765	1579	0
W	39217	206265	4
W	56893	121211	0
W	37750	266695	0
W	145766	2653	1
W	13654	4218	0
W	38848	68173	0
W	13655	154958	0
W	13659	167950	0
W	134049	822	0
W	29222	36769	4
W	25886	91594	0
W	107820	104430	0
W	29635	719161	0
W	81856	6042	3
W	96684	4201	0
W	98162	1382	1
W	54493	18557	0
W	45322	17996	0
W	106996	12042	0
W	75695	3313	0
W	127140	3427	1
W	49791	2666	3
W	13662	6620	0
W	67656	7397	0
W	64606	18423	2
W	147821	214	0
W	54419	6546	0
W	51867	10841	0
W	72807	11903	0
W	13665	77073	0
W	99249	17354	0
W	88980	8739	0
W	26665	11963	3
W	20925	83486	5
W	32527	18845	0
W	109040	2047	0
W	119119	17023	0
W	142809	1331	0
W	13673	14258	0
W	55040	2962	2
W	83850	1823	0
W	76596	48479	0
W	37068	15508	0
W	156818	40	1
W	116004	749	0
W	71837	1623	0
W	49496	25988	0
W	24834	1633	3
W	71020	10152	0
W	112116	2289	0
W	13680	1205	0
W	85867	1967	0
W	23340	1733	4
W	54420	2610	0
W	51256	8660	0
W	130733	3763	0
W	20309	361109	4
W	35232	254575	0
W	150911	225	4
W	159853	9519	3
W	130059	158	0
W	54214	50267	4
W	54865	17404	0
W	49119	24888	0
W	78627	15464	0
W	13691	7677933	0
W	71672	157	0
W	52824	272783	3
W	100151	9640	0
W	160940	29118	3
W	96602	7999	0
W	84845	705	0
W	13697	11135070	7
W	55041	214555	0
W	13698	45961	2
W	138362	580	0
W	13700	12351	0
W	99888	90466	0
W	75225	29648	0
W	117662	13208	0
W	122445	4554	0
W	13701	2193582	5
W	45943	17597	0
W	61578	5824	0
W	13703	8776	2
W	158399	103	0
W	154037	2862	0
W	56669	2080	0
W	158782	406	0
W	119842	2147	0
W	58436	10751	0
W	86071	6036	3
W	13709	97838	0
W	152026	10849	2
W	64670	16838	0
W	13711	61783	0
W	32268	3870	0
W	68244	186379	3
W	123913	43	2
W	13715	205353	0
W	36053	17649	0
W	52186	193092	0
W	26643	8640	3
W	13717	399311	5
W	75199	400	0
W	13721	409561	0
W	20784	332342	0
W	116182	4880	0
W	115682	15387	1
W	63885	3065	3
W	87068	2019	0
W	63280	11220	0
W	13727	42316	0
W	33654	17135	0
W	80795	9293	0
W	136136	8269	2
W	85438	9618	0
W	13735	15066	0
W	117424	3415	0
W	112435	603	2
W	116270	341	0
W	56533	44089	0
W	72147	87762	4
W	36037	10861	1
W	23472	48	0
W	42458	30511	0
W	37566	2588	3
W	89800	2816	0
W	64804	6583	0
W	64782	41024	0
W	118480	977	0
W	20619	86514	0
W	29974	74899	0
W	107231	4387	0
W	72690	60808	0
W	160616	978	0
W	57318	9315	0
W	39966	98270	0
W	13747	192	2
W	33786	8910	0
W	41667	2562	0
W	24928	9247	4
W	69974	9779	4
W	55379	91436	0
W	13751	67290	0
W	36522	37180	0
W	36294	2881	0
W	45120	5207	0
W	56487	4650	0
W	136192	14511	0
W	59640	6930	2
W	75399	16624	0
W	49902	28563	3
W	63984	2429	0
W	39614	41153	0
W	64911	14864	0
W	36014	1173	0
W	41633	34992	0
W	13763	42230	0
W	81531	13108	0
W	140749	1294	0
W	70671	9916	0
W	20406	263407	5
W	87964	2185	0
W	33599	19837	0
W	162932	643	0
W	63684	1099	0
W	13769	2367995	0
W	66354	7021	3
W	42446	18731	4
W	53568	15329	0
W	85439	6985	0
W	30999	62099	2
W	58222	47744	0
W	60026	16536	0
W	49221	11965	0
W	40423	37349	4
W	130124	5275	3
W	66171	12289	4
W	68776	57341	0
W	108417	87951	0
W	13774	43659	0
W	35650	13852	0
W	13775	1180045	0
W	71673	41695	0
W	13777	20911	4
W	36546	122064	4
W	75439	1633	0
W	25887	51355	0
W	42447	5703	2
W	58379	2118	0
W	57521	6514	0
W	50050	18231	0
W	91164	367	0
W	20906	195411	4
W	13780	11378	0
W	13781	19103	0
W	13782	45187	0
W	122468	94205	0
W	63780	4112	3
W	13786	78957	0
W	96642	3002	0
W	127989	907	1
W	13792	26921	0
W	13793	81597	0
W	65589	767	0
W	31067	688	2
W	26681	51130	4
W	63246	38373	0
W	57301	2269	0
W	21528	11608	0
W	13796	247742	5
W	69794	2380	0
W	23030	297192	0
W	143541	12278	0
W	92481	8101	0
W	13798	1370438	0
W	37456	5573	0
W	144779	7914	0
W	26707	22060	0
W	13801	54057	2
W	42545	75361	5
W	13803	827301	0
W	13805	198910	0
W	43377	26518	0
W	130952	2039	1
W	146799	9938	2
W	157555	341	3
W	36785	98147	0
W	47892	38427	4
W	32648	3049	3
W	64045	19205	0
W	20521	35301	0
W	22767	15317	0
W	62574	3178	0
W	127906	484	0
W	153718	4176	1
W	62566	6835	0
W	44858	95574	0
W	100152	5039	0
W	71769	273	0
W	158222	567	0
W	20907	166562	0
W	21336	1065	0
W	66728	4649	0
W	59494	9441	0
W	38228	2360	2
W	74256	96	3
W	141128	1043	1
W	46785	96879	2
W	13817	3490	0
W	13820	781941	5
W	62537	11317	0
W	46425	64105	0
W	82346	103075	0
W	25917	56367	3
W	36483	1730	0
W	116803	4410	0
W	26354	22240	0
W	35294	8774	3
W	65514	7665	0
W	62241	37209	0
W	123179	2626	0
W	51216	330	0
W	58809	3500	3
W	75063	5637	0
W	76698	129825	0
W	65524	2931	4
W	57615	44008	0
W	49436	4140	0
W	146599	2045	0
W	46385	1280	0
W	34728	158288	0
W	51094	11435	0
W	61512	31055	0
W	112933	1437	0
W	50205	24880	3
W	33142	27510	0
W	13841	1929805	6
W	33046	1154	0
W	41425	268	0
W	29339	585	2
W	36606	26845	0
W	13844	1345	3
W	61185	494873	0
W	13845	385266	4
W	40379	3227	0
W	73739	29640	0
W	65900	44625	0
W	59944	20532	0
W	130161	6525	4
W	72099	4373	3
W	42041	58283	0
W	48426	715	4
W	13850	1459	0
W	30597	23222	0
W	53337	3440	3
W	42200	10923	0
W	36887	28138	0
W	35745	199272	4
W	50970	4520	0
W	138700	577	1
W	114345	3216	0
W	31937	52602	0
W	70454	263	0
W	64109	28588	0
W	59070	18610	0
W	163938	3649	1
W	61726	36899	0
W	13859	114096	0
W	48427	3716	0
W	39006	58525	0
W	13861	193105	0
W	13862	17662	4
W	43965	3704	0
W	158498	829	4
W	22047	1187	0
W	37191	7723	0
W	95508	7513	0
W	37192	19605	3
W	48596	246	0
W	44326	2562	0
W	72890	14087	0
W	66210	172	4
W	134034	2525	0
W	49169	3726	4
W	26355	27185	0
W	51288	55323	3
W	101848	871	0
W	67549	214058	0
W	37885	236100	0
W	159873	678	0
W	32620	4087	2
W	60941	11770	2
W	13875	108001	0
W	93046	1254	0
W	44713	49133	0
W	13877	339	0
W	138391	43	0
W	53896	2642	2
W	120863	10933	0
W	78303	26178	0
W	109272	561	0
W	13882	625062	6
W	144781	2292	1
W	68991	13635	0
W	56973	67969	3
W	152012	284	0
W	47727	77523	0
W	93266	2804	0
W	47093	32301	3
W	97518	1854	0
W	101109	1401	0
W	66836	23666	0
W	44737	60521	0
W	74333	7459	0
W	76635	43885	1
W	32066	8770	0
W	45154	272295	0
W	13892	49837	5
W	104201	4463	0
W	13893	523	3
W	13894	164365	0
W	44359	16894	0
W	77869	92550	0
W	57553	5835	0
W	21629	168479	3
W	41175	20577	0
W	49780	191320	0
W	77851	43867	0
W	108514	12771	0
W	13901	2164	0
W	90463	6036	0
W	63918	4012	0
W	13904	1701881	6
W	13905	290957	0
W	13906	562077	3
W	40403	30422	0
W	13907	40414	0
W	29340	61749	4
W	74343	3097	0
W	65369	4234	0
W	88723	3895	0
W	43595	123151	0
W	22333	9030	0
W	68588	76	2
W	124368	11464	0
W	28077	393717	0
W	13912	185822	0
W	59280	57541	0
W	66290	47247	0
W	44259	16451	0
W	28240	18254	0
W	92874	2659	0
W	65519	3756	0
W	13916	1782	0
W	51614	1039	0
W	55693	42446	0
W	36902	129	0
W	114058	92221	0
W	81218	15451	0
W	110754	2073	0
W	62617	510	0
W	29289	84120	0
W	48328	601455	0
W	158686	1032	0
W	52952	32621	0
W	47272	4904	2
W	86341	23061	0
W	13923	79640	0
W	37361	82622	0
W	71187	12242	3
W	13924	259595	5
W	57753	7643	3
W	63692	256938	0
W	62330	113960	0
W	40235	80904	0
W	13926	173417	3
W	59571	43077	6
W	108645	3077	0
W	26651	5108	3
W	13929	23490	4
W	41629	44290	0
W	86825	2803	0
W	51458	1303	0
W	13935	40876	3
W	66546	91807	3
W	13938	523098	6
W	131924	23593	0
W	63371	45544	0
W	128351	114	3
W	29176	149293	0
W	68808	24352	0
W	23032	2086	0
W	21059	19085	0
W	38287	61030	3
W	138742	20178	2
W	78238	74421	4
W	100465	39194	1
W	40306	44619	0
W	115709	11955	0
W	29158	6295	2
W	34589	3698	0
W	117099	9297	0
W	126983	761	0
W	21060	28414	3
W	56124	5185	0
W	13956	7612	0
W	145009	1848	2
W	73410	34093	0
W	56790	4561	0
W	76491	170115	0
W	47453	19383	0
W	36321	13597	0
W	67485	18870	0
W	13964	54404	0
W	75706	3380	0
W	39129	3499	0
W	151935	15139	0
W	67872	7261	0
W	59775	25004	0
W	135343	2751	0
W	81475	6218	0
W	69004	6528	0
W	132728	3653	0
W	13971	935	0
W	53657	291	0
W	38589	3261	0
W	13973	95012	0
W	29975	286	0
W	21166	30153	0
W	21407	35786	0
W	13976	1196032	0
W	138897	1149	3
W	71428	8151	0
W	33076	78452	0
W	64510	5518	0
W	36718	77705	0
W	13978	2498	0
W	20310	127259	4
W	49781	21871	0
W	66201	48318	3
W	76918	24467	0
W	41361	1358	0
W	64341	2070	0
W	86653	11419	0
W	76597	48960	0
W	40601	66916	0
W	33085	6608	3
W	92043	22882	0
W	52509	135800	0
W	13984	8455	4
W	86681	23916	0
W	13986	597500	0
W	13987	260711	0
W	13988	10736	0
W	39190	2765	0
W	13992	2526879	6
W	42836	64793	0
W	71422	10964	0
W	122906	395	0
W	121035	1101	0
W	53301	20804	0
W	66297	2413	4
W	48747	10004	3
W	75233	3120	0
W	32396	7108	0
W	75483	648	0
W	33454	39628	0
W	54754	96331	0
W	13997	6650	0
W	89802	4645	0
W	99956	1844	0
W	40736	1794	0
W	59692	29121	0
W	42028	84505	0
W	96075	4810	0
W	13999	572185	0
W	60812	30559	0
W	126393	7735	3
W	67385	22391	0
W	52839	1085	0
W	65456	57872	4
W	61696	114120	0
W	58878	7737	3
W	45155	66042	0
W	30061	145666	0
W	14002	3046	0
W	14003	17534	0
W	57817	10423	0
W	50596	93620	0
W	40977	2437	0
W	14007	309703	5
W	31103	2109	0
W	77661	2980	0
W	23247	326725	2
W	46277	3378	0
W	75175	41	0
W	85543	13305	0
W	58555	18007	0
W	110797	2855	0
W	96809	773	0
W	157096	26411	3
W	14014	456777	4
W	20473	50677	5
W	23098	280531	6
W	51217	46021	0
W	14016	350541	0
W	57311	6922	0
W	14017	69167	0
W	52113	3501	0
W	75223	11927	0
W	32676	166126	4
W	99598	2372	3
W	116761	7130	0
W	54568	17683	0
W	26708	9640	0
W	50512	8252	4
W	14022	67358	0
W	67342	1193	0
W	54836	1773	0
W	43693	764560	0
W	45330	58108	0
W	62461	14551	0
W	78998	5281	0
W	49647	98252	0
W	14028	1226874	0
W	22769	8155	3
W	36640	39135	0
W	14031	25978	0
W	53388	29471	0
W	14032	238798	5
W	42138	27309	0
W	14034	115850	4
W	35306	69216	0
W	14037	1601	0
W	122155	31166	0
W	33815	160451	0
W	65972	38664	5
W	120764	2376	0
W	33613	109657	0
W	159852	64	4
W	47216	16398	0
W	52879	1885	0
W	47691	24464	0
W	30681	19643	0
W	41649	326	0
W	88058	1189	0
W	62421	2221	0
W	55655	1075	1
W	161848	678	0
W	51257	20436	0
W	71550	1224	0
W	46104	69365	0
W	22334	16913	0
W	49876	107711	0
W	23177	359	0
W	93984	7052	2
W	71256	82920	0
W	33047	16779	3
W	41786	7743	0
W	51200	13632	4
W	26792	9116	3
W	39282	183105	3
W	32340	9152	0
W	41227	1053	3
W	51758	2580	0
W	14050	18037	0
W	75236	2056	0
W	38958	73244	5
W	87733	2477	0
W	90242	2108	0
W	53049	186763	0
W	61657	7527	0
W	101191	1355	0
W	56779	4941	0
W	57597	2519	0
W	107450	8401	0
W	33735	32091	0
W	39052	60759	0
W	63562	5554	0
W	53439	413	0
W	139301	2144	0
W	22479	111999	0
W	14059	8	0
W	141459	124	0
W	127833	2382	3
W	139657	1560	0
W	44582	4787	0
W	20589	1277	0
W	121006	5849	0
W	66588	82284	0
W	14062	20057	0
W	121979	4237	0
W	31255	7258	0
W	67343	14932	0
W	100968	6230	0
W	127760	58	0
W	53970	10113	0
W	80519	5306	0
W	60671	6604	1
W	35464	22716	0
W	69839	920	0
W	46002	5522	0
W	40307	216433	0
W	56381	2267	0
W	26291	673	3
W	147127	2593	2
W	46199	391622	5
W	29353	540461	6
W	37536	9220	3
W	25822	90955	3
W	136066	5588	0
W	60786	6213	0
W	52070	5728	2
W	70219	25894	0
W	32441	17790	0
W	112990	1616	0
W	55157	1254	0
W	73235	116028	0
W	14066	12532	0
W	45271	38594	0
W	14069	1598	0
W	73571	1156	0
W	67329	26635	4
W	129399	21151	0
W	79362	8603	3
W	74822	39067	0
W	59707	51090	0
W	127757	8346	0
W	25738	1141	3
W	32000	54881	0
W	36875	213101	0
W	45280	32540	0
W	129334	54519	0
W	66161	24829	0
W	55074	1877	0
W	14075	2896	0
W	72485	1603	0
W	124528	10201	0
W	70470	428	0
W	44846	1715	0
W	140416	889	1
W	60903	5443	0
W	90076	3891	0
W	101913	9597	0
W	42823	132310	0
W	48918	1210	0
W	14079	592144	0
W	59324	6122	0
W	73008	1348	0
W	31908	11793	0
W	119183	1702	0
W	14083	149305	0
W	14084	499	0
W	34634	91961	0
W	76919	90858	0
W	121980	1017	0
W	73895	694	0
W	31183	907	0
W	72654	1350	0
W	23474	436	4
W	63942	32005	0
W	160578	2286	0
W	84258	891	0
W	42315	9874	0
W	42586	1795	0
W	53984	10459	0
W	46476	35038	0
W	14096	65677	0
W	46755	19211	0
W	139512	4361	0
W	65828	274819	0
W	62784	56925	0
W	94715	123	0
W	28241	110008	0
W	65307	162768	0
W	36864	134710	0
W	43984	74924	0
W	136501	69	0
W	65285	7419	0
W	14103	722559	0
W	52410	10955	0
W	14105	1910985	6
W	33019	55004	0
W	76636	33081	0
W	26269	122035	0
W	67413	552	0
W	35687	94323	0
W	33513	9808	0
W	67995	45455	0
W	40236	66810	0
W	42993	3807	0
W	59271	9128	0
W	43843	1052	0
W	14113	941748	5
W	121391	600	0
W	165021	13647	3
W	20834	5605	0
W	68438	8358	0
W	20611	49028	0
W	134071	13908	4
W	106880	436	0
W	38923	5009	0
W	46171	32255	0
W	34759	24662	0
W	66491	157475	0
W	108593	42192	0
W	33978	54860	0
W	61440	18189	0
W	80018	16196	4
W	14123	3373	0
W	107757	763	0
W	54612	67837	0
W	70068	3307	0
W	32216	36789	0
W	55672	7711	0
W	65384	1932	0
W	124929	11176	0
W	14128	3912	0
W	64627	99517	0
W	41820	5060	0
W	26734	50693	2
W	63843	12274	0
W	56098	108591	0
W	57764	12696	2
W	14131	12152	0
W	103960	24506	0
W	21408	21255	0
W	44129	10143	0
W	43985	27826	0
W	121382	83778	0
W	87069	3026	0
W	30535	146515	0
W	33415	291126	0
W	23156	282251	4
W	64261	14452	0
W	23341	86	0
W	75518	16069	0
W	52001	12629	0
W	20311	4061	3
W	124763	2692	0
W	66413	5706	0
W	49410	3804	0
W	160867	5207	0
W	48989	2636	2
W	20522	110285	5
W	91396	874	0
W	46499	2934	0
W	24929	350526	0
W	41972	2541	1
W	67262	273	0
W	77939	35362	0
W	14142	71068	5
W	20939	312842	0
W	100153	5412	0
W	14143	5093389	6
W	46040	14456	0
W	75746	9330	1
W	14147	80231	0
W	147445	187	0
W	143022	5808	0
W	22480	13621	0
W	52453	5591	0
W	70854	27255	4
W	14153	1792603	5
W	25773	21906	4
W	64907	79778	0
W	71283	3772	0
W	53389	18410	0
W	93267	8836	0
W	161285	9991	0
W	61461	522	0
W	57155	23307	3
W	164514	13	0
W	14160	822	0
W	30992	6552	3
W	57591	25848	0
W	100674	17227	0
W	46915	20812	0
W	14164	995	0
W	92074	13704	3
W	52542	1601	0
W	71674	547	0
W	84013	26553	0
W	39989	36832	4
W	37996	13938	0
W	33678	1476	0
W	21777	12099	4
W	35323	10317	0
W	14174	41992	4
W	108425	11206	0
W	30669	26135	0
W	39990	564980	0
W	14177	3037	0
W	157456	116	0
W	48301	8405	4
W	45314	5208	0
W	23099	176961	4
W	58044	2206	0
W	36443	2150	0
W	63298	23524	0
W	120476	13027	0
W	65233	165	0
W	36728	9784	0
W	14184	14013	0
W	57015	20439	3
W	59243	23616	0
W	135806	13654	4
W	47094	60162	0
W	64942	1602	4
W	64027	26344	0
W	43724	36859	4
W	14186	4030	3
W	14189	311724	4
W	42438	32092	0
W	96436	2073	0
W	145945	785	0
W	31862	18319	0
W	26620	40051	0
W	54065	1714	2
W	87202	100	0
W	66086	824	2
W	73584	262	0
W	74743	111833	2
W	72447	56883	3
W	20204	61777	0
W	165122	73	0
W	14195	975498	5
W	130517	7682	0
W	115171	677	0
W	14198	30927	0
W	20650	18569	0
W	20312	182306	4
W	84249	618	0
W	58368	1533	0
W	75396	5885	2
W	57343	7334	4
W	14206	743293	2
W	14208	498131	0
W	14210	19547	0
W	67193	12310	0
W	33254	6313	0
W	23033	2889	0
W	41705	127719	0
W	39615	9443	0
W	46530	4281	3
W	81477	7942	0
W	29223	7502	0
W	155381	1190	0
W	53182	10034	0
W	14215	4073865	7
W	29177	42314	0
W	115207	6718	0
W	40404	68335	4
W	57578	23146	0
W	59862	73100	0
W	114819	3114	0
W	37866	84694	0
W	33816	63625	0
W	126923	4061	0
W	41417	13922	0
W	68145	4175	2
W	34590	31471	3
W	55273	2433	3
W	32039	484477	0
W	71849	6573	0
W	40336	3577	0
W	75182	112632	0
W	121392	1418	0
W	14230	13056	0
W	48565	69949	0
W	139993	4961	0
W	76574	248170	0
W	14231	908	0
W	36192	272635	0
W	53360	4082	0
W	79531	3748	0
W	23234	96025	0
W	33077	3713	0
W	14236	8868	0
W	25739	91612	0
W	14240	216954	0
W	14241	35237	0
W	54526	534996	0
W	89736	9469	1
W	14245	1419	0
W	14247	366	0
W	55351	33816	0
W	68365	4253	0
W	14250	6411	0
W	38689	58981	1
W	43480	1106	0
W	54527	66693	0
W	26709	66845	3
W	159416	1537	0
W	28135	15509	0
W	38273	33341	0
W	75556	5986	0
W	14254	5078	4
W	71556	1211	0
W	49586	639	0
W	75325	4263	0
W	32290	33948	0
W	49120	3579	0
W	107579	2843	0
W	41312	230995	5
W	101304	151	0
W	20995	4700	3
W	14256	15865	0
W	21337	158277	0
W	86148	648	0
W	20835	118054	0
W	14257	16706	0
W	153662	2046	0
W	38967	189622	0
W	48951	384	0
W	68822	54	0
W	75162	995	0
W	52392	6792	3
W	66396	36280	0
W	60607	10432	0
W	40042	97383	0
W	38675	84745	0
W	102065	16390	0
W	20926	213474	0
W	14264	286285	0
W	20996	318340	0
W	32291	105361	0
W	110774	2152	0
W	77885	60971	0
W	138369	2031	0
W	77911	129002	0
W	147816	817	4
W	119555	6828	0
W	71803	72401	4
W	14271	34556	0
W	45995	37089	0
W	65490	2727	0
W	77376	31857	0
W	152218	1434	4
W	130053	1093	0
W	133805	8963	3
W	14278	17615	0
W	14280	52200	0
W	58142	20182	0
W	14281	4813	0
W	73204	2243	0
W	32001	167234	3
W	43497	62685	0
W	61275	24759	0
W	78597	18135	0
W	23476	1071	0
W	55942	40039	0
W	91638	12308	0
W	77605	29218	0
W	31758	36868	0
W	90431	17533	0
W	29636	61545	0
W	54215	29677	0
W	39191	5803	2
W	33255	10750	0
W	14294	3768	4
W	26329	218005	0
W	38213	98906	0
W	36818	57360	2
W	40277	70317	0
W	78490	108645	0
W	14297	120083	0
W	14298	1972883	0
W	31794	215777	0
W	49722	20481	0
W	121364	2734	0
W	21529	46258	0
W	61804	17390	0
W	31888	10631	0
W	139180	40	0
W	95190	4028	0
W	46850	454	3
W	81313	37153	0
W	73969	115235	0
W	149771	58	0
W	54918	2028	0
W	108646	932	0
W	46786	31505	0
W	103645	2729	0
W	22052	1871	3
W	39153	138022	0
W	14308	2310472	0
W	47842	14460	0
W	146261	1416	0
W	55013	21311	0
W	14311	244544	0
W	14313	285934	6
W	66065	19729	0
W	21167	74556	4
W	57774	65378	3
W	20706	365776	0
W	22053	1095	3
W	120477	2517	0
W	49877	83764	0
W	44890	21679	0
W	14321	657	0
W	57719	2825	3
W	63766	7570	0
W	39547	1580	0
W	21115	112969	0
W	52035	4009	0
W	36444	15527	0
W	128094	6281	0
W	168348	234	0
W	35653	919	0
W	69861	4443	0
W	128072	996	0
W	104202	1364	0
W	36232	23920	0
W	72251	14115	0
W	63327	1642	0
W	131976	8432	0
W	160542	578	0
W	14325	307478	6
W	86291	11819	0
W	14327	12082	0
W	14328	357	0
W	14329	3327	0
W	20474	182747	4
W	121479	3159	2
W	14330	354611	0
W	64102	87443	0
W	143884	126	0
W	54518	84012	0
W	84078	13773	0
W	138363	1263	0
W	77102	43536	0
W	80456	24162	0
W	39283	18395	0
W	88451	5533	0
W	42042	12412	0
W	39562	105736	0
W	77223	29064	0
W	39145	13947	0
W	56864	12265	0
W	130680	1309	0
W	14335	666	0
W	37429	11115	3
W	41244	55765	0
W	49401	34490	0
W	64422	9688	0
W	154015	35493	0
W	66637	4505	1
W	30489	2766	0
W	14338	45372	0
W	58594	14946	0
W	110068	3744	0
W	33020	17692	0
W	132194	736	0
W	62858	10775	0
W	115699	247	1
W	74039	49401	6
W	69183	12828	0
W	35241	158	0
W	115676	98	1
W	70231	49065	0
W	38973	15380	0
W	33614	67960	0
W	63212	48173	0
W	50716	3474	0
W	62547	8554	0
W	68085	8196	0
W	20205	39630	5
W	14346	183	0
W	97033	50105	0
W	58478	872	0
W	82783	9100	0
W	113402	8314	0
W	44260	36443	4
W	63162	915	0
W	127790	41	0
W	14353	3852	0
W	32577	1766	0
W	73982	49308	0
W	36465	49652	0
W	67632	8145	0
W	80173	9919	0
W	152216	585	0
W	72014	1592	0
W	122925	125	0
W	40380	9927	0
W	14357	50239	4
W	73758	55900	0
W	147754	15218	1
W	118590	10630	0
W	54707	33392	0
W	14360	20760	0
W	95191	2875	3
W	115508	8307	0
W	128024	3517	0
W	125557	6426	0
W	39309	70436	4
W	69222	2468	0
W	67501	2002	0
W	14363	2006	0
W	14364	559630	0
W	51289	7805	0
W	82362	23802	0
W	22775	677	0
W	49517	20395	0
W	34760	91412	0
W	123406	749	0
W	71851	15685	3
W	23479	94	1
W	146801	858	0
W	70024	32580	0
W	33645	17210	0
W	70875	5995	2
W	36770	656	0
W	33768	163925	0
W	40062	4873	4
W	14367	6205	0
W	43725	45957	0
W	14369	1612	0
W	85442	8713	0
W	39393	15342	0
W	52091	481	0
W	14375	1572	0
W	72717	7860	2
W	56501	773	0
W	63937	47557	0
W	145173	14	0
W	55738	6950	0
W	108322	379	0
W	55820	10511	0
W	41109	25143	0
W	33679	89317	0
W	96126	10297	0
W	14380	3031663	6
W	58223	5021	0
W	55713	18025	3
W	42727	661	0
W	91623	22264	0
W	41513	2149	0
W	93900	20193	0
W	37165	8490	3
W	90078	3413	0
W	14388	1007676	0
W	14389	120430	5
W	20707	187733	0
W	14391	89841	5
W	14392	46760	0
W	25002	1341	0
W	14393	4435	4
W	30701	39093	4
W	26768	236374	0
W	14394	482	0
W	68559	27188	0
W	28447	116693	0
W	77053	340499	5
W	14401	594891	0
W	57287	20344	3
W	14404	34471	0
W	149945	4495	3
W	44661	6397	0
W	55599	9763	0
W	57106	43242	0
W	51051	13465	0
W	40050	13807	0
W	75429	8	0
W	39616	111849	0
W	14411	3134	0
W	105600	1413	0
W	14413	28365	0
W	69856	19724	0
W	20407	140537	0
W	48171	12924	0
W	127571	3184	2
W	59828	35264	0
W	52158	118756	4
W	141689	3082	3
W	78130	10850	0
W	14421	39335	0
W	44850	99642	0
W	69538	113	0
W	70761	21661	0
W	37867	46064	0
W	22054	273	0
W	65780	3644	4
W	32217	79677	0
W	14425	100299	0
W	22055	1880	0
W	32462	2482	1
W	73408	2946	0
W	53302	28848	0
W	58353	883	0
W	50827	12374	2
W	77912	15598	2
W	85222	417	0
W	75196	10444	0
W	14432	337588	0
W	41739	1776	0
W	14433	413	0
W	45739	15275	0
W	14435	11109079	0
W	53497	247173	0
W	14438	34590	0
W	59794	1054	4
W	14439	1100	2
W	107118	3305	0
W	20785	10186	0
W	40625	18333	3
W	111518	7369	0
W	55694	33198	4
W	127827	1172	0
W	21778	8011	0
W	48461	2054	2
W	62776	171	3
W	51107	20623	0
W	51143	12206	0
W	130125	648	0
W	95439	13753	0
W	14445	460	0
W	21267	11983	3
W	26356	59724	0
W	60428	2912	3
W	53338	3198	0
W	57267	1788	0
W	151044	4560	1
W	14448	583109	6
W	14449	395594	0
W	60358	4765	0
W	107460	1574	0
W	37101	3305	0
W	63595	30984	3
W	37440	27079	0
W	77224	18234	0
W	22777	1368	3
W	14450	4120	4
W	52330	36854	0
W	106881	1283	0
W	53362	148	2
W	14454	27128	0
W	149224	323	0
W	37701	138771	0
W	14456	180606	0
W	14457	1512	0
W	92764	2377	0
W	33756	109337	3
W	128130	32023	3
W	49323	504	4
W	53614	141438	0
W	56555	5377	0
W	51052	20005	0
W	14460	13232	0
W	65057	4089	0
W	158400	1140	3
W	122033	1709	0
W	100190	768	0
W	75679	7522	0
W	97290	1097	0
W	36328	23013	0
W	153849	135	0
W	95137	15994	0
W	47333	56593	0
W	42824	169709	0
W	14467	1360335	5
W	40737	4952	4
W	23343	1210	4
W	37154	60035	0
W	33381	27753	0
W	49937	3215	0
W	75224	8247	0
W	29654	25407	0
W	70429	37986	0
W	105225	7785	0
W	38822	761462	0
W	14474	7482	0
W	145238	2486	0
W	61252	794	0
W	56223	68363	0
W	21116	75879	0
W	49637	50708	0
W	14478	37531	4
W	151251	5	0
W	73586	7598	0
W	50357	4527	0
W	29204	3442	3
W	14479	76792	0
W	36710	40360	0
W	35703	2841	0
W	32147	15084	2
W	21478	145358	0
W	39577	65612	0
W	42728	48748	0
W	72554	3325	0
W	150376	8305	0
W	52227	80842	3
W	165799	567	0
W	68814	23673	0
W	14482	11011	0
W	86193	338	0
W	44505	4735	0
W	131208	41736	0
W	63974	187936	0
W	133796	3648	0
W	63340	30999	0
W	111551	167	3
W	14484	11094	0
W	64720	44039	0
W	26330	86549	0
W	134768	1625	0
W	112671	2207	0
W	65703	10906	0
W	59009	59947	0
W	121626	19910	0
W	40554	386	0
W	28242	63454	0
W	79939	6931	0
W	52612	9352	0
W	14487	1383195	5
W	122210	16758	0
W	114741	24453	0
W	43582	332892	0
W	22779	2923	4
W	14489	88534	0
W	73740	34955	0
W	64674	9137	0
W	61540	36581	0
W	44515	10153	0
W	33209	25362	0
W	23480	2758	0
W	66669	1023	0
W	117045	31016	0
W	24951	83127	0
W	165260	12771	3
W	47636	27900	0
W	39087	15927	0
W	28078	67389	0
W	113820	2401	0
W	55292	4786	0
W	42574	118933	0
W	60156	2332	3
W	55406	94737	0
W	14496	477	0
W	70244	165053	0
W	98062	86944	0
W	65058	78939	0
W	110360	4969	0
W	115067	2423	0
W	30579	6478	0
W	37362	25114	0
W	58361	192614	0
W	14501	407814	0
W	37685	29562	0
W	14502	41264	0
W	28079	66314	5
W	58369	1021	0
W	50762	43585	0
W	14509	3963	4
W	33993	40014	0
W	20523	488839	0
W	32080	21135	0
W	32341	54109	0
W	26840	2032	0
W	57880	14462	0
W	76128	5267	0
W	113821	5235	0
W	80748	6353	0
W	14512	1094191	0
W	20524	17584	0
W	70397	141495	0
W	71079	53609	2
W	43761	7947	0
W	31081	65045	0
W	61124	136876	0
W	32599	6349	2
W	58024	14112	0
W	65679	9413	0
W	50731	132144	0
W	128773	1	0
W	20590	65756	0
W	14516	687103	5
W	51954	2963	4
W	37856	2816	0
W	117950	21507	0
W	42794	10068	0
W	58754	129949	0
W	41815	35322	0
W	33086	22049	0
W	61387	2184	0
W	22284	242682	0
W	25972	30163	2
W	125112	2114	3
W	56812	1091	0
W	70326	1224	0
W	51650	51776	0
W	14525	74686	0
W	86073	9055	0
W	43296	6048	0
W	14528	78616	0
W	42499	78712	0
W	14529	128609	4
W	40114	20271	4
W	14532	162982	5
W	44859	30075	0
W	97248	10374	0
W	121404	1374	0
W	67982	14152	0
W	113822	6641	0
W	92922	611	1
W	107196	4339	0
W	61545	8103	0
W	41539	154958	0
W	52953	3465	0
W	43835	35124	0
W	100346	20441	0
W	39431	8688	0
W	21380	34138	0
W	87660	2078	0
W	139513	1743	0
W	63735	69	0
W	126397	4149	0
W	22373	102843	0
W	32342	11722	0
W	166838	1148	0
W	55637	94655	0
W	41331	51064	2
W	134919	782	0
W	53701	82045	0
W	100154	19399	0
W	128171	367	0
W	131168	12014	0
W	114797	1019	0
W	14544	364175	5
W	55142	1141	0
W	14545	259599	0
W	58323	88811	0
W	127834	17880	0
W	60921	1296	0
W	71864	54781	0
W	55874	156468	0
W	47893	219896	0
W	59232	3014	0
W	33183	6522	1
W	36669	11290	0
W	28169	48111	0
W	122432	818	0
W	14556	36729	0
W	14557	2979	0
W	14558	4871	0
W	105511	169	0
W	66919	876	0
W	29117	48565	0
W	51546	22179	0
W	36179	77021	0
W	36737	362615	0
W	53155	63573	0
W	131849	18682	4
W	68372	4311	0
W	33940	3397	2
W	72659	27637	0
W	85492	6415	0
W	160689	2269	0
W	59999	26369	0
W	14564	875	1
W	132578	1822	0
W	50535	1238	3
W	75557	11381	0
W	33852	44797	0
W	108594	28541	0
W	24858	941	0
W	147090	6270	1
W	14569	2725	0
W	73225	1961	0
W	54445	5025	0
W	78936	17597	0
W	29655	15995	0
W	81087	13804	0
W	39078	1626	0
W	14570	9437	0
W	77265	52066	0
W	38985	44653	4
W	14572	22397	0
W	50691	68392	4
W	14573	10764	0
W	21338	204067	0
W	37771	21130	0
W	35368	16051	0
W	156596	6350	0
W	82708	2941	0
W	49723	6336	4
W	57605	20755	0
W	14580	4562	0
W	20837	8548	0
W	165871	297	4
W	141230	13604	0
W	20408	27997	4
W	150465	161	2
W	14584	2108792	5
W	62700	4939	0
W	71818	67610	4
W	105513	296	0
W	14588	5163175	6
W	73805	3916	3
W	64811	4168	0
W	71959	1735	0
W	45802	36352	4
W	157768	80	0
W	59572	52	0
W	14596	126182	0
W	80051	16306	0
W	62494	63220	0
W	108897	52617	0
W	59386	6576	0
W	160200	4003	0
W	14601	63	0
W	47038	52723	0
W	36484	97675	0
W	162185	2795	1
W	40489	62297	4
W	136659	1480	1
W	36778	3835	4
W	65808	8863	0
W	79940	15052	0
W	14605	3966	0
W	54732	2307	0
W	132382	2263	1
W	80749	25543	0
W	32631	41459	0
W	45331	5160	0
W	14612	1584	3
W	65642	2587	3
W	14614	25188	3
W	150650	673	4
W	39132	6664	0
W	14616	221404	5
W	43283	38066	0
W	131619	13388	0
W	75667	17506	0
W	73796	4838	0
W	21630	19680	0
W	46058	50565	0
W	95440	3898	0
W	122248	1130	2
W	29873	1861	0
W	29205	210302	5
W	14620	637563	0
W	14622	1144	0
W	84279	5385	4
W	14623	4603	0
W	63344	8857	4
W	36819	4608	2
W	14629	3463255	5
W	62877	80093	0
W	25793	8770	0
W	65153	16702	0
W	42707	41051	0
W	160870	30269	5
W	94035	8945	0
W	63923	13640	0
W	36959	2855	0
W	120725	165	0
W	54328	6453	0
W	62296	3096	0
W	127809	2507	0
W	62099	1474	0
W	21576	22797	3
W	36445	11405	0
W	105558	28119	0
W	54446	22150	0
W	55025	4969	0
W	30585	291613	0
W	14639	185	0
W	159628	4562	3
W	21239	62307	5
W	41215	67370	0
W	77435	55610	0
W	20409	89501	4
W	14643	105156	0
W	20708	1320	0
W	70018	14341	0
W	100332	13820	0
W	124826	10662	0
W	14646	3237183	0
W	39192	29974	5
W	107758	774	0
W	14647	1210	0
W	14648	7764866	5
W	49402	304268	5
W	20786	63623	3
W	33697	18318	5
W	14652	9823	4
W	71361	3261	0
W	52750	206204	0
W	52165	12823	4
W	33994	51515	0
W	50763	35874	4
W	14656	21797	4
W	117807	2183	0
W	48977	22782	3
W	46805	24783	0
W	164795	1435	3
W	83535	8668	0
W	59618	36630	3
W	61702	15823	0
W	14658	7171	0
W	61619	33048	0
W	118231	5733	0
W	40738	10562	0
W	14659	609	2
W	141929	160	0
W	79169	38393	0
W	39694	53150	0
W	45959	172265	0
W	41528	9187	0
W	45940	840	0
W	58499	2453	0
W	53440	356	0
W	33491	5052	5
W	14664	8405	0
W	74278	7650	0
W	63988	59965	4
W	36243	57024	0
W	20870	206495	0
W	28303	883	0
W	62202	19208	0
W	52940	65258	4
W	14668	74230	4
W	52369	4484	0
W	45013	4226	0
W	37857	27995	0
W	132260	458	0
W	73416	2858	0
W	48284	44529	0
W	20961	34844	0
W	60133	53320	0
W	28277	62670	0
W	32355	7332	0
W	78900	10003	0
W	55437	9690	0
W	14675	8031609	0
W	14676	6870	0
W	157001	48	0
W	62052	43147	0
W	31734	13196	3
W	42852	46311	0
W	75035	161787	0
W	128004	2593	2
W	14681	2310646	4
W	127758	911	3
W	71213	36663	0
W	39284	14505	0
W	71449	30292	0
W	14683	14904	0
W	58737	24047	0
W	41569	13262	3
W	64721	4837	0
W	14685	7592	0
W	51067	11572	0
W	52924	14550	0
W	49979	2260	0
W	39068	163150	0
W	151502	3925	0
W	72660	60907	0
W	14689	6054	0
W	83751	3158	3
W	20750	225791	4
W	40278	49750	2
W	37430	15072	0
W	20591	7579	4
W	37235	2866	0
W	51027	2305	0
W	37714	39850	0
W	36643	72111	0
W	20940	480522	5
W	21631	23310	0
W	33769	149964	0
W	54504	9361	0
W	49048	4061	0
W	74016	7620	0
W	32202	193509	0
W	26376	46701	4
W	54321	47318	0
W	23037	2035	0
W	63160	4931	0
W	14703	19312	0
W	45475	719	0
W	29993	82894	3
W	44098	3141	0
W	50358	9548	0
W	39367	3587	0
W	131620	2561	0
W	14712	986963	5
W	67832	43301	0
W	14714	51762	0
W	126551	1864	3
W	65205	10988	1
W	59049	19914	0
W	14719	61555	0
W	45347	1097	0
W	114935	4429	0
W	20525	21133	0
W	46029	45554	4
W	14722	97104	0
W	59627	10781	5
W	75565	567	0
W	40511	89434	4
W	55380	23737	0
W	14724	96155	0
W	149701	2732	1
W	50267	2327	3
W	55912	11679	0
W	14725	15768	0
W	60096	841	0
W	75360	15	1
W	121104	6596	0
W	75288	1394	0
W	52005	4657	0
W	73086	6901	0
W	128463	152	0
W	67025	75483	0
W	66948	4114	0
W	57073	31116	0
W	14732	4259	0
W	53998	81650	0
W	44011	6044	0
W	158035	1949	0
W	22482	157449	0
W	14734	4932	0
W	48750	573	0
W	79130	140702	0
W	44444	222261	0
W	90536	2136	0
W	65683	17191	0
W	39022	29771	0
W	24835	42507	4
W	82586	6718	0
W	29582	17032	0
W	63709	41674	0
W	60880	636	2
W	60563	12674	0
W	51900	17584	4
W	50359	70	0
W	55572	93269	0
W	36426	429	0
W	122854	1320	0
W	38900	2432	0
W	41816	2469	3
W	35477	33220	0
W	69722	2528	0
W	58907	80944	0
W	76530	72239	0
W	75609	2136	0
W	30580	14951	0
W	28418	4602	2
W	37575	2314	0
W	55561	45923	0
W	49324	8222	0
W	22058	1810	0
W	57016	138742	0
W	14757	41332	0
W	111225	2759	0
W	58664	13743	3
W	29823	52979	0
W	64162	106608	0
W	128081	5680	1
W	128249	3889	0
W	128025	1830	0
W	14763	1956	0
W	49405	3318	0
W	130518	6346	0
W	21690	705	0
W	63203	130510	0
W	75341	4596	0
W	75269	20487	0
W	114248	34749	4
W	103288	20821	0
W	23485	3548	4
W	69527	1269	0
W	31784	41680	0
W	73308	270839	0
W	59022	7461	3
W	32979	20746	0
W	14772	67222	0
W	127214	21646	0
W	67200	10507	0
W	40390	159102	0
W	60802	9124	0
W	62261	3756	4
W	22428	2475	2
W	14776	116691	0
W	29772	2323	3
W	48598	159113	3
W	49598	245292	0
W	148206	8978	0
W	56853	1005	0
W	65885	2017	1
W	32600	3185	0
W	70862	11765	0
W	26710	20647	0
W	20997	76372	5
W	54173	28993	0
W	14780	226682	0
W	20356	20258	1
W	65570	4553	0
W	63301	9616	2
W	58003	6249	0
W	14781	47824	0
W	44759	21560	0
W	70787	8023	0
W	50803	146219	3
W	36427	154195	0
W	44935	1448	3
W	14786	1413768	6
W	71031	140630	0
W	152364	15507	2
W	34591	11585	4
W	14788	13874	0
W	44475	408	0
W	113539	3055	0
W	138718	4596	0
W	33053	14775	0
W	57067	628	0
W	103259	682	0
W	38472	3344	0
W	74425	5263	0
W	54665	25328	0
W	46977	23406	0
W	25719	217072	0
W	140594	1883	0
W	124522	9740	0
W	127516	7904	0
W	53441	325	0
W	14800	1383221	6
W	66066	157913	0
W	14801	510090	0
W	133855	1898	0
W	51290	4301	0
W	37568	1239	0
W	14803	56675	3
W	14804	2390	0
W	65429	380	0
W	58605	1403	0
W	62163	5636	0
W	14806	652	2
W	48154	84931	4
W	37537	336990	3
W	14807	6633	0
W	127080	7446	0
W	137374	1824	0
W	49187	80618	4
W	74407	3248	0
W	41866	1398	0
W	101981	1014	0
W	26331	316208	4
W	46787	42126	0
W	33770	79239	3
W	14815	177312	0
W	71058	4692	0
W	48606	228607	0
W	119239	694	0
W	60463	248223	0
W	66468	7651	0
W	59418	5759	0
W	100269	6651	0
W	14818	13541816	7
W	62674	9365	0
W	69653	9736	0
W	39417	3372	0
W	75057	51458	0
W	40187	2283	3
W	37339	33559	0
W	55501	37782	0
W	148272	2465	0
W	14823	702261	0
W	31910	90188	0
W	28346	746	0
W	111519	2856	0
W	14826	455787	0
W	14828	12691	0
W	38504	6800	0
W	83112	886	0
W	66106	20353	0
W	45115	104774	0
W	24836	57890	0
W	72894	690	0
W	88131	1889	0
W	21168	31606	3
W	94583	255	0
W	39745	2351	0
W	62785	2112	0
W	35478	53363	4
W	126227	40	3
W	31028	14522	3
W	62729	74575	4
W	36193	12024	0
W	45282	174153	0
W	20787	115735	4
W	29637	83825	0
W	28473	181756	0
W	20357	101268	0
W	59764	8447	2
W	66031	1686	0
W	83426	11394	0
W	26736	74895	0
W	14841	3420	0
W	14844	1020018	0
W	66039	19007	0
W	65253	40599	0
W	66920	15760	0
W	68452	2921	0
W	64092	6388	0
W	83719	3679	3
W	60904	8890	0
W	84357	4872	0
W	63454	31132	0
W	75450	601	0
W	65809	5744	0
W	62404	83066	0
W	14853	33178	5
W	14854	11096030	6
W	43975	4682	0
W	61933	1994	0
W	156200	1075	2
W	38009	45680	4
W	32980	50615	0
W	75124	149	0
W	53765	2099	0
W	51145	5317	0
W	70130	2432	0
W	128152	10866	4
W	68373	25079	0
W	57799	13381	0
W	119766	18056	0
W	62993	50159	0
W	165629	69	3
W	65951	442	0
W	37061	4301	0
W	35751	12448	0
W	129932	6594	3
W	83658	13500	0
W	70594	36157	0
W	36199	24506	0
W	84975	7030	0
W	29824	120701	0
W	51955	12336	0
W	14866	1201597	5
W	38810	65041	0
W	57975	3964	0
W	24892	1964	0
W	14868	147483	5
W	119844	23530	0
W	166195	1019	5
W	73042	3143	0
W	128964	13824	2
W	112526	14052	0
W	75527	1646	0
W	47454	40775	0
W	43136	78460	0
W	123275	5915	0
W	75143	10304	0
W	144692	366	3
W	73191	26	0
W	39600	6942	0
W	36607	4844	0
W	55075	21949	0
W	73192	119	0
W	21381	17922	0
W	64306	96	3
W	32934	23443	0
W	58186	49987	0
W	61327	17846	0
W	14877	392	0
W	72908	8292	0
W	75457	6939	0
W	73543	45497	0
W	52026	1948	0
W	121562	1449	0
W	126079	4036	0
W	37193	22329	0
W	38708	45703	0
W	14880	562919	0
W	25740	144664	5
W	20998	51065	2
W	53364	5681	0
W	25741	81475	0
W	14885	1377720	5
W	40532	47451	0
W	83235	6785	0
W	58004	74950	0
W	14890	2651381	6
W	113071	272	0
W	20410	12276	0
W	52798	10389	0
W	36200	9953	1
W	60922	53936	0
W	55996	57269	0
W	40051	72240	0
W	42430	1097	4
W	77940	41189	0
W	145784	82	0
W	138936	5133	0
W	68234	10897	0
W	54653	282345	0
W	29178	119513	0
W	28419	37099	4
W	49108	14506	0
W	75474	3262	4
W	82941	2344	0
W	22375	114088	0
W	64938	17330	0
W	36903	235284	0
W	35150	74467	0
W	35672	38778	0
W	14906	638267	0
W	76870	91499	0
W	121931	42902	0
W	77853	130556	0
W	41122	8482	4
W	29903	198426	0
W	14909	53836	0
W	39761	9280	0
W	78751	107115	3
W	94036	603	1
W	14911	4115	0
W	14912	978321	4
W	14913	144669	0
W	87800	8157	0
W	108323	1557	0
W	14914	1470963	0
W	69378	5640	0
W	33441	18482	0
W	14915	22021	0
W	70972	6301	0
W	66686	4524	0
W	14917	1675	0
W	52454	7508	0
W	73091	21548	0
W	42428	10590	4
W	151983	7390	0
W	134941	2056	0
W	14920	3402	0
W	14921	129857	3
W	14922	4817	0
W	112690	29002	0
W	39053	80242	0
W	14924	788138	0
W	31981	11251	0
W	67882	424	0
W	39829	146667	3
W	104021	579	0
W	20838	103442	4
W	87661	2126	0
W	44502	87418	0
W	120849	1332	0
W	132326	6245	0
W	73385	1699	0
W	68181	1913	0
W	14929	866817	0
W	35608	2381	0
W	42205	7605	0
W	35609	3432	0
W	56456	29078	0
W	125890	211	0
W	76975	29679	0
W	30743	10430	4
W	63815	16719	2
W	43858	24945	0
W	23038	7505	0
W	54124	67103	0
W	42746	2630	4
W	70199	1245	0
W	86684	16509	0
W	151253	1223	2
W	42466	4931	4
W	14938	11735	0
W	59150	77855	0
W	29091	11249	3
W	68652	862	0
W	32269	6557	0
W	72429	116609	0
W	21240	132542	3
W	14941	9905	3
W	44496	4793	2
W	42115	1177	0
W	40540	4864	0
W	55821	54257	4
W	14943	2423953	5
W	14944	5399	0
W	54562	61405	0
W	14946	20945	0
W	14947	3264	3
W	79981	18433	0
W	31298	1145	0
W	32621	2362	0
W	63345	139870	0
W	167923	165	0
W	14950	1658171	0
W	68245	7647	4
W	62682	450546	0
W	58519	7330	2
W	63798	590	0
W	118591	527	0
W	14954	341	2
W	38308	521350	3
W	45919	70526	0
W	32081	141244	1
W	54520	4598	0
W	37194	62160	0
W	14956	710	0
W	121778	4548	0
W	14958	580	0
W	145728	26469	0
W	65147	129	3
W	14961	59193	0
W	49693	37758	0
W	41055	5462	0
W	44284	2251	0
W	14962	301007	4
W	133432	2600	3
W	97412	16332	0
W	162792	1280	0
W	52776	5135	0
W	14966	1070	0
W	52228	3843	0
W	14967	714	0
W	38309	20734	0
W	14969	288728	0
W	68495	5830	0
W	31221	105536	0
W	14979	7176	0
W	36154	4544	0
W	104924	3133	0
W	14983	5020	0
W	22062	1518	4
W	39378	22372	5
W	91875	530	0
W	60075	11180	0
W	20908	231246	0
W	42708	170463	3
W	111801	669	0
W	21242	233746	0
W	14989	26396	1
W	61815	42016	0
W	48488	5439	0
W	21169	82506	0
W	39454	12231	0
W	64621	31464	0
W	33148	6050	0
W	44513	5280	0
W	56061	12591	0
W	66499	3073	0
W	30623	285643	0
W	111186	2067	0
W	52762	306767	3
W	45332	1441	0
W	31953	10636	3
W	14996	3356	0
W	39471	308424	0
W	51809	5243	4
W	81985	1928	0
W	85224	2279	0
W	129455	3877	0
W	25849	199311	0
W	51258	21101	0
W	63013	33390	0
W	41630	10658	0
W	15001	5426780	0
W	128007	2622	0
W	99958	2027	0
W	26666	13185	4
W	36164	5535	2
W	20592	207788	0
W	15004	105908	0
W	112544	2077	0
W	128082	15908	0
W	92550	1098	0
W	37320	18340	0
W	53188	44832	3
W	15009	490	0
W	54132	21290	0
W	55601	2465	0
W	36369	12460	0
W	47638	8375	0
W	15013	637	2
W	56035	175478	4
W	15016	138	0
W	62032	41047	4
W	112812	7839	0
W	102353	12893	0
W	24930	97107	0
W	26842	92179	0
W	15020	609	0
W	15022	155426	5
W	99250	11904	0
W	141850	5204	0
W	158077	980	0
W	15023	367687	0
W	15024	992262	0
W	15025	9918	0
W	107913	2886	2
W	77608	4963	2
W	129615	34	3
W	137756	6837	0
W	15027	4252	0
W	67019	8163	0
W	97798	3991	0
W	66648	34049	3
W	134077	9937	0
W	52732	128913	0
W	65816	1226	2
W	58540	538	0
W	72572	1428	0
W	22376	39831	0
W	71875	86741	0
W	28391	140931	4
W	44866	3019	0
W	38542	139267	3
W	110239	386	0
W	101534	4016	0
W	59902	35488	0
W	68403	466	3
W	41598	190258	0
W	56410	3908	0
W	77790	31328	0
W	50018	251	0
W	39327	110480	0
W	107983	5838	0
W	15033	221211	0
W	128146	475	3
W	15035	440308	0
W	49805	54044	0
W	59962	59872	0
W	38728	6140	0
W	40602	2532	0
W	15037	23284	0
W	29639	12106	0
W	87868	935	0
W	46510	41747	0
W	80852	127040	0
W	80097	13264	1
W	41579	11779	0
W	85870	1820	0
W	15041	8331595	6
W	48308	87922	0
W	32116	64514	0
W	85871	1265	0
W	52702	132374	4
W	15043	19757	0
W	60205	44460	4
W	30744	44979	0
W	49486	10106	0
W	70564	2301	0
W	71858	5197	0
W	15052	324128	5
W	39455	142922	0
W	62985	28891	4
W	15054	109313	0
W	15055	2460594	0
W	74467	34108	0
W	35324	210897	3
W	15057	20420	0
W	33416	77949	0
W	15059	24023	0
W	33228	55370	0
W	66054	2766	0
W	63409	1719	0
W	15061	51950	0
W	38459	20126	0
W	62705	2501	3
W	61976	1113	0
W	15063	532	0
W	58005	2824	0
W	15064	13840	0
W	128122	5596	0
W	21062	98322	4
W	15066	744220	0
W	15068	1882	5
W	62630	3851	0
W	39193	3322	0
W	21632	3990	0
W	15071	1081	0
W	47878	20786	0
W	74416	60512	0
W	46942	5504	0
W	15074	173	0
W	45156	145430	0
W	81127	17881	0
W	15076	1715	0
W	67386	3473	0
W	57765	4079	0
W	22782	78156	0
W	58965	196	0
W	36408	91834	0
W	79230	18778	0
W	53498	11630	0
W	128058	8074	0
W	122418	5897	0
W	20526	94569	0
W	142838	56	0
W	127892	6319	2
W	147528	2265	0
W	15084	294869	5
W	48346	6734	0
W	44936	24241	0
W	46768	52889	0
W	38787	20089	4
W	48347	496110	0
W	106811	983	0
W	31735	169475	0
W	159572	16	0
W	15091	5229	0
W	54958	18619	0
W	42146	8645	0
W	68679	4627	0
W	121354	378	0
W	49326	11578	0
W	103311	5534	0
W	38649	12138	0
W	101406	1966	0
W	32381	115412	0
W	59565	25661	0
W	15096	69554	0
W	23039	450	0
W	21268	117305	3
W	102134	27125	0
W	38554	728	0
W	50269	1657	0
W	72164	445	0
W	40238	16141	0
W	22063	1394	0
W	20788	80338	0
W	122787	17936	0
W	62882	12386	0
W	35479	43196	0
W	62809	47691	0
W	117100	13759	0
W	50439	4753	0
W	66415	12123	0
W	41155	12508	0
W	32549	105527	0
W	78679	21534	0
W	78629	120867	0
W	125558	4216	0
W	92220	4130	0
W	103477	491	0
W	21480	16012	5
W	62786	30326	0
W	135854	494	0
W	67353	15301	0
W	15110	180308	0
W	43371	8009	0
W	15113	40579	0
W	46117	54244	0
W	20839	817	3
W	78167	10073	0
W	142660	14762	0
W	127964	3546	0
W	29229	9112	2
W	39034	119479	0
W	29118	1302	0
W	132027	186	0
W	31389	7109	0
W	15122	13022	0
W	100948	18547	0
W	74442	267678	0
W	33417	13967	0
W	35419	83259	0
W	81899	2212	0
W	28474	9114	0
W	44878	56300	0
W	42119	46256	4
W	35592	1889	0
W	15127	830	0
W	138852	6315	2
W	68093	164	4
W	44464	46222	0
W	56145	13842	0
W	48063	1243	3
W	36428	6610	0
W	31311	40611	4
W	81689	15814	0
W	72201	366	0
W	43976	81510	3
W	23347	12360	5
W	25889	16172	0
W	55293	61547	0
W	126068	14512	2
W	125173	8433	2
W	81568	32117	0
W	58738	26652	0
W	68994	36356	0
W	15137	23325	0
W	31785	234695	0
W	80174	7578	0
W	23158	270926	5
W	22784	6333	0
W	49850	75633	0
W	62405	26256	0
W	43178	5370	0
W	15140	473229	0
W	15141	363972	0
W	71159	1572	0
W	57632	128029	0
W	65603	9135	0
W	35278	181628	0
W	63912	3835	0
W	37744	59775	0
W	42959	1481	0
W	59535	45192	3
W	49467	2150	0
W	79941	10564	0
W	41064	239	0
W	15153	24072	0
W	15154	431276	0
W	127742	3867	0
W	44449	6311	0
W	99477	7136	0
W	75476	33490	0
W	60943	3444	0
W	79881	13822	0
W	23041	218	0
W	61731	1196	2
W	84576	920	0
W	87738	1717	0
W	23235	66439	0
W	38832	88338	0
W	42960	1649	0
W	15156	674895	6
W	51548	27383	0
W	115830	1540	0
W	38338	7715	0
W	29656	19004	2
W	77226	25877	0
W	46578	2086	4
W	69086	618	0
W	33442	8206	0
W	49327	1317	0
W	49713	2302	0
W	15158	711594	4
W	23236	312290	5
W	20593	743760	5
W	102066	15980	0
W	61332	70630	0
W	56049	85604	0
W	55982	1376	0
W	67110	58486	0
W	32013	45872	3
W	64342	25940	0
W	125447	2292	0
W	123277	6356	0
W	56014	29206	0
W	49094	171997	0
W	39348	11966	0
W	71722	173	3
W	51549	23641	2
W	71613	62	0
W	42587	28762	3
W	64511	22832	0
W	15168	2272	2
W	15170	4983717	6
W	15171	17557	0
W	99263	18967	0
W	40863	49082	0
W	15173	13183	0
W	15174	2720	0
W	135466	1363	0
W	32498	42274	0
W	29276	171880	0
W	22429	5505	4
W	46069	7815	0
W	161794	359	4
W	42666	1318	0
W	47004	2282	0
W	24859	69722	0
W	53114	243418	0
W	47296	38166	0
W	74345	4319	0
W	123202	15937	0
W	35718	8301	0
W	62462	1214	0
W	70800	15959	0
W	61672	46290	0
W	63292	2457	0
W	109170	716	2
W	41860	65142	0
W	115644	320	0
W	60172	9303	0
W	21269	4337	2
W	65371	36008	0
W	70505	9096	0
W	157460	15	0
W	23159	245357	5
W	43646	51954	0
W	33021	12426	0
W	124440	1771	0
W	118080	1852	0
W	106897	49	0
W	15193	273384	4
W	88064	2247	0
W	64391	3702	0
W	15197	908876	0
W	66576	1803	0
W	60134	23173	0
W	65660	2310	3
W	15202	271	0
W	85353	18777	0
W	15205	1269	0
W	15206	133122	3
W	15207	552538	0
W	36608	23243	0
W	57656	25354	0
W	29206	85878	0
W	83022	1496	0
W	52377	100196	0
W	106924	7120	0
W	15211	3587	0
W	79278	10694	0
W	38662	49069	0
W	51248	7486	0
W	149674	1024	0
W	103961	10193	0
W	24819	69355	2
W	81271	4051	0
W	70385	660	0
W	132823	397	0
W	129567	21476	1
W	74309	52152	0
W	128451	1243	0
W	140317	82	3
W	15219	422255	0
W	15220	78875	5
W	22785	16655	0
W	60489	2039	0
W	38986	73112	0
W	57788	2832	0
W	125749	1767	0
W	71900	9984	2
W	161089	34374	2
W	41599	90763	0
W	15224	7106	0
W	160446	779	0
W	77559	16251	0
W	21409	8721	0
W	15225	114	0
W	92987	1850	0
W	39511	749	0
W	73897	1970	2
W	35752	52470	3
W	73998	10915	0
W	32499	5745	0
W	52880	2830	0
W	26667	60960	0
W	53510	273601	0
W	63667	1517	0
W	15231	685504	0
W	22787	8317	0
W	68287	40538	0
W	41561	23432	2
W	77149	18959	0
W	21530	31349	4
W	45560	17891	0
W	21410	82382	5
W	40308	17729	0
W	29159	193756	0
W	42031	2947	0
W	47273	2332	0
W	37255	879	0
W	15244	2388	0
W	70492	158	0
W	89765	6763	0
W	166921	185	3
W	20840	953	2
W	15249	367526	5
W	80837	3704	0
W	48534	9755	0
W	49918	496	0
W	39194	7395	0
W	15253	17224	0
W	49980	35958	0
W	43558	44762	0
W	43166	6683	0
W	49388	143	0
W	100294	3000	0
W	20651	51978	4
W	21481	59400	0
W	15257	543371	0
W	71488	26975	0
W	120387	103	2
W	55638	731	0
W	86151	1160	0
W	44554	113705	0
W	37794	175996	0
W	15259	508126	5
W	162994	361	4
W	21339	91556	0
W	58982	10049	2
W	151635	29	0
W	110775	8137	0
W	15261	1261	0
W	84174	5411	0
W	33064	37878	0
W	20313	95683	5
W	167829	1186	0
W	112620	5331	0
W	124357	1476	0
W	72809	25038	3
W	36305	1774	2
W	15268	1096018	0
W	71163	656	0
W	127796	3266	0
W	32957	58592	0
W	15270	571987	5
W	80258	8869	0
W	42924	45146	0
W	39432	80116	0
W	36945	292274	0
W	15277	846470	0
W	64984	165	0
W	33022	50436	0
W	80229	3671	4
W	23269	55778	0
W	43173	338681	0
W	23270	40154	0
W	45186	1525	0
W	52187	27280	0
W	42147	54757	0
W	15282	1525	0
W	15283	799496	0
W	15286	90755	0
W	43519	4744	0
W	72518	14000	3
W	88065	1635	0
W	66962	24414	0
W	66040	18591	2
W	25742	16921	1
W	31159	7107	0
W	28279	27670	4
W	23042	2567	3
W	45770	11523	0
W	15294	18644	0
W	33531	11832	4
W	103359	450	0
W	15296	13367	0
W	59198	6634	0
W	44285	3016	0
W	22788	2156	4
W	162059	3859	0
W	44997	4296	1
W	104123	8072	0
W	49758	1182	0
W	28304	86195	0
W	30062	47593	0
W	104108	84956	0
W	30536	2636	0
W	22789	932	1
W	15302	20169	0
W	48309	23886	0
W	92694	598	0
W	112672	66	0
W	15305	26082	0
W	22790	3085	4
W	56565	138926	0
W	48489	3307	4
W	22377	139390	0
W	44223	47844	0
W	165967	2925	0
W	23237	45282	0
W	23191	2168	0
W	75293	16546	0
W	20962	116561	3
W	15314	42256	0
W	23160	67157	0
W	143254	2760	2
W	15319	36789	5
W	58959	7492	3
W	103313	5647	0
W	58429	11375	0
W	135637	739	0
W	21171	25973	4
W	139443	717	0
W	77516	23960	0
W	15323	59013	0
W	100999	1050	0
W	46797	31014	0
W	42925	47586	0
W	137561	1019	0
W	54586	2052	0
W	68321	13315	0
W	107085	7540	0
W	15325	607	3
W	15326	271246	6
W	15327	1276	0
W	79712	18662	3
W	36577	20898	0
W	46173	2983	0
W	15331	3383	0
W	81810	8381	0
W	28305	28337	0
W	111588	288	0
W	54055	2506	0
W	57929	31074	0
W	114059	30791	0
W	47118	1961	0
W	23202	5447	0
W	78888	15420	0
W	75183	11419	3
W	15339	2060	1
W	47478	3171	3
W	15340	385	0
W	15341	9332	0
W	59019	20377	0
W	20595	141225	0
W	50270	3728	0
W	33177	70533	0
W	70451	1508	0
W	36820	24211	3
W	15343	653642	0
W	33955	88631	0
W	52712	19677	0
W	32148	80300	0
W	69770	4114	0
W	15346	1217	0
W	15347	812962	0
W	49659	7187	1
W	64328	9309	0
W	15350	30433	0
W	15351	12254	0
W	15352	640764	0
W	67569	15533	3
W	74263	33539	0
W	33589	4348	0
W	74697	5924	0
W	15354	53330	0
W	15355	158233	0
W	20941	72734	5
W	20596	173374	4
W	128099	2037	1
W	29926	53080	0
W	36932	124218	0
W	113397	186	0
W	102541	17730	0
W	103279	16991	4
W	33443	2414	0
W	68833	93382	0
W	56741	92674	0
W	23494	1979	0
W	28306	69459	3
W	15362	527398	0
W	25743	42740	0
W	136697	5182	0
W	49329	1507	3
W	60224	48015	0
W	52628	57121	4
W	67026	33198	0
W	49534	18733	0
W	43713	174029	0
W	33838	4542	0
W	15368	568174	0
W	15370	3003	3
W	31281	2583	0
W	68089	1152	1
W	15371	541377	0
W	73678	47398	0
W	52393	35774	2
W	141091	1480	0
W	56241	19689	2
W	15375	3068823	0
W	41610	8194	0
W	15377	973	0
W	61597	225617	0
W	23044	1140	0
W	40052	70302	0
W	56730	64870	5
W	45971	21151	0
W	135349	19	0
W	44445	5585	0
W	58702	15858	0
W	34292	3893	3
W	68823	1351	0
W	67194	26653	4
W	167012	3742	0
W	15383	1492340	0
W	77004	39129	0
W	81376	126810	0
W	44760	18250	0
W	79627	66896	0
W	38947	1548	0
W	44639	19188	0
W	49759	125119	0
W	39762	14141	5
W	95511	1732	0
W	21750	49801	0
W	42044	49072	0
W	20264	119281	5
W	15386	1896413	0
W	61895	20201	0
W	116306	17447	0
W	125126	7702	0
W	15389	4079531	0
W	45014	48389	0
W	65182	5366	0
W	38833	37292	0
W	71614	110998	0
W	62003	580	0
W	40240	50829	0
W	36394	46453	0
W	33941	11909	0
W	64616	142	0
W	150238	153	0
W	63226	4102	0
W	126894	386	0
W	20709	484141	5
W	43109	4061	0
W	71695	1670	0
W	49878	33027	0
W	64875	15130	0
W	15395	3144	0
W	105177	3596	0
W	21577	116298	0
W	110154	3088	0
W	69035	16838	0
W	15396	144082	3
W	70615	5346	0
W	53091	6338	1
W	53575	4075	0
W	15400	214972	0
W	15402	15359	0
W	67890	44540	0
W	128159	20859	0
W	40855	3280	0
W	20963	45203	0
W	128177	3061	0
W	53702	30288	0
W	66998	20057	0
W	59917	27602	0
W	96578	26236	0
W	21578	33473	0
W	130271	109	0
W	53606	24198	0
W	40241	19210	0
W	51385	19260	0
W	69683	95460	0
W	124152	1022	0
W	35688	57925	0
W	46555	22311	0
W	65853	45856	2
W	67367	1181	2
W	29342	108598	4
W	111392	14776	0
W	75125	20280	4
W	26387	664008	3
W	57335	50751	0
W	150087	1468	0
W	159746	11582	3
W	62580	82901	0
W	15410	23801	0
W	15412	83004	0
W	39328	113360	0
W	20597	378332	3
W	37417	3594	0
W	20999	65195	3
W	33602	191431	0
W	15416	13006	1
W	15417	28025	0
W	71649	1122	0
W	22485	736	0
W	37005	1252	0
W	56442	6872	0
W	75173	3596	0
W	64483	104302	0
W	95441	4208	0
W	50271	22325	0
W	160783	7356	0
W	15420	820143	0
W	78680	60820	0
W	64143	10306	0
W	33995	474	3
W	38948	649	0
W	51332	9884	3
W	15422	4491	0
W	28243	39326	0
W	57087	5212	0
W	127990	1471	0
W	88877	1948	0
W	54708	110041	0
W	141372	2011	0
W	115831	1810	0
W	40744	8352	0
W	33956	1826	0
W	40512	2223	0
W	156804	3036	3
W	49631	36612	5
W	116454	26830	0
W	15424	159185	4
W	46531	10509	4
W	15425	9007	0
W	53220	22423	0
W	15426	2257	3
W	146506	916	0
W	15429	47796	0
W	15432	642026	3
W	131621	2838	2
W	48682	86	2
W	124153	386	2
W	39154	82603	0
W	129053	573	3
W	20265	11088	5
W	46344	14360	0
W	57670	14819	3
W	41685	6542	0
W	15440	2397855	6
W	47692	13903	0
W	41788	1221	0
W	35121	643	0
W	51292	15199	0
W	15446	1192	0
W	15450	91909	0
W	80210	9741	0
W	44847	7900	0
W	47639	9265	0
W	75693	9356	0
W	15453	277	0
W	15455	126867	0
W	15456	351044	0
W	31326	160164	0
W	22066	1009	3
W	39997	3369	0
W	122020	497	0
W	60038	8909	0
W	44761	11317	0
W	53986	2454	0
W	72734	37399	4
W	40256	48285	0
W	112446	139526	4
W	39564	2431	3
W	73483	59697	0
W	66571	3878	0
W	40930	103031	0
W	15465	4541	0
W	29977	5559	3
W	154544	144	2
W	15466	6471	0
W	35151	2382	0
W	49879	5396	0
W	105411	617	0
W	54867	4424	0
W	38010	177339	0
W	21531	10993	0
W	69310	1969	0
W	73510	4073	0
W	36409	354260	2
W	140630	7113	0
W	57666	5043	0
W	148270	838	0
W	137964	899	0
W	24788	13941	2
W	118244	2975	0
W	54818	732	0
W	89144	3033	0
W	128123	4903	0
W	73869	1689	0
W	54434	147499	0
W	26606	188047	0
W	45438	432	0
W	104149	7798	0
W	76775	456508	0
W	40134	76744	0
W	94449	2206	0
W	73704	1274	0
W	26263	90425	3
W	69829	4962	0
W	52670	253350	0
W	75641	7542	0
W	15484	10030	0
W	23497	192	0
W	33646	39463	0
W	67108	11597	0
W	117211	6065	1
W	21580	169711	0
W	59587	57236	0
W	15491	4171	0
W	165123	9175	0
W	58683	710	0
W	117426	10133	0
W	107873	1175	0
W	44640	53014	4
W	89098	1072	0
W	21532	16580	3
W	42875	1164	0
W	28368	143121	0
W	73360	13435	3
W	40745	3497	0
W	23656	110	0
W	15499	984252	4
W	55739	2384	0
W	20860	279436	4
W	28475	11752	3
W	157442	1002	0
W	74320	105101	0
W	78168	27350	0
W	15501	11938	0
W	42045	817	0
W	81339	24181	0
W	41712	13242	2
W	135852	2124	2
W	15502	11451	0
W	33725	39625	0
W	57937	4033	3
W	15504	342261	5
W	15507	1461688	5
W	40425	11459	0
W	81900	8642	0
W	66446	34382	0
W	60097	8606	0
W	68278	537	0
W	94255	8737	0
W	79674	34289	0
W	124171	2106	0
W	15513	136698	0
W	15514	20817	0
W	65475	6856	3
W	15515	515245	0
W	61909	19593	0
W	75458	2651	1
W	15516	1662	0
W	15517	28399	0
W	49672	2870	0
W	71222	4223	0
W	66452	3186	0
W	58348	87859	2
W	15523	101880	2
W	49109	5535	0
W	23238	12926	0
W	43428	1215	0
W	72635	3287	0
W	36015	40704	0
W	23100	266335	6
W	161761	13	0
W	162387	659	0
W	22379	3709	0
W	52789	3888	0
W	76599	44229	4
W	40091	10405	2
W	33024	58803	0
W	41184	136404	3
W	79421	18061	3
W	72095	1010	4
W	15531	9034	0
W	152365	1337	0
W	165551	1652	0
W	15533	205158	0
W	15535	152214	5
W	114679	186	0
W	37397	16484	3
W	50717	3829	0
W	15543	2589	0
W	61455	4132	0
W	41706	46051	0
W	126122	31	0
W	15545	60944	0
W	71434	2146	3
W	137375	5602	3
W	26357	34221	0
W	50021	48563	5
W	55307	40882	0
W	50360	4796	0
W	76531	151547	0
W	63485	18948	0
W	15550	13162	0
W	51028	79212	0
W	58120	233	0
W	15551	33313	0
W	40135	109183	0
W	29996	66231	0
W	73323	8891	0
W	70176	10977	0
W	25943	30079	0
W	74612	1069	0
W	48273	26511	0
W	62109	7941	4
W	123604	7532	0
W	75671	12836	0
W	87087	4673	0
W	52613	28790	0
W	21691	3470	0
W	35662	53154	0
W	66987	3728	0
W	15558	5176	0
W	133433	14969	0
W	65584	41144	0
W	39133	8721	3
W	106883	316	0
W	50536	12588	3
W	26652	3193	0
W	56791	205117	0
W	47524	98921	0
W	76600	48651	0
W	35122	600	0
W	70177	9876	3
W	40496	1854	0
W	48318	77064	0
W	26607	16787	0
W	54218	1861	0
W	15569	21408	0
W	15570	46313	0
W	15573	738964	0
W	120529	156	0
W	15574	256718	0
W	15577	1998	0
W	59199	52241	0
W	25744	14635	3
W	15579	6797	4
W	72661	99914	0
W	89805	3993	0
W	31863	65643	0
W	41634	63980	5
W	70462	44098	0
W	65452	2084	2
W	147409	508	1
W	68003	2222	0
W	20527	66511	0
W	70444	31252	0
W	95762	3634	0
W	67140	7807	0
W	26358	162278	4
W	114416	9380	0
W	43900	125123	0
W	53915	11327	2
W	15587	5140	0
W	145443	764	0
W	57426	206414	0
W	128128	519	2
W	15589	852	0
W	110665	705	0
W	52689	6304	0
W	28448	42653	4
W	42009	56511	0
W	21206	3266	0
W	84079	2918	0
W	15595	20724	0
W	41817	168550	0
W	95238	3366	0
W	63848	2172	5
W	15598	23232	0
W	23498	355	0
W	128110	15801	3
W	33087	51474	0
W	44130	11934	0
W	44012	840550	0
W	52973	1551	0
W	112272	1298	0
W	15603	37210	0
W	43520	4082	0
W	54583	3838	0
W	58578	6714	0
W	58479	19564	0
W	54569	1171	0
W	76776	835594	0
W	144711	153	0
W	147971	51	0
W	107025	1342	0
W	64222	4726	0
W	57775	39474	0
W	96688	2905	3
W	35325	14316	0
W	111295	79911	0
W	50557	5902	0
W	65762	4345	0
W	36560	1331	0
W	54807	1717	0
W	36446	16342	0
W	92989	2810	0
W	20927	935	0
W	28307	1010823	4
W	64012	13047	0
W	39394	5337	0
W	48527	3636	0
W	29997	43342	3
W	15620	1861	0
W	57017	30302	0
W	69988	7240	0
W	95283	761	0
W	72352	124	0
W	15624	1182432	5
W	44411	87449	0
W	67923	195033	0
W	50361	1549	0
W	30483	29989	0
W	38473	459	0
W	15626	107137	0
W	15627	410626	0
W	63689	28890	2
W	54477	71906	0
W	67215	22518	0
W	15630	7105	0
W	50804	5200	0
W	42802	2900	0
W	38811	24395	0
W	22380	64838	0
W	21635	213539	0
W	52894	7326	0
W	55353	7072	0
W	55714	1495	0
W	15637	69732	0
W	63341	39406	4
W	74678	37435	0
W	68177	4783	0
W	56952	22042	0
W	58703	7982	3
W	38376	64093	0
W	63182	44657	3
W	38677	2380	0
W	65920	55271	0
W	52136	4822	0
W	49632	8941	2
W	33492	290600	0
W	34679	27179	0
W	15641	22706	3
W	93227	8109	0
W	49744	73412	0
W	69933	528	0
W	55784	29767	0
W	40931	82747	4
W	15644	149100	0
W	34822	8478	0
W	49591	41334	0
W	79233	31881	0
W	44816	38262	0
W	65075	217304	0
W	20652	235581	0
W	70488	825	0
W	63281	2694	0
W	15650	67572	0
W	128271	2366	0
W	48434	1464	0
W	15655	1701365	6
W	15656	141891	0
W	133723	15466	2
W	126398	3520	0
W	32190	121664	0
W	75292	13458	0
W	83720	8366	0
W	56895	19614	0
W	69779	7271	5
W	15662	751575	0
W	36400	191456	0
W	32082	49143	0
W	56772	9110	0
W	70445	93732	0
W	36447	23905	3
W	36137	40985	0
W	26388	28635	3
W	58122	11629	0
W	15664	16494	0
W	15665	462466	0
W	108270	3533	0
W	35295	99278	0
W	71892	50637	3
W	50718	13112	0
W	143707	10	0
W	87568	3150	0
W	157326	572	1
W	25944	80162	0
W	88011	2337	0
W	83068	2914	0
W	113854	42021	0
W	35384	85191	4
W	69830	1237	0
W	35766	108435	0
W	51218	73894	0
W	81295	55638	0
W	155329	419	0
W	75622	27877	0
W	20358	51645	0
W	72434	21258	0
W	80098	43680	0
W	79170	24741	0
W	32118	12742	0
W	15670	1620651	6
W	22795	353135	5
W	30745	1218	1
W	20266	140148	0
W	48966	11298	3
W	39310	80147	4
W	49851	12759	4
W	15677	4550	0
W	30746	46804	0
W	73691	4057	0
W	15679	1973	0
W	69026	2460	0
W	164166	3086	4
W	23249	49508	0
W	15680	11468	0
W	29614	41204	0
W	15683	1074219	0
W	71678	70982	5
W	101750	23240	0
W	130957	391	0
W	57698	3405	0
W	45042	177947	0
W	30609	15936	0
W	145793	8066	0
W	165208	1319	1
W	37363	65388	0
W	58532	15888	0
W	55381	23472	2
W	37085	204204	0
W	148468	5489	2
W	54946	1927	0
W	23161	61418	0
W	15709	670	0
W	52411	1632	0
W	20411	135662	3
W	37795	41515	0
W	15714	1324	0
W	32459	10707	0
W	36898	145815	0
W	135561	77	0
W	45008	107927	4
W	20412	130714	5
W	38690	52025	0
W	39885	10817	0
W	79642	13989	0
W	15717	2513123	0
W	23162	74686	0
W	48952	2986	0
W	57599	3682	2
W	15720	1605	0
W	25973	93691	2
W	21207	2702	3
W	15722	80678	4
W	128479	22088	0
W	49554	1174	0
W	55640	25470	0
W	57818	157533	0
W	22796	18120	0
W	29224	44340	4
W	50441	4572	0
W	15727	5365	0
W	126382	728	0
W	15729	260537	4
W	51668	41685	1
W	35307	245452	3
W	64698	5500	0
W	64786	2413	0
W	75542	8526	2
W	38525	1361	0
W	94827	10738	0
W	15734	980010	0
W	49938	42148	0
W	43923	170318	4
W	61758	6894	0
W	123071	625	0
W	20841	3441	4
W	76707	111654	0
W	36359	133194	4
W	63563	35523	0
W	22797	2495	3
W	40626	52631	0
W	97819	3435	0
W	70420	75750	0
W	154926	12649	1
W	33771	1599	0
W	21000	389569	0
W	26608	46327	3
W	41989	28153	0
W	15742	270312	0
W	132029	1587	0
W	38407	9276	0
W	120439	3630	2
W	72619	417	0
W	34680	21975	0
W	70729	7781	0
W	59953	40648	2
W	69570	59087	0
W	66001	39114	0
W	32946	133408	4
W	54026	57605	3
W	37543	30393	0
W	29179	3521	0
W	103204	1885	0
W	89806	3570	0
W	22067	2697	0
W	128059	6080	3
W	53412	11885	0
W	49095	42771	0
W	15752	490878	5
W	41289	374037	4
W	28170	122186	3
W	66441	5546	0
W	106812	7749	0
W	30747	27215	0
W	60882	797	0
W	34622	173512	0
W	52038	160272	0
W	73122	16740	0
W	52974	124723	0
W	64966	3902	0
W	127803	13450	0
W	48683	6957	4
W	38974	369595	0
W	100106	50	0
W	20842	290703	5
W	15761	671000	0
W	84980	18496	0
W	42245	19491	0
W	54901	8787	0
W	35519	66370	5
W	38460	104551	0
W	15767	96061	0
W	46070	35083	3
W	21382	27266	0
W	82486	11753	0
W	41297	29332	0
W	78043	10850	0
W	40747	68	0
W	54759	30923	0
W	58046	6898	0
W	62862	1952	0
W	43560	7555	0
W	48319	658	0
W	38345	119741	0
W	100130	34382	0
W	95285	676	0
W	158539	218	4
W	23182	14705	0
W	80020	18348	0
W	81420	12735	0
W	15774	847	0
W	104109	136251	1
W	128350	6943	0
W	20710	86048	0
W	15782	54569	0
W	122446	3546	0
W	81569	17896	0
W	53686	340493	0
W	57252	8263	3
W	15785	56783	0
W	61667	11851	0
W	66581	168769	0
W	21692	30287	0
W	108493	699	0
W	123906	1943	0
W	157346	373	0
W	15788	22647	0
W	15790	1979085	0
W	161545	25	3
W	115660	1182	3
W	52895	68744	0
W	102077	21416	0
W	65081	5086	2
W	21117	19616	4
W	24932	83770	4
W	160404	3429	0
W	39409	31278	0
W	62994	20741	0
W	71846	2601	0
W	166692	76	3
W	33839	2718	0
W	44406	2612	0
W	28449	55314	0
W	57075	9223	0
W	33867	49782	0
W	15797	611	0
W	30692	2066	0
W	29904	2062	0
W	65324	302	0
W	15799	27192	0
W	64307	2305	0
W	117486	1820	0
W	15800	73172	0
W	58339	21630	4
W	66158	7841	1
W	37086	26500	3
W	68753	5378	0
W	83801	2892	1
W	151498	3123	0
W	15810	27612	0
W	80628	171473	2
W	67322	15824	0
W	72946	8072	0
W	31001	44898	0
W	28096	41234	0
W	36448	127076	0
W	43790	5369	2
W	33210	311314	0
W	44090	610	0
W	45780	140295	0
W	63129	62	0
W	162926	899	0
W	20207	95468	3
W	20670	415373	5
W	123605	14686	3
W	157461	2071	0
W	30748	1518	2
W	53832	851	0
W	39112	7377	0
W	73059	1632	0
W	15822	14308	3
W	47245	66216	0
W	56301	10258	0
W	40136	33768	4
W	26737	121494	0
W	52777	60204	0
W	33125	3711	2
W	64788	1647	0
W	36111	86255	3
W	100322	29341	0
W	15827	60438	0
W	15829	254713	0
W	75623	8208	4
W	24893	124725	0
W	15831	499573	4
W	104927	4623	0
W	67622	13116	0
W	43092	29282	0
W	15837	88148	0
W	62933	4688	0
W	47770	71803	0
W	71178	93303	0
W	79366	11397	0
W	88133	789	0
W	71128	25805	0
W	41245	12502	0
W	52941	15332	0
W	161744	1781	3
W	20789	558520	5
W	31002	6457	0
W	125605	24173	3
W	67814	51127	0
W	92512	4401	0
W	82397	7571	0
W	51669	41871	0
W	15842	428	3
W	61513	4866	3
W	15845	15012	0
W	33149	568	0
W	57289	17588	2
W	32471	1199	3
W	140398	9674	3
W	42859	44236	0
W	37391	27410	0
W	32292	5782	0
W	42558	19983	0
W	73405	10156	0
W	74046	3205	0
W	150243	884	2
W	50519	54728	0
W	32041	21992	0
W	124322	54900	0
W	15856	372371	5
W	49389	515	4
W	76624	106482	0
W	99359	1349	0
W	33647	56259	0
W	61047	27688	0
W	15860	46714	0
W	57384	7255	0
W	15862	2112483	5
W	51722	2682	0
W	15863	9908	0
W	15864	6354	0
W	86271	533	0
W	62894	345705	0
W	110776	379	2
W	15866	27930	0
W	66942	1454	0
W	51321	5519	2
W	57114	19006	0
W	65144	815	0
W	20413	20980	3
W	33892	37839	0
W	58898	3596	0
W	15867	50064	0
W	15871	2292579	5
W	56792	64258	0
W	31760	28501	0
W	72858	29530	0
W	43327	22053	0
W	48456	11611	0
W	77150	80852	4
W	23101	169157	0
W	15875	156060	0
W	81049	15543	0
W	65218	28546	0
W	42490	13713	0
W	124245	691	0
W	71810	2299	0
W	71584	2405	0
W	23049	11458	0
W	152522	1606	0
W	63300	21244	0
W	40309	420370	0
W	48436	603	0
W	15881	363	0
W	127969	548	0
W	33048	4966	0
W	49617	5835	0
W	33418	8195	0
W	63781	6291	0
W	52304	10496	0
W	57494	4413	0
W	20751	32940	5
W	36650	137507	0
W	67990	44621	0
W	111171	386	0
W	20653	298976	4
W	126438	10028	0
W	43505	72332	0
W	49783	12251	0
W	28378	48414	4
W	15891	4204	0
W	93467	316	0
W	65467	96368	0
W	64846	1933	0
W	47468	109731	0
W	15893	1685279	5
W	15895	106505	0
W	57361	28078	0
W	32240	17745	0
W	74520	22237	0
W	50951	3019	0
W	72475	20252	0
W	15898	948488	6
W	38461	12200	0
W	52114	43166	0
W	70398	40489	0
W	152948	1708	0
W	160205	963	3
W	79077	15292	0
W	15904	250766	0
W	15905	631	0
W	39146	19630	0
W	119315	767	0
W	128003	877	0
W	75284	63	3
W	127566	1028	0
W	15906	66744	0
W	56103	6477	0
W	112311	13924	0
W	31142	631281	5
W	15907	46482	0
W	64791	1225	3
W	36495	2264	2
W	20843	6323	0
W	67807	5270	0
W	110071	1659	0
W	56813	19510	0
W	15917	120445	0
W	67099	11232	0
W	57419	26671	0
W	67315	22368	0
W	57657	1286	0
W	15919	8733614	5
W	47164	472	0
W	162676	1685	0
W	103650	12806	0
W	29854	320102	0
W	69234	20296	0
W	40338	25080	0
W	134456	5923	0
W	141373	11503	0
W	15922	246	0
W	132258	5312	0
W	75410	37872	2
W	21582	47896	4
W	53221	186901	0
W	15925	115149	0
W	94788	2433	0
W	37773	10274	3
W	56341	1179	0
W	52229	1079	0
W	74904	88043	6
W	15928	1085515	0
W	68605	38914	2
W	45068	12200	0
W	50157	4704	2
W	73011	45917	4
W	37689	15668	3
W	143027	66	0
W	128263	3252	1
W	58762	8284	0
W	46200	297605	3
W	52640	4520	0
W	15933	2140549	0
W	143590	1124	0
W	15935	8784	0
W	50882	7741	2
W	82784	7244	0
W	51803	7372	0
W	15939	131351	0
W	70968	10164	0
W	58835	16075	0
W	51134	51205	4
W	15941	126568	0
W	67545	19698	0
W	142843	124	0
W	41958	18738	0
W	60000	98072	0
W	15943	20413	0
W	49823	1331	0
W	60955	537	0
W	159512	298	3
W	56793	340	0
W	33893	26706	0
W	32179	47694	0
W	21217	172133	5
W	52359	100814	0
W	139671	20979	0
W	15947	14024	0
W	96745	1862	0
W	106915	16805	0
W	52188	80605	0
W	15950	405879	6
W	21636	23827	2
W	89333	8306	0
W	70139	1485	0
W	15951	8379648	7
W	20228	220861	5
W	15952	1907	0
W	28244	67206	0
W	58625	17432	3
W	106470	5574	0
W	125590	8675	0
W	59566	34940	0
W	89808	6750	0
W	61957	21581	0
W	58224	8372	3
W	20964	11089	0
W	32419	46620	0
W	57733	3759	0
W	108538	4065	0
W	56749	3515	1
W	35355	11543	0
W	61875	40724	0
W	97910	1063	3
W	74040	17070	0
W	128083	675	1
W	80611	13026	0
W	73465	3816	0
W	39147	49370	0
W	55503	54997	0
W	80486	9745	0
W	15964	810	1
W	20654	163681	4
W	63254	88013	0
W	39285	1642	1
W	39227	3935	0
W	59245	39339	0
W	29760	394261	0
W	72423	5046	0
W	68792	1843	1
W	30702	12199	4
W	31185	290083	0
W	26292	36169	3
W	32149	31577	0
W	20528	131184	0
W	57034	10797	0
W	116307	7154	0
W	15970	99488	0
W	42246	735	0
W	67837	8197	0
W	36165	763	0
W	32501	22332	0
W	35214	243086	0
W	15975	576612	6
W	128198	288	0
W	15978	14934	0
W	15979	212775	0
W	157094	408	0
W	31992	201130	2
W	104293	1912	0
W	62203	7305	0
W	73170	10381	0
W	41279	8637	0
W	15986	1064162	5
W	15988	8086	0
W	135344	532	0
W	112119	2099	0
W	97636	5841	0
W	80910	43584	0
W	40073	2050	0
W	15989	1447422	6
W	97554	115	0
W	118899	532	0
W	127783	52924	0
W	64110	6003	0
W	15994	170737	0
W	15997	4798	0
W	15998	204632	5
W	32344	74356	0
W	16000	23394	0
W	16003	1191	0
W	51874	41536	0
W	51018	53395	0
W	109754	1277	0
W	16004	1791	0
W	74916	40569	0
W	49618	25833	0
W	67952	2483	2
W	57819	58588	4
W	55518	7862	0
W	127949	741	0
W	52007	33638	0
W	44345	8333	0
W	16009	450040	0
W	65958	12415	0
W	87397	2815	0
W	71239	29888	0
W	59898	122980	0
W	56299	19523	0
W	124336	1579	0
W	122816	5628	0
W	16017	2236	0
W	62969	272350	0
W	78505	108437	0
W	98064	81423	0
W	137672	4750	1
W	16019	161930	0
W	54246	3399	0
W	41996	3043	0
W	16022	171742	0
W	22801	1604	0
W	28245	107373	0
W	79322	9235	0
W	40911	152507	0
W	33025	64900	2
W	50513	9612	0
W	60343	55396	0
W	65896	8368	0
W	36485	46518	4
W	143636	122	3
W	16027	101818	0
W	24895	27458	3
W	46080	33774	0
W	44907	64491	0
W	71758	8848	0
W	75630	451	0
W	33926	133611	0
W	82105	4740	0
W	58423	30618	0
W	16036	480596	0
W	110882	784	0
W	16039	5016	0
W	44779	21433	0
W	74799	19784	0
W	16041	4289	0
W	36729	24631	0
W	55514	177263	2
W	85709	16145	0
W	55076	178097	0
W	26793	62342	0
W	84892	20515	0
W	30519	343241	0
W	71819	2938	2
W	106884	31	0
W	37724	106034	0
W	29225	23688	0
W	16046	3552	0
W	100156	14616	0
W	20671	221191	0
W	100410	19075	0
W	69289	17983	0
W	16048	1282	4
W	63995	44909	0
W	31736	176438	4
W	129588	4450	0
W	41313	266248	0
W	36997	135605	0
W	16052	457782	4
W	131380	611	0
W	16054	4132	0
W	31160	63061	0
W	16055	1076	0
W	71895	13926	0
W	60788	44570	0
W	107232	1501	0
W	32679	26662	0
W	88879	2175	0
W	125073	4193	0
W	71879	134745	2
W	64000	37245	0
W	53011	98942	0
W	37796	7439	0
W	39998	2606	0
W	57471	6647	0
W	23239	4333	0
W	40580	216	0
W	66412	19082	0
W	33419	5201	0
W	130358	733	0
W	29592	67190	0
W	44476	26596	0
W	84981	11852	0
W	32218	43831	0
W	35753	133527	0
W	69351	12988	0
W	131845	2159	0
W	43584	13694	0
W	20620	29775	0
W	16074	6727408	0
W	16075	3137	0
W	53050	6334	3
W	63148	717	0
W	54709	2619	0
W	16076	12168	0
W	155840	116198	3
W	44595	237522	0
W	36960	94517	0
W	60774	139731	4
W	63966	1996	0
W	109463	1040	0
W	53460	28188	4
W	45096	1340	2
W	61441	19987	0
W	85390	18977	0
W	52027	154	0
W	16081	581	0
W	52365	5403	0
W	49760	722883	0
W	56827	166670	0
W	111498	10296	0
W	16083	38401	4
W	128026	11311	0
W	109043	587	0
W	83241	1560	0
W	63678	16012	0
W	82835	9678	0
W	57827	51837	3
W	121145	4622	0
W	43527	3277	0
W	78705	16125	0
W	152564	7694	3
W	16087	292	0
W	71679	10482	0
W	70739	3897	2
W	150244	929	0
W	16090	2640	0
W	44752	26460	0
W	16092	3013	0
W	16093	398773	0
W	108732	923	0
W	62151	27120	3
W	49429	11303	0
W	77942	8281	0
W	56626	5327	2
W	49070	11320	0
W	16097	11476586	0
W	48212	2545	0
W	16100	67085	0
W	58144	11342	0
W	41418	12967	0
W	64532	12779	0
W	66222	13351	0
W	22070	2386	0
W	55166	38571	0
W	81987	1934	0
W	16102	1591	0
W	28246	80593	0
W	87900	10727	0
W	164090	89	0
W	16103	93733	4
W	16104	2026644	5
W	65457	27651	4
W	35233	18536	0
W	120225	1906	0
W	16108	145316	0
W	22802	1576	0
W	23659	47	2
W	21533	68292	0
W	23271	19863	0
W	65507	6968	0
W	26389	21726	0
W	95194	4250	0
W	60098	4707	3
W	140363	1585	0
W	44849	68412	0
W	92461	41896	0
W	29860	238918	0
W	32304	9458	0
W	68157	10182	0
W	26621	19389	0
W	39912	12149	0
W	44418	4612	3
W	80175	4376	0
W	91293	11562	0
W	33996	85687	4
W	52641	2561	0
W	56062	4158	0
W	79234	7534	0
W	33726	1626	0
W	65059	31181	0
W	43694	5605	0
W	29120	14987	0
W	111228	16500	0
W	16122	3741	0
W	16123	13301	0
W	65241	9606	0
W	67779	6531	0
W	44193	1518	0
W	16124	17242	3
W	16125	18228	0
W	16126	24424	0
W	35803	180675	0
W	145209	1809	3
W	55077	24197	0
W	148218	29460	2
W	49880	425763	2
W	16129	800663	0
W	54447	62307	2
W	45007	2098	0
W	16131	6998192	0
W	62432	5253	0
W	66676	59866	6
W	38871	57285	0
W	16132	89751	0
W	55308	75583	0
W	128774	2446	0
W	73028	10880	3
W	59899	134852	4
W	143547	565	0
W	54125	40679	0
W	107488	3130	0
W	16136	11325	0
W	16137	575385	4
W	129485	9022	0
W	21298	210768	0
W	164643	1020	4
W	56158	32141	4
W	72165	4803	0
W	142788	4228	0
W	94742	22551	0
W	26622	15682	4
W	75247	68306	0
W	69771	16423	0
W	70772	40645	0
W	148100	133	2
W	49390	468	0
W	153416	80393	4
W	49699	1774	0
W	32528	73405	0
W	101088	11524	0
W	144185	4	0
W	16144	64808	0
W	60959	7849	0
W	124681	20257	3
W	20530	89273	0
W	16149	59989	0
W	145972	37100	3
W	51723	21322	0
W	117212	624	0
W	100377	2583	0
W	52039	44031	0
W	49143	14686	3
W	109237	3322	0
W	124534	48849	0
W	41093	8991	0
W	58533	21248	0
W	16157	25024	0
W	37364	48119	0
W	145184	23	0
W	31726	3925	0
W	63744	1044	0
W	127187	920	0
W	79002	3103	0
W	42860	16550	0
W	159029	722	0
W	45126	817	0
W	53704	8322	0
W	100616	15308	0
W	61575	3073	0
W	149352	859	0
W	65645	4177	0
W	131089	88	0
W	33126	90488	0
W	71833	22724	0
W	16166	19805	0
W	16167	14399	2
W	41707	16121	0
W	73585	805	3
W	32622	12453	2
W	165859	510	0
W	22072	1489	3
W	66295	9857	0
W	115069	7107	0
W	40933	249714	5
W	20752	195987	0
W	113959	5439	0
W	16172	152381	0
W	151273	4216	0
W	124041	6542	0
W	50363	404	0
W	69267	2349	2
W	22073	14031	0
W	34293	1143	0
W	52746	26207	0
W	57541	150479	0
W	47023	3827	2
W	16179	3644	0
W	97753	495	0
W	36682	18950	0
W	16181	80631	0
W	56036	1850	0
W	51551	34036	0
W	161663	325	3
W	56303	4798	0
W	155476	2921	2
W	53461	58558	2
W	71824	6383	0
W	59403	6301	0
W	41997	82267	0
W	160704	4194	0
W	44896	1091	0
W	60344	3087	0
W	152219	7478	4
W	44451	97951	0
W	69782	1377	0
W	67190	150	0
W	75391	5351	2
W	59550	5462	0
W	93710	1608	0
W	38834	601	0
W	16197	89535	0
W	56762	298	0
W	16198	124913	3
W	66392	8612	0
W	36138	85876	0
W	92369	392	0
W	149401	3677	1
W	16202	22271	0
W	80260	4082	0
W	32119	13301	0
W	16204	13426	0
W	85391	20471	0
W	136084	2259	0
W	52230	44	0
W	16205	61	0
W	118281	2359	0
W	74114	84980	4
W	22381	2643	2
W	111991	16762	0
W	16209	159754	0
W	35179	24886	5
W	43902	25297	0
W	150134	548	0
W	20753	273562	0
W	56688	12057	2
W	76977	33266	0
W	32551	10352	0
W	62141	79770	0
W	30682	19704	0
W	80231	12802	0
W	64223	24713	0
W	166870	0	2
W	16213	10935	0
W	122788	128	0
W	65394	35545	4
W	53088	44592	0
W	81316	25025	0
W	16219	1793	0
W	82889	2566	2
W	26738	66780	0
W	75327	33	0
W	56383	184102	0
W	115691	13595	4
W	38987	29495	4
W	52655	11422	0
W	36506	1929	0
W	63478	19047	0
W	60608	59768	0
W	113182	4132	0
W	154118	584	0
W	101377	4845	0
W	167623	89	3
W	128090	2479	0
W	22804	4370	0
W	59200	10939	0
W	61466	31543	0
W	69352	3152	1
W	16234	480192	0
W	32579	1243	0
W	138868	253	0
W	134922	3887	0
W	22486	11784	0
W	44116	118112	4
W	71667	55	3
W	36429	72007	0
W	48921	1374	0
W	16236	12006	0
W	153417	327	0
W	82196	10487	0
W	16238	265758	0
W	39723	107782	0
W	88677	3559	0
W	74142	17389	0
W	140087	2235	0
W	75570	4866	0
W	37868	47706	4
W	64475	21620	0
W	29135	8326	0
W	149675	1215	0
W	36683	12181	4
W	28309	22690	0
W	86310	21083	0
W	54133	2653	0
W	39329	186491	0
W	65033	6509	0
W	106622	1178	0
W	134855	1098	2
W	67657	88860	0
W	168167	15	2
W	55877	6743	0
W	29883	6343	0
W	58961	31544	0
W	49391	877	0
W	69475	4155	0
W	118298	8448	0
W	73518	384	0
W	47084	422	0
W	101378	5898	0
W	160114	11902	1
W	62634	9281	0
W	64041	153174	0
W	122987	3878	0
W	55478	17917	0
W	51246	20060	2
W	24933	98440	0
W	127962	49691	4
W	59050	446	0
W	58279	2084	0
W	63383	436	0
W	54819	96305	0
W	59810	5791	0
W	16262	1081226	5
W	71296	13374	4
W	16263	988695	6
W	20871	312429	4
W	43624	77991	2
W	49062	31287	0
W	107026	300	0
W	55354	2550	0
W	53999	19736	0
W	41800	89477	2
W	61082	6442	0
W	32180	10417	3
W	16268	2463957	6
W	68615	4844	0
W	16269	102901	0
W	75406	6330	0
W	32680	29853	0
W	33942	45969	3
W	129132	35208	0
W	131850	638	0
W	70539	548	0
W	70824	4336	0
W	62346	177397	0
W	76894	55670	0
W	77345	68957	0
W	39978	3437	0
W	46521	22543	3
W	64118	2312	0
W	59984	15668	0
W	54083	7470	0
W	118343	9866	0
W	56226	19571	0
W	25745	7663	2
W	123407	437	0
W	21064	206632	0
W	74730	1964	5
W	134074	52	0
W	16287	7737	0
W	25890	142336	0
W	68158	133602	4
W	38611	66755	4
W	76777	51828	0
W	59844	119	0
W	16298	34759	0
W	87804	1929	0
W	22074	1183	0
W	21534	26632	0
W	48600	12816	0
W	45283	85422	0
W	67051	21466	0
W	49967	224244	0
W	16304	729	0
W	145444	6569	0
W	34650	9197	3
W	35689	24309	0
W	68139	29913	0
W	56115	1890	0
W	16307	14169	0
W	53391	14864	0
W	16308	5764385	6
W	22075	11905	0
W	25713	527696	0
W	49745	1906	0
W	59889	6693	0
W	66107	3060	0
W	36244	36660	0
W	33483	429754	0
W	23163	90165	5
W	124930	78	0
W	58087	12517	0
W	55382	36511	0
W	53972	102330	0
W	16321	158060	0
W	39934	26476	0
W	36322	20540	0
W	55383	4283	0
W	107000	7922	2
W	20414	25185	0
W	16325	1645137	0
W	89973	51597	0
W	166357	2278	1
W	16327	114404	0
W	16328	27193	0
W	67288	1628	0
W	167088	2	3
W	39443	22548	0
W	52231	4477	0
W	150668	20922	0
W	64886	2118	5
W	16330	10393	0
W	121398	15861	0
W	155330	64	0
W	75255	72	3
W	55997	81415	0
W	54456	5821	0
W	53308	20263	0
W	46090	1999	0
W	75089	137	0
W	93326	657	0
W	61234	6200	3
W	16333	66621	0
W	138216	9175	0
W	16335	340115	4
W	73112	761	0
W	168109	4	3
W	82592	2940	0
W	39195	3955	0
W	69312	38036	0
W	79887	2796	0
W	71379	31615	0
W	113665	426	0
W	47334	209846	0
W	26632	27638	0
W	72372	15090	0
W	29615	21463	0
W	96608	4360	0
W	35704	306324	0
W	36821	118610	0
W	16346	60554	0
W	67913	184503	0
W	16348	32044	0
W	60322	9728	0
W	43625	76574	0
W	16351	3432	0
W	168476	782	3
W	88604	1434	0
W	128091	932	0
W	77794	6624	0
W	73496	7604	1
W	75498	443	1
W	36295	125806	0
W	40426	9956	0
W	16357	62886	2
W	59273	8909	0
W	84081	13422	0
W	36395	51390	0
W	21118	16565	0
W	16361	14998	0
W	34823	127880	0
W	94829	4521	0
W	16365	338349	0
W	131120	6925	0
W	139136	10128	0
W	90907	3994	0
W	16369	271	0
W	68075	5184	0
W	106322	481619	0
W	55802	8348	0
W	65508	4854	0
W	55695	19405	0
W	47429	330049	0
W	55741	3608	0
W	81532	65551	0
W	58962	2593	0
W	129934	6621	0
W	54761	7325	2
W	61013	1250	2
W	33514	103206	3
W	33772	235599	0
W	119537	4646	0
W	37365	11333	0
W	29927	187596	0
W	125499	7108	0
W	133806	538	0
W	127822	1186	1
W	108240	25254	4
W	31029	32202	3
W	37007	13469	0
W	49968	288330	0
W	71965	76	0
W	85756	5540	0
W	72228	18875	0
W	16384	535	3
W	133513	1231	1
W	108966	21102	0
W	56578	23126	0
W	29905	7543	0
W	40165	3695	0
W	65100	36317	0
W	56689	5686	0
W	59776	56099	0
W	69381	131431	0
W	41586	29187	0
W	16392	115656	0
W	89355	5286	0
W	16393	7397752	6
W	16394	2275	4
W	129054	2670	4
W	66501	6033	2
W	59071	61361	0
W	39196	32030	0
W	39197	2444	0
W	16400	471976	0
W	35327	110314	0
W	76679	127187	0
W	32601	49190	0
W	37179	19304	0
W	60798	200749	0
W	39519	7215	0
W	84894	37975	0
W	40148	12261	0
W	53156	1277	0
W	71265	52568	0
W	35804	14315	0
W	62859	1118	0
W	29149	83009	0
W	16412	12	0
W	57156	2621	0
W	74346	9243	0
W	87447	737	0
W	75479	8173	3
W	57290	3900	0
W	55479	2146	0
W	81812	8028	0
W	77152	40882	0
W	42575	62304	0
W	16418	282841	0
W	54478	12864	0
W	49519	13325	0
W	35654	22636	0
W	63634	27870	1
W	48109	10116	0
W	41110	829356	0
W	43328	5291	0
W	37480	54655	0
W	167287	3045	0
W	29761	7475	0
W	86944	8042	0
W	57861	13333	0
W	43404	41623	3
W	72915	8850	3
W	16431	1867380	0
W	33165	1534	0
W	78460	10579	0
W	55309	998	0
W	75703	8290	0
W	29121	6964	0
W	88823	1673	0
W	106885	74	0
W	64662	3262	0
W	49853	15399	0
W	50971	28956	0
W	153552	733	0
W	52656	5134	0
W	44583	22800	0
W	53578	311	0
W	84982	6128	0
W	35369	1821	0
W	162148	750	2
W	58299	6953	0
W	49172	3424	0
W	32580	33829	4
W	56742	19335	0
W	38462	135035	0
W	16441	261097	0
W	134312	357	2
W	24860	107333	3
W	50514	4193	0
W	16445	4085	0
W	23272	12107	0
W	52778	1091	1
W	65288	40380	4
W	23273	1390	0
W	56781	5145	0
W	31761	15262	0
W	16450	620807	0
W	16451	27540	0
W	126229	18	0
W	113255	645	0
W	16453	17115	0
W	41172	12749	0
W	69632	71302	0
W	22382	30493	2
W	65691	5515	0
W	95666	153	0
W	111195	20988	0
W	56763	2502	0
W	16456	61484	0
W	84752	4366	2
W	75596	924	0
W	120284	5399	0
W	75241	188	0
W	134278	3018	0
W	134920	5018	2
W	124550	15721	0
W	106312	1395	0
W	48259	52953	0
W	100678	2914	0
W	66205	39703	3
W	46388	519	0
W	72926	8973	0
W	75694	62930	0
W	42070	78884	0
W	108273	17557	0
W	42796	14606	0
W	71956	8013	0
W	55604	13231	0
W	68304	1268	0
W	33773	229729	0
W	64065	4414	2
W	20711	4363	0
W	29773	445401	0
W	16468	377	0
W	40627	60890	0
W	85392	4832	0
W	48978	169141	0
W	142120	1203	0
W	82107	5548	0
W	16473	7681	0
W	65635	8545	0
W	40609	648	2
W	56197	3663	0
W	51219	4086	0
W	35200	22316	0
W	64686	27841	0
W	32241	16815	0
W	59811	39267	0
W	26784	105673	0
W	52881	235285	0
W	46995	241565	0
W	64985	18517	0
W	148420	4932	0
W	46733	1110	0
W	32356	129115	5
W	44029	31619	0
W	81777	28026	0
W	31390	136675	0
W	59877	237224	0
W	16484	1357421	0
W	20475	101776	0
W	63947	8269	3
W	31232	2407	3
W	16486	43	0
W	35520	4652	2
W	33603	813	0
W	71659	25719	0
W	36757	4109	0
W	33194	24696	0
W	16488	44	0
W	40310	26675	0
W	52097	3516	0
W	16490	3003997	5
W	50023	1898	0
W	22076	102799	0
W	59878	36359	0
W	45840	23890	0
W	110520	1944	0
W	64022	34637	0
W	75197	7810	0
W	106055	3474	0
W	22806	141	0
W	121152	6070	0
W	28450	115611	4
W	29640	34306	0
W	115635	35689	4
W	88605	1487	0
W	76815	227760	0
W	165660	29	2
W	73952	1173	0
W	95556	2242	0
W	20754	244388	4
W	92221	837	0
W	73497	1907	0
W	157004	1833	0
W	115700	1942	0
W	66087	1728	0
W	76871	120547	0
W	16495	520995	5
W	58008	5040	0
W	74306	71477	0
W	16496	26429	0
W	157558	63	3
W	115661	6238	0
W	33774	2239	0
W	37366	27647	0
W	26711	9322	0
W	16498	89379	3
W	33727	27644	0
W	74984	10021	0
W	79536	5269	0
W	65082	4365	0
W	16504	2462	0
W	48450	10052	0
W	28477	98806	0
W	127769	4397	0
W	55355	1388	2
W	60196	11600	0
W	16506	923	0
W	130386	4263	0
W	103930	20685	0
W	156355	27467	2
W	68785	42320	0
W	66300	5769	0
W	16508	85350	0
W	22383	344952	4
W	16509	1983	0
W	21384	370295	0
W	61498	65679	0
W	107705	1682	0
W	74975	582	0
W	41111	13180	0
W	44224	4540	4
W	76799	112455	0
W	109046	1651	0
W	131211	1654	1
W	16512	14061	0
W	56398	97233	0
W	84129	9431	0
W	72419	46517	0
W	78304	12898	0
W	65937	25284	0
W	123455	4934	0
W	46389	6181	0
W	16516	1472066	4
W	57088	76137	0
W	82836	4171	0
W	20598	15734	0
W	54330	2468	0
W	63725	20750	0
W	16524	73393	2
W	49660	40496	0
W	38882	48881	0
W	16526	801473	4
W	134825	1393	5
W	16527	19676	0
W	131589	10082	0
W	140517	136	0
W	16529	6612	0
W	43831	26549	3
W	20928	16173	5
W	124502	1825	0
W	56711	45674	0
W	25794	527163	4
W	16531	6525	3
W	121405	15389	0
W	95786	1112	0
W	84810	2221	0
W	16532	37858	0
W	157232	222	0
W	36396	36386	0
W	46328	94907	0
W	16536	1443	3
W	33386	50188	0
W	26712	337619	0
W	116043	1699	0
W	75318	17411	0
W	84238	2246	0
W	44248	10295	0
W	57938	6480	0
W	66319	5916	0
W	52366	66276	0
W	142331	46608	3
W	69615	213	0
W	53157	28677	0
W	81938	2755	0
W	74583	2669	0
W	21270	139353	0
W	16540	6939	0
W	16541	191595	3
W	61930	40232	0
W	16543	23773	0
W	78348	5145	0
W	36892	164494	0
W	16544	214990	0
W	62463	16041	0
W	55786	11627	2
W	45284	19510	0
W	57222	16189	0
W	95474	1874	0
W	78817	24685	0
W	72663	13789	0
W	34651	4441	0
W	51201	32736	0
W	42815	593101	0
W	62956	3078	0
W	66465	5707	0
W	20416	9828	0
W	84018	12150	0
W	52040	15106	5
W	35349	104086	0
W	160868	3860	2
W	162484	5039	3
W	83118	2804	0
W	40610	5207	0
W	57667	519703	0
W	16549	27560	0
W	62023	35295	0
W	132092	15177	4
W	21751	8237	0
W	121393	1995	0
W	36847	10245	0
W	33374	274590	0
W	16552	748	0
W	160341	2390	0
W	114973	11003	0
W	88729	2625	0
W	81130	13135	0
W	16556	1273	0
W	114288	1612	0
W	61812	5616	0
W	46390	15754	0
W	45348	65761	0
W	61978	2474	0
W	22807	396	0
W	29583	38909	1
W	30599	184145	0
W	74288	43618	0
W	40053	65526	5
W	16559	4103	4
W	40242	34766	0
W	137533	508	2
W	31762	126614	0
W	16562	1703	0
W	16563	1305923	0
W	103124	2691	0
W	150033	3913	0
W	71995	202582	0
W	39746	1306	0
W	70473	202	4
W	75322	1247	3
W	108997	15008	0
W	16573	4212	0
W	60861	17510	0
W	33127	74298	4
W	128965	39267	0
W	62110	3212	0
W	61026	5087	0
W	50024	782	3
W	39350	109928	0
W	87450	672	0
W	50443	1642	3
W	60609	3257	4
W	40652	82990	0
W	162946	1206	0
W	20237	428672	4
W	69578	39832	0
W	52834	27907	0
W	21119	58558	0
W	33997	19290	0
W	102356	10090	0
W	98168	5369	0
W	56250	2124	0
W	16580	115617	5
W	77612	13550	0
W	16581	15774	0
W	55787	13963	0
W	22077	724	0
W	70801	1364	0
W	16583	1990	0
W	92990	1207	0
W	55742	30865	0
W	81023	116421	0
W	76715	139165	0
W	37431	36824	3
W	60486	3329	0
W	16594	8631	0
W	63681	43331	0
W	32922	105715	0
W	146251	124	0
W	75154	777	0
W	23054	23535	0
W	46113	8895	0
W	36382	20727	0
W	56159	37497	0
W	44915	1159	0
W	63910	461	0
W	154017	411	0
W	128355	47115	0
W	69065	4755	3
W	155615	8866	0
W	16599	26314	0
W	62488	92912	0
W	118684	7412	0
W	63960	7188	3
W	64600	1473	0
W	48613	138898	0
W	41700	3412	0
W	64364	4039	0
W	41314	11801	0
W	16603	3097493	5
W	86111	4604	0
W	127864	784	1
W	51651	3696	0
W	62865	24984	0
W	52028	8606	0
W	38849	57604	0
W	54126	4322	0
W	122829	24329	0
W	43382	1588	0
W	66435	2604	2
W	24861	21514	0
W	49854	28376	3
W	104204	988	3
W	125930	1669	0
W	75707	10845	0
W	89595	5323	0
W	38025	18977	0
W	33998	3481	0
W	85616	2361	0
W	117429	20470	4
W	125127	393	0
W	81813	7046	2
W	126984	1374	0
W	16614	223380	0
W	37180	76348	0
W	35328	9395	0
W	56227	407975	0
W	39618	4931	3
W	61039	44544	0
W	138958	86	0
W	23165	369313	0
W	68853	17542	0
W	102225	2120	0
W	21812	47098	0
W	52092	106357	0
W	44762	214676	0
W	73523	14335	0
W	133136	1196	0
W	31795	53422	0
W	127856	1526	2
W	23505	102	2
W	24934	40935	0
W	56139	73599	0
W	79766	23735	0
W	127957	129668	0
W	61235	132501	1
W	16634	4926	0
W	32014	1953	0
W	131552	6582	0
W	161254	37	0
W	16638	6428	0
W	156063	605	0
W	124902	20352	0
W	123001	5000	3
W	64925	8286	0
W	50779	2674	0
W	91496	411	0
W	16640	235314	0
W	75003	12874	0
W	52543	17141	0
W	87211	422	0
W	29150	160099	2
W	28280	67687	0
W	16641	116	0
W	72684	43858	0
W	153663	108	0
W	16643	37892300	6
W	16644	602481	0
W	60124	25322	0
W	70701	1937	0
W	107341	31465	0
W	141087	10284	0
W	62906	50076	0
W	16646	291488	0
W	20238	244999	0
W	77060	88515	0
W	41562	30548	0
W	16648	236617	5
W	111631	6379	0
W	16651	1222584	5
W	26623	103491	0
W	37703	54401	0
W	43429	75286	0
W	56206	11229	2
W	16653	11149	0
W	137241	73	0
W	38515	172337	4
W	155853	534	0
W	95605	1475	0
W	30610	190918	0
W	63982	39554	0
W	81493	279503	0
W	16655	8520	0
W	87667	1555	0
W	55054	210857	0
W	40447	1438	0
W	64636	16922	0
W	77662	31859	0
W	20655	18357	0
W	74731	12839	6
W	34652	101763	0
W	44653	163268	0
W	41247	21269	0
W	47710	169875	3
W	16661	977735	5
W	51492	14917	0
W	134946	752	0
W	140352	24715	0
W	75711	7063	3
W	25716	25729	4
W	21535	66603	4
W	16662	19640	3
W	16664	137306	6
W	36496	119992	4
W	77108	85118	0
W	139994	809	0
W	16668	578715	0
W	109496	884	0
W	35554	98045	0
W	123493	2471	0
W	39830	27004	3
W	44153	240852	0
W	99502	3210	0
W	148268	2047	3
W	83803	6240	0
W	52072	7310	0
W	28451	18973	0
W	50273	3132	0
W	84781	2960	0
W	34824	68190	4
W	136843	1623	0
W	34792	30809	0
W	33590	22652	0
W	75351	3480	0
W	16681	4844852	4
W	33055	79292	0
W	95668	756	0
W	39548	29195	0
W	55823	10356	0
W	16684	10817	3
W	47335	94069	0
W	150268	10652	0
W	121859	6462	0
W	16687	225	0
W	32502	68093	0
W	107001	11871	0
W	36497	16883	0
W	82271	1784	0
W	31223	66946	0
W	16691	19665	0
W	39841	97307	0
W	53766	15595	0
W	16692	58676	0
W	116151	1001	0
W	131029	14	0
W	16693	16469	3
W	56579	1244	2
W	35466	158262	0
W	68441	310	0
W	60835	23334	0
W	66650	9685	0
W	46317	4149	0
W	143028	4006	1
W	137237	9480	3
W	101515	5142	0
W	65788	28335	0
W	69612	2306	0
W	70624	4002	0
W	90584	504	0
W	32320	55688	4
W	39565	4974	0
W	58430	27210	3
W	116662	897	0
W	52491	70338	0
W	56690	2864	0
W	67726	9559	0
W	32444	8211	0
W	55824	46704	0
W	36877	12977	0
W	65192	3046	0
W	64805	17718	0
W	36507	245571	0
W	16704	830385	0
W	35754	25017	0
W	21693	147650	4
W	63113	2378	0
W	38939	2082	0
W	93272	6024	0
W	50923	108005	0
W	51030	3124	0
W	54809	5602	0
W	42386	61940	0
W	28379	210093	0
W	28281	54880	0
W	43194	5894	0
W	61456	16460	0
W	16712	251432	0
W	104534	5700	0
W	60905	72850	0
W	57671	14743	0
W	36730	35878	4
W	65349	66784	0
W	29884	2835	0
W	49437	22164	3
W	29161	29061	3
W	16715	9372	0
W	47189	17425	2
W	70392	2174	0
W	48528	21680	0
W	89013	4742	0
W	62581	6045	0
W	115379	1161	0
W	133665	4779	0
W	16718	144577	0
W	117370	1982	0
W	16719	233229	4
W	48506	53392	0
W	145040	547	0
W	48146	2698	0
W	135272	1917	0
W	38612	58690	3
W	28137	13310	0
W	37502	3230	0
W	78706	14144	0
W	16725	76270	0
W	64954	1944	0
W	26359	52655	4
W	133792	2338	0
W	48274	118718	3
W	72199	8823	0
W	41981	2306	0
W	100723	7891	0
W	40818	1364	0
W	35449	161944	4
W	47551	7613	0
W	125775	3891	0
W	16733	19622	0
W	21172	179933	4
W	42349	93707	0
W	130061	297	0
W	61979	7698	0
W	16736	12187	0
W	81690	8646	0
W	25823	11073	0
W	104846	8421	0
W	42208	8244	3
W	62443	8611	0
W	78616	86555	0
W	38620	228643	0
W	63283	43324	0
W	58195	1066	0
W	163427	178	2
W	16744	8829	0
W	156422	129	0
W	99917	16687	0
W	128060	860	0
W	21065	109435	6
W	16749	281	0
W	66747	1226	0
W	16751	1505356	0
W	22078	35257	0
W	16752	120837	0
W	45873	2714	0
W	50598	30282	0
W	69820	11793	2
W	31343	33088	0
W	16753	39661	0
W	40954	3483	0
W	36017	20889	4
W	74055	35828	0
W	57624	4865	0
W	83953	339	0
W	93554	33106	0
W	16757	649	3
W	28097	119138	0
W	84360	10677	0
W	143548	2903	0
W	65817	57717	3
W	40243	22055	2
W	162157	367	1
W	49470	151379	0
W	49607	5293	0
W	41959	1437	0
W	67610	7387	0
W	16763	441916	0
W	63736	1312	0
W	54056	51504	0
W	56506	2865	0
W	70991	62723	0
W	68749	183	0
W	16765	9291	0
W	49077	106370	0
W	49953	29203	0
W	16766	20205	0
W	26815	13307	4
W	49940	92050	0
W	54762	67192	2
W	41094	117692	0
W	49201	5047	0
W	103125	8337	0
W	104024	2692	0
W	100347	3176	0
W	45130	133279	0
W	48839	1836	0
W	81009	26162	0
W	54289	11652	0
W	73817	6785	0
W	16775	11009	0
W	157559	37	0
W	97637	32863	0
W	68680	9249	0
W	39747	119309	0
W	59628	8462	0
W	73754	107922	0
W	85758	2825	0
W	39155	200729	5
W	64476	16301	0
W	36786	16462	2
W	136849	74	0
W	140036	6380	0
W	21243	116245	0
W	33648	18695	4
W	53581	114	0
W	42448	23353	2
W	58983	2187	0
W	70430	35322	0
W	66311	282583	1
W	86834	2537	0
W	28452	266872	3
W	58606	1415	0
W	139439	245	0
W	119807	10475	0
W	35755	2270	0
W	36524	99796	4
W	22079	396	3
W	29906	113361	0
W	91350	6645	0
W	16785	175471	0
W	41925	30693	0
W	64643	3142	0
W	56815	27043	0
W	123980	2596	0
W	21066	37882	0
W	107275	662	2
W	35575	26693	0
W	93147	107567	0
W	75118	12696	2
W	56795	9072	1
W	32420	113908	4
W	68724	231	0
W	52378	13461	3
W	108241	2482	0
W	78384	80139	0
W	57963	13785	3
W	128348	9027	2
W	62559	32035	0
W	65930	1328	0
W	24896	424948	0
W	58047	28847	0
W	167515	4824	0
W	16789	334228	0
W	153719	1197	3
W	64593	98317	0
W	34623	83270	0
W	94743	27064	0
W	16792	631	0
W	160329	130	2
W	78864	13132	0
W	39748	234312	0
W	42098	783	2
W	16794	10563	0
W	79172	31684	0
W	34611	23634	3
W	87451	2435	0
W	133838	23524	2
W	55612	128008	0
W	69609	10199	0
W	43405	4384	0
W	60039	49209	0
W	54290	13993	0
W	16796	1784835	0
W	16797	8849	0
W	16798	175429	0
W	16799	343325	0
W	67357	81740	0
W	49438	5782	3
W	123939	2755	0
W	16804	245348	0
W	91716	2683	0
W	16805	9268	0
W	75250	194	0
W	32306	52293	0
W	73478	82471	0
W	54001	2119	0
W	52713	6568	0
W	38678	12894	0
W	48536	31545	0
W	31119	350980	3
W	48329	80977	0
W	16810	15144	0
W	16812	3381	0
W	79960	350678	0
W	16814	1354009	0
W	16815	377435	0
W	46756	13270	3
W	73768	4577	0
W	16816	475	0
W	79141	83440	0
W	16818	5115	0
W	48476	10603	0
W	67996	3058	0
W	64601	93105	0
W	31727	143229	0
W	16821	407242	4
W	21483	83157	0
W	48574	6489	0
W	81778	7174	0
W	21694	238194	0
W	125725	2327	0
W	35521	87664	0
W	50797	369	0
W	100296	7952	0
W	73395	502	0
W	37102	13374	0
W	47879	1929	0
W	35690	69785	0
W	131212	8700	0
W	127980	867	0
W	16829	3833	0
W	128027	2151	0
W	134212	284	0
W	70279	13914	3
W	16832	45208	0
W	76603	55703	0
W	16834	454607	0
W	34762	78401	0
W	67597	21262	0
W	73898	4249	3
W	16835	303552	0
W	74595	5000	2
W	16836	3414	0
W	68473	861	0
W	71318	18594	0
W	33026	58182	0
W	57894	21827	0
W	127853	6626	0
W	22817	449	3
W	56457	47497	0
W	39549	364	0
W	31256	12692	0
W	89147	2648	0
W	40054	45701	0
W	123981	3253	0
W	16842	8077	4
W	77854	48101	0
W	135396	8232	0
W	39949	6064	0
W	16844	744372	0
W	52925	16094	0
W	74944	2879	0
W	76492	198495	0
W	158374	940	0
W	16847	232763	0
W	40513	347640	0
W	54769	7089	0
W	56866	183254	0
W	69076	21743	0
W	41623	112984	0
W	79284	10167	0
W	22818	141	0
W	38238	26099	4
W	65040	8901	0
W	49881	14403	0
W	38679	136456	0
W	38635	6252	0
W	34763	34865	0
W	139866	2136	0
W	21752	40449	2
W	72989	7426	0
W	72829	5147	0
W	93189	8336	0
W	69091	715	0
W	21813	12836	3
W	54763	2217	0
W	40570	1494	0
W	106927	32603	0
W	68020	1467	0
W	52882	75511	0
W	22230	511	3
W	61435	18602	0
W	127908	80	0
W	37268	6902	3
W	16853	3973332	6
W	148263	6609	3
W	108676	21854	3
W	16854	133789	0
W	66416	4978	0
W	16856	6260	0
W	53582	338	0
W	37026	8289	0
W	57524	42577	0
W	16860	1336415	0
W	33700	172724	0
W	106226	8029	0
W	38288	86305	2
W	53934	77793	0
W	16861	524	0
W	61293	13742	0
W	49856	106375	0
W	49981	9468	0
W	72555	9781	0
W	63985	189574	0
W	16862	178036	4
W	16863	14996	4
W	45158	224595	3
W	58316	9394	0
W	35767	76691	0
W	48967	2661	0
W	95197	6655	0
W	54613	4108	0
W	132104	2221	0
W	36360	17507	2
W	63196	120304	0
W	164803	1487	0
W	46030	105592	0
W	16868	271	0
W	74011	3084	0
W	20359	12398	0
W	69660	4100	0
W	55803	28380	0
W	36155	11659	0
W	59800	1453	0
W	22252	3444	4
W	63924	10908	0
W	108677	27523	0
W	48260	242120	4
W	68750	3083	0
W	157560	362	0
W	49508	88374	0
W	64799	1992	0
W	60652	183831	0
W	36771	202751	3
W	78463	6299	0
W	98124	8401	0
W	43030	10338	0
W	69223	2487	0
W	135807	401	0
W	81903	5077	0
W	23056	4900	0
W	62603	20072	0
W	38910	6192	0
W	36361	22007	4
W	78086	25441	0
W	50090	19157	3
W	37774	11111	3
W	83722	19436	0
W	36878	169927	0
W	72842	57438	6
W	114330	178	0
W	118532	4950	0
W	41209	19740	0
W	72166	11608	3
W	52332	39444	0
W	16884	7011999	6
W	66555	495	1
W	16888	1863	0
W	91276	6692	0
W	29855	236291	5
W	79944	5421	0
W	16891	31562	0
W	56732	1501	0
W	82015	13535	0
W	31257	70524	3
W	59404	24476	0
W	37725	75798	0
W	16896	7867	3
W	16897	8953	0
W	88963	30269	0
W	118626	4252	0
W	103456	1734	2
W	160643	1322	0
W	59142	421	0
W	20229	55244	5
W	20599	19930	0
W	52883	31504	0
W	82490	7911	0
W	38691	1778	0
W	63042	2322	4
W	163889	1353	2
W	73233	5220	0
W	16907	141386	0
W	131617	571	0
W	42667	979	0
W	16908	24399	0
W	20621	27068	0
W	77944	20574	0
W	16911	753646	0
W	69333	52785	3
W	28217	89141	0
W	32552	74186	0
W	16912	5972802	7
W	98336	36215	0
W	50656	16185	0
W	84480	1687	0
W	29162	8950	4
W	87806	542	0
W	21652	31824	0
W	168013	6	2
W	29208	47061	4
W	75170	1704	0
W	36158	78944	0
W	71525	120670	0
W	80394	9793	0
W	112591	15255	0
W	48275	1032	0
W	34764	353175	0
W	54282	35788	0
W	49896	219637	0
W	93229	15189	0
W	127356	3280	0
W	24807	141152	0
W	59495	1099	0
W	38240	110164	0
W	67570	8464	0
W	33195	287027	4
W	78385	11101	0
W	98170	10258	0
W	85334	22815	0
W	16919	195736	0
W	40166	48904	0
W	43297	2343	4
W	121842	1728	0
W	45950	2509	0
W	23203	535854	0
W	52671	4160	0
W	16923	230775	0
W	60139	86414	0
W	111046	1376	0
W	40653	71282	0
W	35679	1358	0
W	52279	15933	3
W	28058	114408	0
W	100348	4221	0
W	32513	316867	5
W	16930	285455	0
W	59415	662	0
W	54587	2297	3
W	23507	62	0
W	25717	191004	0
W	43154	3378	0
W	43226	13005	0
W	35160	106085	0
W	40427	15852	4
W	75417	2942	0
W	56556	4155	4
W	137926	1602	0
W	86488	1986	0
W	26739	11882	0
W	63369	76858	4
W	21583	35284	0
W	55879	99176	0
W	115209	4347	0
W	141885	5111	0
W	35610	22596	0
W	154076	1493	0
W	48013	740	0
W	78605	3722	0
W	25974	55933	0
W	16935	1039881	0
W	16936	1611624	6
W	16939	23287	0
W	71397	1161	0
W	128033	3388	3
W	50520	138187	5
W	46970	61842	0
W	65391	13956	0
W	126017	21604	0
W	62948	1892	0
W	37432	8826	0
W	96135	3754	0
W	63612	13073	0
W	63769	558	0
W	144885	7613	0
W	141460	11778	0
W	40055	9754	0
W	57386	72390	0
W	25975	20338	0
W	16944	8426	3
W	16946	547996	0
W	77402	14257	0
W	40533	356910	0
W	54097	17326	3
W	62717	8958	0
W	128008	140	0
W	111851	430	0
W	58094	49226	0
W	40955	53515	0
W	108400	3805	1
W	66617	54596	0
W	16955	257785	6
W	69216	10171	0
W	125914	9602	0
W	41354	438	0
W	38039	4408	0
W	16956	518	0
W	74580	2735	0
W	53712	42406	0
W	69947	1070293	0
W	36383	650	3
W	127488	1548	0
W	131763	2764	3
W	61728	45318	2
W	68271	2560	3
W	72142	9112	0
W	53366	1691	0
W	59076	180914	0
W	52473	5303	0
W	63080	33402	0
W	16965	685110	0
W	46806	24169	0
W	88071	1111	0
W	70295	746	2
W	38310	6990	4
W	16967	2660	3
W	132979	40269	0
W	29774	26803	4
W	63631	6851	0
W	21537	9030	0
W	26653	43087	3
W	76709	108736	0
W	16969	1054123	5
W	16970	1603393	0
W	78276	61536	0
W	50275	2684	0
W	55562	10262	0
W	159150	4065	0
W	16975	115602	3
W	16976	284561	0
W	42709	54333	0
W	52544	322369	0
W	83242	917	0
W	16981	468875	0
W	72672	12220	0
W	73634	81477	0
W	110777	95373	0
W	69953	64737	4
W	55259	760	0
W	66447	22369	0
W	116078	791	0
W	38621	62418	0
W	47852	13623	4
W	33640	954	0
W	46487	8491	0
W	96610	7410	0
W	41474	62804	0
W	47171	9105	0
W	84782	2623	0
W	38290	12047	0
W	49882	20987	0
W	61146	6952	0
W	44976	3622	0
W	135111	1417	0
W	45354	315447	0
W	74124	11848	0
W	129638	3991	3
W	69203	158872	3
W	77560	13562	0
W	88825	3239	0
W	142542	390	0
W	56174	7511	0
W	95735	26299	0
W	54343	14729	0
W	70190	40058	0
W	68133	1752	4
W	20314	235971	0
W	35499	126772	5
W	55673	121641	4
W	65825	19367	5
W	50836	4655	3
W	48843	6349	0
W	58729	33215	0
W	56207	55904	0
W	62623	25517	0
W	39007	47472	0
W	131977	1473	0
W	139766	1118	0
W	74832	3177	0
W	29762	4610	3
W	17003	255550	5
W	84753	1652	0
W	21387	237064	0
W	17006	2307	0
W	66597	21015	0
W	128172	1551	0
W	157562	44	0
W	28479	76209	0
W	100868	2005	0
W	17010	8527	0
W	61580	37991	0
W	47133	12416	0
W	136015	220	0
W	43954	30333	0
W	17013	3522	0
W	165206	1897	4
W	114128	1309	0
W	106886	32642	6
W	65443	15850	0
W	20844	31039	0
W	17017	6658	0
W	21667	123495	5
W	17020	202718	5
W	17021	10444	4
W	78681	88676	0
W	98988	1260	0
W	71461	16821	0
W	71006	5477	0
W	50445	182	0
W	68469	9407	0
W	55743	31149	0
W	160652	1565	3
W	17023	21816	0
W	17024	567103	0
W	17028	8834	0
W	75967	14067	0
W	68606	28477	0
W	150470	100932	5
W	75690	4592	0
W	79599	12044	0
W	17031	408543	0
W	54906	18018	0
W	17033	61548	5
W	128185	3233	0
W	73639	2247	0
W	17034	36394	0
W	17035	9205	0
W	62489	3765	0
W	56175	17877	0
W	44844	4597	0
W	83980	148412	0
W	133035	2597	2
W	128084	1774	2
W	75088	3476	0
W	20672	2486	0
W	33128	61732	3
W	44764	348935	0
W	17037	4752	2
W	106902	1494	0
W	29962	13774	0
W	25720	289902	0
W	39330	228938	4
W	48253	16238	3
W	41497	1657	0
W	51674	21247	0
W	17048	208015	0
W	60508	13051	0
W	123423	11007	0
W	61845	405	0
W	35594	20000	3
W	39831	11140	0
W	41674	59546	3
W	111705	896	0
W	44117	2530	0
W	90437	9520	0
W	17060	257890	3
W	36430	99055	4
W	57035	39575	0
W	17063	25331	0
W	20755	133872	0
W	17065	178382	0
W	21411	377454	0
W	43685	173447	0
W	31233	13678	0
W	60745	41952	0
W	53973	5783	0
W	17070	77271	0
W	63330	4203	0
W	33958	140193	4
W	107029	2484	0
W	31187	46763	0
W	28067	2806	0
W	32981	19674	0
W	87452	2563	0
W	106555	3119	0
W	38883	42033	0
W	50745	39883	2
W	78256	16447	0
W	56116	15919	0
W	31069	11988	2
W	136617	522	0
W	70532	5591	0
W	61011	14630	0
W	17075	264150	5
W	34624	165141	0
W	49599	28037	0
W	87360	9345	0
W	25892	586803	5
W	22488	11309	4
W	137757	3757	0
W	17078	5899	0
W	52210	1607	0
W	38215	3067	0
W	31938	51579	0
W	17080	600	0
W	34625	11738	0
W	128447	1356	0
W	115039	24786	0
W	89768	4526	0
W	94397	3622	0
W	17087	251109	0
W	17089	26299	0
W	33533	164958	0
W	61316	9703	0
W	168239	472	3
W	49058	74624	0
W	17092	615	0
W	17093	326353	5
W	17094	4401	0
W	128209	2370	0
W	51053	2489	0
W	72561	23746	0
W	21668	215383	3
W	17096	62157	5
W	144521	1218	0
W	44446	7506	0
W	35448	3122	0
W	21814	365502	0
W	61014	1807	3
W	17099	16535	4
W	54934	14123	0
W	117101	5631	0
W	108082	3846	0
W	59315	34729	0
W	17103	113435	0
W	39589	16676	0
W	35576	33645	0
W	29122	29195	3
W	35673	4794	0
W	111563	4005	0
W	54449	10424	3
W	55973	155945	0
W	117213	1736	0
W	106928	22018	0
W	70827	629	0
W	91399	3593	0
W	103907	70630	0
W	17112	783	0
W	57427	2662	0
W	68889	1361	0
W	69241	25456	0
W	17115	39427	0
W	17116	264077	0
W	17117	2314	0
W	52093	9101	0
W	29788	70374	0
W	47039	99857	0
W	61310	12739	0
W	21753	155249	0
W	43306	22470	0
W	103046	537	0
W	47540	316422	4
W	34000	6378	0
W	17121	5026	0
W	87147	1868	3
W	17124	10358	4
W	35234	4623	4
W	134457	1689	0
W	64394	16759	3
W	61813	577	0
W	168251	16	2
W	74314	1230	0
W	44753	67454	0
W	44621	17380	0
W	76734	73938	0
W	42563	57841	0
W	65740	24667	0
W	43955	71165	0
W	44091	107713	0
W	149542	1145	3
W	75026	11956	6
W	62644	20849	0
W	24953	3020	2
W	20208	32862	4
W	50764	115138	0
W	41419	1355575	0
W	64921	63928	0
W	42139	5308	4
W	57355	12607	0
W	17135	257366	4
W	47238	98773	0
W	21840	4339	4
W	60377	5888	0
W	106778	98	0
W	33788	168147	0
W	56842	20005	3
W	17140	574466	0
W	67862	36694	0
W	68886	821	0
W	127752	1785	0
W	56627	72375	0
W	167635	168	0
W	89464	1513	0
W	93657	1951	0
W	83969	108535	0
W	20846	4951	3
W	21067	284429	0
W	76493	207701	0
W	17143	101357	0
W	86198	870	0
W	17147	1951	3
W	149535	5782	3
W	65741	2033	0
W	17149	1075	0
W	21209	44446	0
W	23274	15738	2
W	111968	15496	0
W	44262	20485	4
W	101003	178	0
W	36913	29899	0
W	17150	658605	5
W	112438	879	0
W	144065	4092	3
W	17151	114285	0
W	73222	8143	0
W	17152	100	0
W	67798	15652	4
W	17154	8845	0
W	17155	12579	3
W	49522	11104	5
W	20267	87777	0
W	123588	2237	0
W	68420	17129	0
W	22285	59682	0
W	59605	288020	0
W	54157	19234	0
W	122257	924	3
W	36329	14472	0
W	17158	11617	4
W	25700	26904	0
W	62070	5355	0
W	58431	8148	0
W	42515	3014	0
W	17161	624177	4
W	128148	359507	0
W	69420	601	1
W	25918	67218	0
W	64696	82	0
W	145213	776	3
W	17165	98075	0
W	40956	769	0
W	36567	38894	0
W	151638	479	2
W	77156	35078	3
W	62837	401	0
W	160027	31	2
W	52094	906	2
W	65219	4311	0
W	116486	1151	0
W	20418	108837	0
W	40313	5424	3
W	62671	155	3
W	31161	40438	0
W	31368	16137	0
W	36731	17652	2
W	45996	67590	5
W	58355	4878	0
W	102871	9210	0
W	150466	123	0
W	40751	1633	0
W	67693	80374	0
W	26624	46537	3
W	17175	150440	0
W	80839	12884	0
W	23275	67341	0
W	17176	8930	0
W	54949	591	4
W	137398	367	0
W	58881	24727	0
W	75328	1000	2
W	71876	76822	0
W	110728	13013	0
W	17178	243800	6
W	91351	2233	0
W	98989	1201	0
W	125143	8747	0
W	70123	4931	0
W	26360	8838	3
W	134558	295420	3
W	36527	932	0
W	36018	161605	0
W	56121	3483	1
W	39550	23373	0
W	140857	2891	0
W	53016	5975	0
W	106887	59	0
W	17191	648	0
W	17192	86305	5
W	50746	2427	0
W	25976	16608	3
W	134159	2895	4
W	62167	187	0
W	17195	2002	0
W	44891	14821	0
W	73388	1577	0
W	125113	2888	0
W	17196	68324	4
W	57644	184255	0
W	36975	4627	0
W	21815	25668	0
W	43647	7845	0
W	33959	541772	5
W	74732	41	0
W	75285	13880	0
W	44989	368	0
W	122535	5951	0
W	54040	1936	0
W	17205	11056	0
W	160288	107	0
W	17207	351	0
W	17208	6127	0
W	70702	639	0
W	102078	1697	0
W	56782	409431	0
W	78904	9654	0
W	151931	533	2
W	57707	121533	0
W	75504	657	0
W	36101	112968	0
W	17210	1580	3
W	68237	705	0
W	69960	16874	0
W	127883	190038	1
W	133692	4200	0
W	75460	69	0
W	129002	258	0
W	114150	2366	0
W	59515	1648	0
W	29209	141019	4
W	17212	886	2
W	17213	4713	0
W	46717	2140	0
W	55826	2266	0
W	45349	85002	0
W	35720	2900	0
W	108579	674	0
W	122258	3917	2
W	39749	58148	0
W	63582	24716	0
W	153821	1681	2
W	154072	2360	0
W	113525	7034	0
W	37015	4083	0
W	66453	311	0
W	17217	35823	0
W	84082	16334	0
W	21647	45728	0
W	17218	22055	0
W	137446	3678	0
W	17219	1107258	6
W	59282	4700	3
W	81760	27279	0
W	39750	57198	0
W	127661	1370	2
W	63503	942	0
W	69923	3325	2
W	131702	3216	0
W	41420	33436	0
W	20531	9798	3
W	53462	10980	0
W	48845	1035	2
W	20600	75533	0
W	31391	14353	0
W	82491	4119	0
W	57625	13661	0
W	120623	77	0
W	130360	3082	0
W	31070	3366	0
W	153966	34	0
W	23059	714	0
W	55044	9094	0
W	66690	4288	0
W	17223	5057	0
W	136502	12140	1
W	108452	1767	0
W	54494	4656	0
W	17224	85896	5
W	41391	8576	0
W	39800	4056	0
W	54986	1470	3
W	38730	12225	0
W	37367	46123	0
W	127878	1294	3
W	98222	3779	0
W	128085	4453	0
W	107069	3348	0
W	30537	11362	2
W	127789	107	0
W	64607	9699	2
W	115665	58	3
W	42816	3119	0
W	127770	1210	0
W	68500	464	0
W	60596	24529	0
W	62582	9017	0
W	164088	2821	1
W	47532	4293	0
W	17230	15462	0
W	17231	1280217	5
W	57291	192696	6
W	52763	5711	0
W	87927	9038	0
W	167146	53939	0
W	168198	1794	1
W	56313	398	0
W	42516	1848	0
W	63956	69142	0
W	50625	15391	0
W	36410	24643	0
W	37181	71249	0
W	17232	76446	0
W	17233	77934	0
W	47880	92208	0
W	53626	9455	3
W	56411	2402	4
W	70294	47	0
W	70856	283	0
W	25746	8311	0
W	17235	508492	0
W	79285	15870	0
W	61050	8125	0
W	20360	12428	3
W	47533	26757	2
W	28420	147991	3
W	85043	22366	0
W	48440	2745	0
W	58863	1453	0
W	17239	19570	0
W	36330	25063	0
W	167058	16	2
W	55131	1870	0
W	145958	2159	0
W	55696	91300	0
W	163801	8756	0
W	17242	1058	0
W	45804	4386	0
W	34716	11710	0
W	79439	22145	0
W	72600	693	0
W	159424	1342	4
W	61259	3299	0
W	153511	944	0
W	45192	6077	0
W	17245	59186	0
W	17246	680775	0
W	160590	1584	1
W	65857	88269	0
W	145041	1551	1
W	44346	26009	3
W	45159	18834	0
W	58145	4964	0
W	37569	12546	0
W	17249	1574639	6
W	23512	194	0
W	42853	3115	0
W	17251	2267	0
W	68769	434	0
W	67201	4117	0
W	65782	41819	0
W	65312	86817	0
W	17253	667	0
W	139614	12311	0
W	115701	25409	0
W	34002	4119	0
W	57565	1760	0
W	38233	22009	0
W	57800	1982	0
W	143780	557	0
W	123359	407	0
W	31259	74343	0
W	17259	621	0
W	17260	252807	0
W	21754	5998	0
W	39418	5051	0
W	59918	257342	4
W	140475	1782	0
W	159273	6230	1
W	107183	12906	0
W	22432	4903	0
W	29343	10766	0
W	82199	5458	0
W	34793	204461	0
W	44013	13178	0
W	47760	62056	3
W	110206	2195	0
W	17263	155998	0
W	17264	237978	0
W	136854	2135	0
W	72526	15041	0
W	108083	1583	0
W	35738	35907	0
W	77437	24366	0
W	76360	2807	0
W	36121	2011	0
W	17267	985818	6
W	29123	10242	0
W	38400	8570	0
W	146223	24357	2
W	39999	16511	0
W	17269	860	0
W	25847	167025	0
W	26683	119296	0
W	72162	9609	3
W	29616	90697	4
W	48575	35026	0
W	77404	76261	0
W	59011	9155	0
W	56063	6725	0
W	32326	88973	5
W	33056	304908	0
W	30588	225021	0
W	63414	54755	4
W	29210	22685	0
W	25747	47789	0
W	159845	16	0
W	81010	23811	0
W	33105	381423	0
W	17275	779328	4
W	17276	55378	0
W	62112	33708	0
W	73566	21509	0
W	34653	96873	0
W	94660	1074	0
W	131622	698	0
W	70001	40684	0
W	20713	13781	3
W	17280	574708	0
W	47439	13104	0
W	36790	145336	0
W	65344	167091	0
W	74631	59195	0
W	17284	138799	0
W	31872	387459	0
W	35806	30089	0
W	103171	2551	3
W	38911	85107	0
W	17288	721	4
W	63242	12443	0
W	17289	170383	0
W	49883	165333	0
W	42449	27485	3
W	81534	32778	0
W	35994	4744	0
W	38377	135846	0
W	20268	36092	0
W	95515	1650	0
W	58146	3450	0
W	21538	27725	0
W	33106	274559	0
W	111819	3378	0
W	17295	14877	0
W	41690	90333	0
W	62771	7547	0
W	81505	27825	0
W	86637	106796	0
W	29593	107692	4
W	73172	552	0
W	40149	162666	0
W	88015	2657	0
W	163113	28	2
W	161889	2718	0
W	34765	37669	0
W	66379	9607	0
W	59919	32563	0
W	46329	10598	3
W	17302	93590	0
W	62935	4971	0
W	128718	143	0
W	43570	103031	4
W	78046	26066	0
W	39368	104277	3
W	17306	268575	0
W	29344	68588	3
W	47193	165	0
W	32650	18383	0
W	29907	107890	0
W	17308	2691	0
W	64745	149	0
W	52897	1050	1
W	128028	13987	4
W	137421	885	0
W	62694	22415	0
W	139867	13154	0
W	57292	31230	0
W	127788	1608	2
W	129046	1099	0
W	58482	1358	0
W	73774	915	0
W	71138	41105	3
W	20476	62430	0
W	43237	3863	0
W	147904	6064	0
W	106094	701	0
W	125739	1294	0
W	17312	1964	0
W	56508	378	0
W	126204	19903	5
W	72542	429	0
W	41176	24317	0
W	17316	1690917	0
W	73630	171067	0
W	17317	68464	0
W	67540	184	4
W	87901	2585	0
W	78692	65945	0
W	63967	43385	0
W	68496	5872	3
W	17322	259214	0
W	124931	9070	3
W	17325	1013383	7
W	102183	8495	0
W	167875	187	2
W	137238	7894	4
W	17326	331286	0
W	17327	419	0
W	55234	595635	5
W	76638	112070	0
W	37716	249560	4
W	42253	15560	0
W	53319	86066	0
W	49761	8259	0
W	61204	93157	0
W	17329	862066	0
W	17330	5635	0
W	21585	37284	0
W	31327	229746	0
W	17333	3118020	0
W	17334	435035	0
W	59743	100	1
W	54614	7638	0
W	17335	13565	0
W	22286	14123	0
W	112447	7861	0
W	21388	47449	0
W	56558	11147	0
W	17337	571149	4
W	119402	10673	0
W	17339	32890	0
W	34766	5959	0
W	17341	82157	0
W	80357	18377	0
W	54668	66850	0
W	112718	6941	0
W	64513	11159	0
W	46988	34236	0
W	39457	4339	0
W	103931	21716	0
W	47120	29911	0
W	70502	1921	0
W	138601	1142	0
W	64497	27738	0
W	59443	47043	0
W	158911	14490	0
W	58975	97974	0
W	116582	310	0
W	46345	431642	0
W	51732	132861	0
W	49188	45861	2
W	115662	1650	0
W	34295	19631	0
W	17352	4591	0
W	72504	9914	0
W	64135	23471	0
W	17354	12204	0
W	35370	18629	4
W	138418	489	1
W	60935	3226	0
W	90542	2165	0
W	17355	81972	0
W	17358	3166	0
W	17359	466446	0
W	143800	721	1
W	35215	10770	0
W	26794	39032	4
W	36528	80602	3
W	17363	12856	0
W	126992	2755	0
W	61917	6329	0
W	39138	14538	0
W	70644	240044	0
W	17365	1238698	6
W	50280	17909	0
W	52073	84721	0
W	63137	40267	3
W	17367	19516	0
W	42058	35486	0
W	126147	2730	0
W	38492	100210	3
W	17368	476	0
W	58281	1639	0
W	31128	23428	0
W	138610	12653	0
W	17371	344038	0
W	129933	294	0
W	37492	109921	0
W	51412	17065	0
W	17374	47108	0
W	77189	33681	0
W	69607	17302	0
W	50719	31068	1
W	17376	177758	0
W	17377	4079700	0
W	35404	4581	0
W	64399	13147	3
W	43728	85261	4
W	42370	11068	0
W	17381	57786	0
W	17385	439	0
W	149676	669	1
W	65571	2282	0
W	20315	13548	0
W	36431	5842	4
W	123627	3763	0
W	111076	2131	0
W	23061	19406	0
W	127928	965	0
W	67330	6958	0
W	168071	56	0
W	85232	3462	0
W	33927	11067	0
W	72275	5058	0
W	17392	160142	0
W	99264	15864	0
W	17394	12953	0
W	49411	61823	0
W	38474	2130	3
W	109124	9205	0
W	35201	1844	0
W	37248	24703	0
W	105193	7605	0
W	17396	34859	0
W	120300	5700	0
W	153415	1391	0
W	43383	14413	0
W	41592	130079	3
W	60045	17603	0
W	122437	4480	3
W	152408	6035	3
W	39540	21139	0
W	68042	120	0
W	33027	27170	0
W	20929	74796	4
W	78682	45268	0
W	47541	163706	0
W	137824	8692	0
W	21271	51747	0
W	58128	23506	0
W	32483	84428	3
W	64813	1968	0
W	51988	28478	1
W	22253	37399	0
W	101244	282	0
W	42928	17744	3
W	62178	2423	2
W	17413	165896	0
W	49509	83159	0
W	119956	13233	0
W	131203	517	3
W	25824	16433	0
W	34296	97973	0
W	131030	26928	0
W	21210	54037	0
W	17417	1292816	0
W	28310	90034	0
W	17418	692856	0
W	87454	3487	0
W	42128	10071	0
W	114008	7722	0
W	57332	2099	0
W	41228	3888	0
W	132304	36810	4
W	33186	25133	0
W	109852	4508	0
W	128147	3491	1
W	85044	20852	0
W	21586	4781	3
W	25977	11224	0
W	17424	15710	0
W	17426	61	0
W	153008	80	0
W	54669	3551	0
W	29856	40676	0
W	54935	992	0
W	52305	62467	0
W	31954	92573	0
W	17430	160708	0
W	17431	2223	0
W	56177	99269	0
W	31737	117769	0
W	17433	48	0
W	65125	18250	0
W	51936	844	3
W	58976	145	0
W	32651	112009	0
W	49144	5586	0
W	49769	6302	0
W	23309	38461	0
W	34297	3905	2
W	17437	49461	4
W	31939	2912	0
W	20477	140412	0
W	73886	5612	0
W	126867	4399	0
W	53936	31474	2
W	65538	25423	0
W	107315	66	0
W	61541	40970	0
W	60027	60872	0
W	17441	7101	0
W	36411	81750	0
W	47336	369593	0
W	159972	4537	1
W	17442	1114	0
W	55448	26546	0
W	54179	39662	0
W	40753	4421	0
W	44527	7256	0
W	89294	610	0
W	23310	23535	0
W	155477	6448	1
W	57659	104523	0
W	53445	5333	3
W	43555	3862	0
W	25945	70381	0
W	81516	34307	0
W	69813	2981	0
W	31912	13050	0
W	140682	1927	0
W	68477	7331	0
W	45570	995	0
W	21389	117203	0
W	42459	29155	0
W	30751	1405	0
W	40381	20484	0
W	17455	7436	0
W	17456	1051512	0
W	55215	27674	0
W	23668	6344	5
W	17457	3336	0
W	69262	24824	0
W	32295	2618	0
W	37887	575	0
W	41624	1694	0
W	125107	4714	0
W	77042	46547	0
W	130012	11156	0
W	21841	715	0
W	69087	108476	2
W	17462	70661571	0
W	38011	4799	0
W	43860	19202	0
W	23276	66790	2
W	47455	2689	0
W	145880	12241	0
W	156064	1035	2
W	28068	7858	3
W	17466	636762	0
W	48490	20428	0
W	17467	239933	6
W	23277	31793	0
W	56550	14020	0
W	140880	128	0
W	40482	378531	0
W	96138	3661	0
W	17469	160517	0
W	75070	310	3
W	61497	4022	3
W	43925	16776	0
W	72609	35324	0
W	62542	27718	0
W	17472	4996067	0
W	49762	3680	3
W	87810	2174	0
W	44186	9041	0
W	22385	214300	1
W	86783	5136	0
W	132225	2858	1
W	37016	209264	0
W	21068	121404	0
W	62983	17165	0
W	48151	25456	4
W	25775	26836	0
W	52753	2912	0
W	127619	1997	0
W	21184	171070	0
W	49110	2690	0
W	17483	1109614	0
W	22231	115898	0
W	38543	215818	0
W	79324	5125	0
W	144049	16	0
W	17486	8903	0
W	84983	10470	0
W	23515	285	3
W	105316	96	0
W	41315	6081	3
W	33129	16115	1
W	128904	130	0
W	29885	298860	4
W	98173	2244	0
W	45874	3022	0
W	20847	192366	0
W	17496	506	0
W	112719	3051	0
W	54191	27522	0
W	52714	27021	3
W	101021	312	0
W	90912	922	0
W	39433	15033	0
W	52800	15514	0
W	53367	1149	0
W	56229	93852	4
W	30752	9116	0
W	21639	96767	0
W	77043	54906	0
W	51293	28205	0
W	17501	165730	4
W	62464	19522	0
W	17502	127807	4
W	86492	1141	0
W	60580	5714	0
W	17503	260553	0
W	40499	133562	0
W	32958	6969	0
W	17504	1420666	0
W	17505	86299	0
W	72096	11864	0
W	63219	49723	2
W	94259	9960	3
W	143202	796	0
W	42046	6866	0
W	128317	2450	0
W	134458	452	0
W	61027	265764	0
W	56443	8527	0
W	34707	22825	3
W	63837	30730	0
W	45295	25908	0
W	128817	837	1
W	68800	172592	0
W	17512	1240	0
W	54998	25259	0
W	23516	1156	0
W	133514	1047	0
W	81011	13743	0
W	58483	1138	0
W	148962	1389	0
W	80396	16560	0
W	84239	2546	2
W	22287	3089	3
W	21340	426903	5
W	85324	79170	0
W	17516	911	3
W	36245	5949	0
W	59516	1867	0
W	42912	27817	0
W	63710	10020	0
W	60797	98454	4
W	48924	6324	0
W	17518	6921	0
W	32421	343754	0
W	86836	2882	0
W	17521	921233	0
W	38510	44977	0
W	17523	204857	0
W	59955	24828	3
W	60987	15912	0
W	33854	18085	0
W	59863	11313	0
W	64095	230122	0
W	52558	32947	0
W	37147	96552	4
W	56070	7032	0
W	67289	139	2
W	100349	12864	0
W	20361	83523	0
W	57069	887	0
W	125106	25061	4
W	22083	658	0
W	44363	1351	3
W	21001	24505	0
W	17530	531665	5
W	134459	139	0
W	36732	5535	0
W	32073	11451	3
W	168389	1238	1
W	71299	20859	0
W	51973	10730	0
W	102079	5651	3
W	62543	19578	0
W	44364	13282	0
W	40428	2010	0
W	17532	11953	0
W	52457	79630	0
W	28171	151123	0
W	130462	3489	0
W	47908	15468	0
W	21341	8894	0
W	17536	949297	6
W	64246	12324	0
W	17537	13272	0
W	17538	92682	5
W	157097	11385	4
W	17539	27886	0
W	28226	3977	0
W	61263	17	0
W	41266	1816	0
W	59928	12041	0
W	17540	80272	0
W	72255	4031	0
W	65193	14209	2
W	52672	3153	0
W	148119	1238	0
W	60734	10046	3
W	52545	2572	0
W	22084	1824	0
W	68054	224348	0
W	34802	7880	3
W	124436	36202	0
W	74183	139741	0
W	133783	764	2
W	63668	2472	0
W	74917	9794	0
W	34767	4744	0
W	49746	2089	0
W	26843	7832	0
W	56287	37654	0
W	69482	3227	0
W	20930	910187	0
W	26713	204123	0
W	118437	2751	0
W	98174	1321	0
W	74198	5910	0
W	102228	1791	0
W	17547	1066904	4
W	31873	12633	0
W	37775	58451	0
W	72030	19011	0
W	49240	82171	3
W	144522	2343	0
W	66475	55406	0
W	127952	160	0
W	108595	21267	0
W	23062	5755	0
W	31852	8977	0
W	95167	6952	0
W	17552	43645	0
W	161756	213	3
W	67041	1581	0
W	31940	13652	3
W	32151	137881	0
W	53885	11616	0
W	38463	177234	0
W	143744	3616	1
W	36432	80121	0
W	49412	7027	3
W	17558	5196	0
W	17560	972544	6
W	17561	5127	0
W	148689	819	0
W	43094	3526	0
W	37751	3698	0
W	70847	1196	0
W	64188	4983	0
W	37301	582	0
W	59621	1363	4
W	100271	9224	0
W	42047	121800	4
W	152761	1925	0
W	21069	22174	3
W	68558	6622	0
W	76494	413739	0
W	32043	40007	0
W	17565	652885	5
W	42929	1564	3
W	36362	10076	0
W	17570	3373418	0
W	167851	5091	2
W	28380	52647	0
W	17572	29309	0
W	20601	420061	0
W	68259	45566	0
W	150901	1971	1
W	142369	1044	0
W	50186	6097	0
W	49333	4726	0
W	62281	3683	0
W	20909	72525	0
W	102104	936	0
W	17580	6452	0
W	58730	6093	0
W	161785	181	3
W	68551	1853	0
W	62182	10433	0
W	50282	2111	0
W	54908	79507	0
W	30703	74436	3
W	67195	4856	0
W	21485	182734	0
W	20533	23963	0
W	59072	12717	0
W	61409	23028	0
W	23278	59871	0
W	17584	4385	0
W	78481	100297	0
W	36720	8028	0
W	76536	176314	0
W	17586	56222	0
W	75475	1126	0
W	128046	366	4
W	74769	4859	0
W	76874	58815	0
W	130959	11462	0
W	20853	8606	0
W	29312	28305	0
W	38311	15920	0
W	56488	192683	0
W	17589	2138864	5
W	50999	69063	0
W	17591	1020082	0
W	86690	11563	0
W	62501	204751	0
W	37503	14092	4
W	32357	13494	0
W	57950	23306	0
W	64252	1970	0
W	124732	1750	0
W	41202	273271	0
W	17594	15164	0
W	17595	96819	0
W	17596	15801	0
W	113052	4043	0
W	40611	85369	0
W	34298	6237	3
W	22208	2706	0
W	68456	10278	0
W	33107	7870	0
W	62883	21879	0
W	68358	2917	0
W	17603	12571	0
W	75366	2169	0
W	103932	20166	3
W	87571	2833	0
W	108871	180	0
W	21396	83973	0
W	22823	27349	0
W	70880	19227	0
W	140590	605	1
W	65625	2386	0
W	111393	7363	0
W	17606	238	0
W	17607	123074	6
W	17611	147108	0
W	17616	128627	5
W	52733	78160	0
W	57555	1170	0
W	59105	23685	0
W	35254	1321	0
W	21539	317873	5
W	17618	128779	0
W	79442	26280	0
W	53159	43198	0
W	46848	7146	4
W	46175	4426	0
W	65148	868	0
W	80982	14290	0
W	73799	4745	0
W	112439	979	4
W	64902	11081	0
W	56641	6416	0
W	40515	517	0
W	17624	126885	3
W	32121	1477	1
W	59920	7240	2
W	88984	10613	0
W	129380	580	0
W	121383	6906	0
W	22489	77613	0
W	130424	3128	0
W	17627	39961	0
W	17628	155359	0
W	107087	1994	0
W	41229	195152	3
W	17630	13516142	0
W	17631	55860	0
W	17632	854074	4
W	17633	5029	0
W	100762	2426	0
W	93768	1776	0
W	42806	91091	0
W	17636	3610723	0
W	66041	6933	0
W	49763	1450	0
W	17638	451797	5
W	39458	31257	0
W	146274	2208	0
W	37269	13889	0
W	17640	24201	0
W	17641	10810834	6
W	26361	112342	0
W	23311	81427	0
W	28421	33800	0
W	83429	25374	0
W	76058	1942	0
W	72119	89961	0
W	60906	3163	0
W	161530	603	0
W	39991	31112	0
W	109102	130601	0
W	45015	17591	0
W	55652	7952	0
W	93275	1621	0
W	17649	94787	2
W	49033	46	0
W	20714	10616	0
W	35721	47417	0
W	73760	10956	0
W	81033	69818	0
W	56995	38259	0
W	108925	8550	0
W	51553	39712	0
W	30683	9084	0
W	98092	3461	0
W	120702	309	0
W	72167	3583	0
W	21412	343227	0
W	50283	32509	0
W	47750	30583	2
W	56671	119509	0
W	21002	45928	2
W	17661	1035191	5
W	46346	19098	0
W	64028	97	0
W	20534	16092	0
W	68747	12824	0
W	17667	7712	1
W	63287	10118	0
W	29124	5279	0
W	24992	40822	2
W	122817	1139	0
W	129680	4017	0
W	64464	64982	0
W	39820	38436	0
W	135537	2655	0
W	41203	25065	0
W	37776	5403	0
W	49635	146040	0
W	102184	9037	0
W	20362	38750	0
W	116880	625	0
W	37103	3942	0
W	59879	2358	0
W	36508	51422	0
W	55119	12152	2
W	35405	221072	4
W	32152	6927	2
W	28247	10351	0
W	140862	3303	2
W	21272	503516	5
W	17680	78513	0
W	49082	26223	0
W	50852	5286	3
W	17681	79457	0
W	51247	5229	0
W	126967	1712	0
W	57321	79971	0
W	30913	3177	0
W	42269	66027	4
W	17683	1748271	5
W	32307	414032	0
W	26668	310335	0
W	50487	340366	5
W	17686	3344	0
W	17689	309084	0
W	37155	18233	0
W	146275	435	0
W	17690	53346	0
W	41691	13573	3
W	164188	2644	0
W	75230	6537	0
W	96189	2324	0
W	17692	1192131	0
W	167025	67	3
W	64418	6591	4
W	36019	19618	0
W	26583	31853	0
W	60320	30903	0
W	29789	3684	0
W	20790	37412	0
W	56828	4008	0
W	165008	134	1
W	95414	34245	3
W	67754	59670	0
W	127810	1376	0
W	29125	19607	0
W	17699	1994634	3
W	30704	7918	0
W	17700	6884	0
W	17701	23398	0
W	23065	328294	0
W	48477	104222	0
W	17702	292613	0
W	133364	7968	0
W	38265	130978	5
W	37527	76021	0
W	22386	705515	3
W	17703	204467	0
W	28353	10801	3
W	35283	50680	0
W	65068	2378	0
W	43016	2070	0
W	51473	4187	0
W	53052	51744	0
W	17706	21510	0
W	54144	8911	0
W	17707	44361	0
W	152409	3936	3
W	70161	677	0
W	21174	7751	3
W	87550	8065	0
W	17708	3104243	6
W	80895	13865	0
W	122713	1481	0
W	57322	2918	0
W	155219	7074	0
W	43602	425163	0
W	70649	32912	2
W	17713	15617	0
W	45305	10886	0
W	103172	3812	0
W	48757	508	0
W	111230	4190	0
W	76980	95527	0
W	43170	69149	4
W	135328	7523	0
W	110042	8136	0
W	163442	151	3
W	22336	12956	0
W	39357	91862	0
W	67061	1359	2
W	36529	2078	3
W	53119	32569	0
W	33701	182942	0
W	52167	10238	0
W	76658	115926	0
W	75595	235	0
W	17722	7533733	0
W	17723	2761	0
W	111895	3970	0
W	32242	4890	0
W	123843	2622	0
W	63711	966	0
W	59629	55466	4
W	53948	69277	0
W	42284	10723	0
W	39343	11010	0
W	17727	3108848	4
W	38493	12041	0
W	162918	5715	2
W	67892	28631	0
W	108029	1929	0
W	63886	1688	3
W	35540	32932	2
W	143704	2458	0
W	81494	155248	0
W	17731	3727376	0
W	43956	47150	0
W	60883	1316	0
W	17732	782696	3
W	69890	191	0
W	60717	9045	0
W	64415	2496	0
W	17733	3152	2
W	61048	9360	1
W	17734	11523	0
W	45323	4857	0
W	59382	260681	0
W	122908	1035	0
W	17735	839125	4
W	77356	58333	0
W	17736	5017103	5
W	32300	65576	3
W	111591	352	0
W	57672	23279	4
W	165509	55	2
W	17738	260161	0
W	115767	73146	0
W	17740	6871	0
W	141179	10795	3
W	64447	6137	0
W	101452	446	0
W	33088	722618	0
W	20239	93447	3
W	68178	7479	0
W	87216	139	0
W	28218	19888	0
W	22824	1102	0
W	22337	373	0
W	17745	36796	0
W	17746	480079	0
W	40382	68356	0
W	21211	6746	3
W	80212	9879	0
W	53414	5153	0
W	63104	91216	0
W	33445	113798	0
W	17748	278604	6
W	62653	29291	4
W	73031	22499	0
W	49497	11281	0
W	64020	56164	0
W	66559	16081	0
W	56230	41585	2
W	119580	1220	0
W	44702	136694	0
W	31106	6524	0
W	52412	3556	0
W	56591	16713	0
W	118996	889	0
W	43238	270368	0
W	48330	15680	0
W	17755	419	0
W	64617	50477	0
W	109984	15415	0
W	39752	22237	0
W	17756	164150	5
W	33591	240283	0
W	41582	5445	0
W	50150	1405	0
W	38312	24369	0
W	58607	74471	0
W	17764	109322	0
W	131161	766	0
W	135095	4552	0
W	80213	28892	0
W	17768	1641324	0
W	96891	579	0
W	33108	49905	0
W	60287	39728	0
W	60345	16339	0
W	33211	112871	0
W	140591	3367	0
W	49688	1294	0
W	38526	93021	0
W	29356	2430	3
W	22288	142604	5
W	53340	20775	0
W	109372	10686	0
W	49471	6120	0
W	89014	15603	0
W	60166	4028	0
W	17771	33919	0
W	71877	40119	0
W	112181	7711	0
W	48286	35075	0
W	94925	849	0
W	37777	154920	0
W	66598	3424	0
W	165506	7389	1
W	56071	680	0
W	149265	17	0
W	54832	70406	0
W	54872	2319	0
W	79080	5148	0
W	119142	4134	0
W	130428	722	4
W	17776	34528	0
W	33662	109212	0
W	65626	17349	0
W	93992	2757	0
W	37340	633065	0
W	24820	175583	4
W	57883	461185	0
W	164522	6709	1
W	80911	51911	0
W	23250	296026	0
W	22387	316519	4
W	100221	1136	0
W	52156	8580	0
W	70971	12830	0
W	17780	128226	0
W	49034	1269	0
W	157565	50499	0
W	55096	1259	0
W	21540	23812	3
W	74960	76958	0
W	17783	188793	0
W	39292	2559	0
W	17784	402027	0
W	21121	470920	6
W	67196	2876	0
W	118627	1207	0
W	17785	131433	0
W	42803	109161	0
W	30753	16393	0
W	17789	188126	4
W	56843	40550	4
W	148441	3785	0
W	17791	7185	4
W	80056	9843	0
W	56536	149750	4
W	40572	40087	0
W	61140	2881	0
W	150467	29725	0
W	17795	542291	0
W	31764	19118	4
W	120409	4946	0
W	26541	21213	0
W	105753	198	0
W	78783	19640	0
W	17800	143270	0
W	56642	1139	0
W	26714	19688	0
W	33387	297056	5
W	114841	11942	0
W	70013	57908	0
W	121861	2266	0
W	162714	10060	2
W	123430	8227	0
W	90467	6465	0
W	35350	7608	0
W	110488	15209	0
W	161602	11550	3
W	63745	19136	0
W	141552	2137	0
W	20419	16546	0
W	77744	4305	0
W	65680	13663	0
W	17810	11834	0
W	145867	7484	1
W	83431	11734	0
W	17814	68878	0
W	36733	48312	0
W	93277	5072	0
W	59517	9578	0
W	72620	850	0
W	70513	12191	0
W	100892	3389	0
W	89356	6160	0
W	75424	28848	2
W	119819	5414	0
W	151933	10751	0
W	69967	2084	0
W	17819	92536	0
W	17820	8429	0
W	43042	81808	0
W	157479	226	0
W	71257	23302	0
W	21541	69658	5
W	78134	38080	0
W	66839	15536	0
W	62747	164893	0
W	128826	4268	1
W	75198	22477	0
W	22193	393	0
W	133846	661	2
W	81377	4552	0
W	17822	3340	4
W	79770	9883	0
W	44802	14995	0
W	17824	314806	5
W	105693	648	0
W	75405	19517	2
W	17826	1345348	5
W	78683	17086	0
W	34776	345	0
W	17828	11435	0
W	47121	64689	3
W	48963	26839	0
W	59483	949	0
W	17831	10862	0
W	48491	251555	0
W	25946	6630	2
W	36093	129918	2
W	143549	18694	0
W	17834	37723	0
W	46966	79821	0
W	55852	9275	0
W	36758	57189	5
W	43844	135129	4
W	29265	41108	0
W	91678	5308	0
W	70848	67674	2
W	105227	11404	0
W	115186	9597	0
W	75136	314	0
W	17839	9354	0
W	22388	7195	3
W	17840	385950	0
W	31874	2236	0
W	17841	1014796	5
W	40943	16226	0
W	71553	3777	0
W	48687	4234	0
W	32682	709	0
W	38216	3074	0
W	75525	2639	0
W	17843	416	0
W	70383	1252	0
W	77112	133280	0
W	65708	79234	0
W	36651	3987	0
W	121307	1445	0
W	155616	845	0
W	96817	672	0
W	71913	217	3
W	32153	54202	3
W	57977	635	0
W	57828	201598	0
W	38346	21614	0
W	55078	21473	0
W	17850	364850	4
W	67611	25959	0
W	69421	22506	0
W	21486	21526	0
W	84931	3941	0
W	17859	568644	5
W	58534	905	0
W	30042	3225	0
W	33109	1312	0
W	46307	46814	0
W	17863	97935	4
W	65747	3137	0
W	65301	3324	0
W	63183	42571	0
W	38731	51838	0
W	81317	40679	0
W	17867	1163	4
W	37405	15308	0
W	47217	4462	0
W	17868	215972	0
W	17869	106	0
W	17870	50061	5
W	77838	106256	0
W	25866	16060	4
W	17871	72713	0
W	64637	500	0
W	63597	115	0
W	127811	1258	0
W	42254	3352	1
W	128067	362	0
W	37514	10466	0
W	32633	7114	0
W	81637	6035	0
W	78212	46345	0
W	17875	3726	0
W	130262	8862	3
W	59308	28957	0
W	74325	2773	3
W	20965	558700	4
W	17876	4969	0
W	17877	256	3
W	93191	12734	0
W	24781	4535	0
W	17880	432516	0
W	70741	31289	0
W	33560	27658	0
W	17881	1561	2
W	55674	4828	0
W	17882	84269	3
W	57507	38444	0
W	17883	1149	0
W	51616	10493	2
W	124213	1910	0
W	65940	15297	0
W	36123	20892	0
W	124682	4139	0
W	51259	23669	2
W	61353	101994	0
W	136263	6393	4
W	37017	37201	0
W	110158	7100	0
W	154904	940	0
W	72886	17264	0
W	59459	5504	0
W	50805	123288	0
W	31072	6105	0
W	113526	9653	0
W	69602	3345	1
W	120950	6766	0
W	140544	2370	0
W	36276	2770	0
W	45356	62245	0
W	145210	170	3
W	59202	59008	0
W	43957	26804	0
W	17893	15999	0
W	21218	43628	0
W	127816	5852	0
W	63908	899	0
W	17895	152422	0
W	17896	2801	0
W	101454	375	0
W	39351	70544	0
W	56390	1301	2
W	17899	77906	3
W	58048	5853	0
W	17900	49868	0
W	36855	12808	0
W	66206	44537	3
W	131209	1989	2
W	44497	8022	4
W	115160	3735	0
W	162569	1912	0
W	56444	25015	0
W	115187	5199	0
W	37570	5632	0
W	44432	3490	0
W	37088	15839	0
W	36094	738	0
W	66542	147858	0
W	76683	31478	2
W	64515	26845	0
W	61114	1422	0
W	17906	257105	0
W	36020	11721	0
W	128040	23036	0
W	130180	583	0
W	17909	141352	5
W	127262	12772	0
W	17912	159147	0
W	20656	10244	0
W	17913	132932	0
W	61857	50879	0
W	86311	5151	0
W	44663	10508	0
W	121355	273	0
W	17915	36698	0
W	119280	513	0
W	102396	4623	0
W	30020	121585	0
W	63064	1755	0
W	51790	52307	0
W	23240	14449	0
W	21587	83309	4
W	67424	38007	0
W	44447	122469	0
W	21390	40042	0
W	17923	1218	0
W	78684	21393	0
W	30021	13383	0
W	72840	31387	2
W	17926	9322	0
W	17927	1077811	0
W	80294	3017	0
W	17928	113882	3
W	62755	584	0
W	20966	462390	0
W	17930	2924627	0
W	151254	15233	1
W	17931	92028	0
W	72712	86150	0
W	25893	95826	0
W	28453	98988	0
W	110861	51208	0
W	29641	22574	0
W	58447	428	2
W	67849	5510	0
W	69581	3091	5
W	17935	104935	0
W	160405	4253	2
W	91400	7441	0
W	64684	15945	0
W	60761	3060	0
W	40189	85368	0
W	36879	48911	0
W	100413	1673	3
W	20420	4557	0
W	120056	14422	0
W	73870	18171	0
W	56208	18322	0
W	87335	32808	2
W	51911	8247	0
W	70014	3726	3
W	84411	10148	0
W	68525	10606	0
W	54529	73820	0
W	31048	222685	0
W	17943	7979	0
W	49538	2032	0
W	83753	10932	0
W	31234	2696	0
W	53503	125572	0
W	17949	8672	0
W	25795	16692	0
W	57777	25276	0
W	54002	19610	0
W	17950	12154	0
W	36652	3825	0
W	55196	60024	0
W	107836	13749	0
W	157446	1149	3
W	55746	12908	0
W	50924	104268	0
W	157566	207	0
W	17953	25812	0
W	60790	10132	0
W	40315	15979	0
W	17954	4148	0
W	58034	4616	0
W	21342	65478	0
W	60444	4760	0
W	17955	1887935	0
W	17956	2835011	0
W	55881	18376	0
W	56366	5209	0
W	78351	33021	0
W	36684	88993	0
W	59801	29695	0
W	41992	58620	0
W	63726	554	0
W	60817	1482	0
W	154654	125	0
W	77839	37955	0
W	41141	3849	0
W	71244	1715	0
W	76842	57419	0
W	104491	3356	0
W	43167	136028	0
W	40500	4856	2
W	128086	1252	0
W	22826	1674	3
W	67741	7689	0
W	17963	84758	0
W	59949	11590	3
W	17966	972	2
W	50925	10780	3
W	40473	1819	0
W	17967	1863	2
W	63415	1082	0
W	17968	137076	4
W	116470	10889	0
W	23673	470	0
W	17969	88923	0
W	25749	485550	5
W	17970	59991	0
W	79542	3199	0
W	39935	90986	0
W	93278	3658	0
W	32937	56541	0
W	39139	9526	0
W	22092	391	0
W	128306	3775	0
W	47440	33212	0
W	38494	61840	0
W	91940	2776	0
W	36596	13702	4
W	43406	7265	4
W	77617	3830	0
W	83370	783	0
W	62142	24942	0
W	17979	163785	0
W	63785	22345	3
W	43006	30765	0
W	31765	113919	3
W	35560	58977	0
W	132069	2828	0
W	44738	125782	0
W	17981	228457	0
W	125128	4464	1
W	23070	1652	0
W	21487	285143	0
W	69104	49173	0
W	17982	6116	0
W	102938	6316	0
W	17983	1210	0
W	135109	968	0
W	77700	24591	0
W	48640	107681	0
W	17987	116135	0
W	30538	1123	0
W	17988	153034	0
W	17989	1348804	5
W	45021	56818	0
W	74679	12156	3
W	166948	2138	4
W	40475	104204	0
W	72353	28048	0
W	17994	1844	0
W	17996	14260	0
W	117546	730	0
W	59453	30716	0
W	33981	5607	4
W	83723	3832	0
W	161168	13	1
W	47172	17818	0
W	52884	2545	0
W	61345	5362	0
W	22827	504	0
W	90248	2266	0
W	71284	522	3
W	20536	83804	0
W	60791	1197	0
W	36124	30610	5
W	20910	98562	4
W	48016	27441	0
W	36450	30388	0
W	18006	300	0
W	68617	6854	0
W	47648	5680	1
W	52118	30217	0
W	81381	24241	0
W	85046	4495	0
W	18008	1041982	0
W	39985	83923	3
W	50370	1469	3
W	18009	208438	0
W	18010	21098	0
W	53937	20399	0
W	127759	1830	0
W	61412	909	0
W	42650	36231	3
W	55294	12764	0
W	26363	52031	0
W	150034	2487	1
W	94525	937	0
W	18016	427002	2
W	18017	9148	0
W	65562	2282	0
W	48348	180412	0
W	124195	80802	0
W	140617	788	0
W	42655	27850	0
W	62033	2074	0
W	41216	3533	0
W	127983	9228	0
W	28354	5687	0
W	18020	5394	0
W	101362	31458	0
W	29072	15172	0
W	135857	48582	0
W	26741	216497	0
W	28172	240785	4
W	108814	1570	0
W	75286	26701	0
W	123731	2668	0
W	105317	152	0
W	18025	245869	0
W	54730	113962	0
W	20421	162610	5
W	32603	17308	0
W	81225	3492	0
W	59388	3166	0
W	166714	42	1
W	20317	251026	5
W	36195	201127	2
W	48758	6277	0
W	55235	161352	0
W	63746	24587	0
W	33257	1070	0
W	65832	107038	0
W	18029	26974	0
W	30539	5107	0
W	72104	28582	0
W	137758	128	0
W	49941	27578	3
W	95609	1730	0
W	68894	32228	0
W	53627	12559	0
W	23520	693	4
W	59313	474	0
W	28422	1289	0
W	62006	8872	0
W	35309	127549	0
W	114111	92	0
W	18035	12748	0
W	75708	9370	0
W	92485	11244	2
W	131465	48581	3
W	60359	40693	0
W	42656	414267	0
W	129687	20158	0
W	36458	10438	0
W	116524	47122	0
W	55426	37968	5
W	33604	21020	0
W	31766	8741	3
W	52527	48771	0
W	89308	70448	0
W	29047	60817	0
W	154893	4746	1
W	32422	9023	0
W	18042	34334	4
W	115803	6851	3
W	36578	4690	0
W	18043	124180	0
W	48688	13834	4
W	80631	17879	0
W	39578	32210	0
W	132124	3450	0
W	49224	14384	0
W	25718	64443	0
W	59656	768	0
W	32122	83509	0
W	41073	28226	0
W	18044	3286	0
W	18045	4855640	5
W	26625	4022	0
W	157480	11961	0
W	23071	17170	0
W	63059	36236	0
W	31204	4776	0
W	20318	64888	4
W	72466	3114	4
W	147010	218	4
W	31019	105323	0
W	127955	8513	4
W	150035	5745	0
W	18051	3843	0
W	126062	46877	0
W	91353	5057	0
W	36857	119108	4
W	55789	9043	0
W	65709	14098	3
W	108581	1002	0
W	62530	2631	0
W	74179	21114	2
W	52458	27673	0
W	50160	6030	0
W	70349	727	0
W	42450	63649	0
W	153514	2815	2
W	72316	35277	4
W	58927	19100	0
W	152402	6356	0
W	18062	18763792	7
W	111523	4167	0
W	119034	8848	0
W	167455	5745	2
W	35406	33703	0
W	41549	55481	0
W	160193	1876	2
W	51617	178639	0
W	72516	11010	0
W	18064	4322	0
W	52232	8308	0
W	84987	13702	0
W	99610	1589	0
W	18065	394654	0
W	21219	1675	0
W	18068	616	2
W	149349	384	0
W	35458	290680	4
W	25850	7880	4
W	26743	18020	4
W	39331	359874	5
W	49036	592	0
W	41778	2445	1
W	60183	27949	0
W	72636	1542	4
W	37139	11058	0
W	49857	35998	1
W	64358	58202	0
W	130013	97978	0
W	153458	8828	3
W	33212	30555	0
W	59358	15627	0
W	64274	10765	0
W	84248	30145	6
W	67358	4118	3
W	53320	13220	0
W	86293	12962	0
W	80577	24209	0
W	37029	103020	4
W	62645	4308	0
W	82603	1782	0
W	42657	10135	0
W	25776	296972	0
W	18078	554	0
W	49904	120378	3
W	63957	5791	4
W	56015	7611	0
W	64282	1539	0
W	93328	2785	0
W	58282	4860	0
W	147734	97	0
W	49733	3193	0
W	78868	13272	0
W	55473	50676	0
W	142763	19846	0
W	76843	32900	2
W	20791	80178	0
W	86023	26939	0
W	29073	2903	0
W	55097	915	0
W	18079	1507667	6
W	101058	981	0
W	18081	49606	0
W	23312	48408	3
W	121984	22731	0
W	36653	919	0
W	118345	2685	0
W	64789	892	0
W	31120	14614	0
W	64824	2481	0
W	59081	55615	0
W	65184	13440	0
W	103909	18488	0
W	61365	21712	4
W	18085	813	0
W	35371	6343	2
W	42837	22600	0
W	29826	69060	0
W	128341	100	1
W	51528	15215	4
W	18089	756704	0
W	18090	58654	0
W	18091	137	0
W	69695	3780	3
W	58777	79247	0
W	41593	6179	0
W	46821	301026	0
W	148442	5835	0
W	51733	26227	0
W	18093	2394013	5
W	29801	28846	0
W	18094	1831598	6
W	30663	13009	0
W	38347	126536	0
W	22096	1648	0
W	18096	2242	2
W	42844	135961	0
W	81536	38853	0
W	37695	109810	0
W	36498	41220	0
W	63090	30865	0
W	60509	26699	3
W	20603	51985	2
W	49487	35146	0
W	26390	24636	3
W	56964	49201	1
W	85796	14476	0
W	18104	5131	1
W	157568	56	0
W	127898	93	0
W	33840	12730	0
W	22829	192	0
W	90866	4065	0
W	149772	858	1
W	121652	21589	0
W	36685	10062	0
W	18110	6341	0
W	58778	86426	0
W	47324	29556	0
W	72054	15451	3
W	18111	647098	4
W	20319	80876	0
W	36401	1294	0
W	32634	10770	0
W	20320	17712	0
W	18113	1614848	6
W	60523	23597	0
W	29657	16779	4
W	76608	199509	0
W	138562	7041	0
W	49819	323	0
W	63229	65412	0
W	84412	7559	0
W	135205	256	0
W	51734	6490	0
W	144286	4717	0
W	137674	365	0
W	128087	116	0
W	59622	1569	0
W	49961	7997	0
W	38567	67359	4
W	126173	1179	0
W	33960	3938	0
W	39530	53821	0
W	18116	2297	2
W	75202	4802	0
W	52395	42362	1
W	97296	2150	0
W	20537	3232	0
W	72016	17314	0
W	46004	132	0
W	25826	2000	2
W	52885	20342	0
W	18123	6450	4
W	76546	110574	0
W	124888	8937	2
W	127662	68	0
W	78612	251707	3
W	71762	66733	0
W	44156	609	3
W	18124	430013	0
W	96043	4497	0
W	46947	22930	0
W	117624	17991	0
W	68481	39120	0
W	60792	9750	0
W	18129	5789166	6
W	56974	147506	0
W	23166	163375	0
W	49439	1500	0
W	82368	23566	0
W	74347	3492	0
W	54291	1396	0
W	93945	6164	0
W	127965	5894	3
W	33197	25774	5
W	82756	48075	0
W	18137	136741	0
W	42475	56469	0
W	110802	7709	0
W	20622	160952	4
W	56412	12900	0
W	131383	21511	0
W	35216	99112	0
W	18140	26044	0
W	66547	28301	0
W	18143	115323	0
W	49037	191	0
W	33841	223779	0
W	107953	548	0
W	118059	4917	0
W	144785	1909	0
W	22830	8751	4
W	43017	21608	4
W	22831	899	0
W	60958	6792545	6
W	67811	30808	0
W	38988	92731	0
W	163946	15135	2
W	106398	143	0
W	46719	4178	0
W	74733	879	0
W	38475	10782	0
W	141381	61	0
W	33494	27788	0
W	69744	34889	0
W	153027	620	0
W	126394	2495	0
W	71887	983	0
W	117214	12593	1
W	82786	6344	0
W	18160	781291	0
W	47894	27633	0
W	82032	8756	0
W	148157	3279	0
W	114347	19824	2
W	56692	33185	0
W	79203	9180	0
W	58950	31728	3
W	29963	53433	0
W	32154	22731	0
W	41594	76659	3
W	166950	63	3
W	140750	7928	0
W	100001	2207	0
W	128734	2819	0
W	73002	143	0
W	36509	8267	0
W	74541	34719	0
W	77486	12087	0
W	18172	581019	0
W	167965	58	3
W	40629	9761	0
W	76953	99196	0
W	127753	14415	3
W	46812	8021	0
W	49942	32300	0
W	58448	26274	3
W	90089	3375	3
W	73661	6959	0
W	35217	3472	2
W	54947	5513	0
W	21723	103839	0
W	18180	137014	0
W	41790	10625	0
W	26518	680	0
W	77272	9913	0
W	160641	47	0
W	54564	10732	0
W	62511	1590	0
W	57526	1346	0
W	44014	19663	0
W	32181	44356	0
W	71285	25453	2
W	124196	3494	0
W	40360	4108	0
W	57141	7359	0
W	18186	2932	0
W	80595	21362	0
W	145796	6752	0
W	31786	34822	0
W	36906	49727	0
W	38266	544812	0
W	73666	2865	0
W	31189	312185	2
W	46743	1439	0
W	21780	18690	0
W	18188	3933	4
W	18192	9701675	6
W	64647	14409	0
W	18194	453	0
W	24862	91391	0
W	163278	5786	4
W	47430	419461	0
W	21070	86826	0
W	154875	27	0
W	55747	103937	0
W	18198	23290	0
W	29861	240875	4
W	46641	1065	1
W	43597	2688	3
W	47006	5653	0
W	18202	67216	5
W	156539	1698	0
W	57256	15625	0
W	20269	979059	6
W	74164	14632	0
W	109347	58463	0
W	69263	41981	0
W	69787	4096	0
W	47534	358	0
W	36021	4059	0
W	54988	335	0
W	18206	35438	0
W	18207	681716	0
W	62588	11502	0
W	90975	2918	0
W	160784	7434	3
W	42432	39538	0
W	46839	276325	0
W	76640	64384	0
W	38569	12289	3
W	41302	159596	0
W	132980	3801	0
W	60197	380636	0
W	51054	3885	0
W	18217	14395	0
W	156682	1172	0
W	76481	1299103	0
W	59766	9604	0
W	49962	49065	4
W	39951	6483	0
W	61379	570	0
W	160685	1486	3
W	18218	912	0
W	18219	10985	0
W	49097	68161	0
W	77855	30902	0
W	29058	1907	0
W	57778	4258	0
W	61167	116956	4
W	68489	935	3
W	57895	17118	0
W	49337	20205	0
W	152027	4672	2
W	18224	54238	0
W	60581	13737	0
W	51160	8381	0
W	74419	133176	0
W	72584	8525	0
W	18226	813	0
W	18227	6230825	0
W	128250	14900	3
W	25796	167200	0
W	72920	3703	4
W	58608	11116	0
W	22490	15288	0
W	35541	6748	0
W	58779	15956	0
W	118346	5801	0
W	89908	319	0
W	57978	16915	0
W	136977	8019	0
W	52022	4220	0
W	18233	323138	0
W	69353	65587	0
W	40246	9079	0
W	83755	1911	0
W	69906	3758	0
W	69512	20628	0
W	54495	4993	0
W	59161	10371	0
W	20363	152788	4
W	36095	86809	0
W	18237	39645	0
W	39125	27059	0
W	69871	779	0
W	18239	3384	0
W	54506	109556	0
W	55748	2340	0
W	37726	20178	0
W	18243	32821	0
W	68524	821	4
W	52790	16605	0
W	155425	3613	0
W	106888	1016	0
W	138364	2408	0
W	57107	12099	0
W	18246	3193615	0
W	46196	16604	4
W	18248	39958	0
W	127686	780	0
W	69187	769	0
W	61698	7482	0
W	107128	2257	0
W	18253	4633	0
W	78756	99357	0
W	54733	29469	0
W	109744	9983	0
W	77915	59887	0
W	129880	2902	0
W	74295	283	0
W	128772	680	0
W	43337	9246	0
W	29802	6934	4
W	59460	11284	0
W	128018	50490	0
W	18258	8201	0
W	73346	94460	0
W	58967	29422	0
W	43739	5250	0
W	18260	9994	0
W	40247	64498	0
W	51055	13784	0
W	90047	5860	0
W	31393	49189	4
W	75672	25525	0
W	18263	101144	1
W	18265	197942	0
W	43978	50500	0
W	18266	5448	0
W	18267	4195872	0
W	51136	2266	2
W	63559	595	3
W	128173	917	4
W	74022	10444	0
W	18268	32436	4
W	80301	59638	0
W	98617	5117	0
W	90833	42261	0
W	106822	234	0
W	67799	14169	0
W	75553	16689	0
W	41550	200466	0
W	102990	1371	0
W	73452	63687	0
W	23073	710	0
W	18274	94702	0
W	54203	5014	0
W	61339	20200	3
W	18275	31518	0
W	75122	160	3
W	20756	35393	2
W	148515	37	2
W	44541	65272	0
W	117625	2557	0
W	72817	4004	0
W	55828	3861	0
W	18282	6142	0
W	18283	5409	0
W	21588	93158	0
W	115683	2894	0
W	62210	4562	4
W	18286	6502131	0
W	77113	23002	0
W	127840	3615	1
W	44093	7966	3
W	60084	35306	3
W	123639	756	0
W	18287	85153	0
W	18288	5751	1
W	23074	41013	0
W	135206	572	1
W	42116	26189	0
W	132544	21300	0
W	54999	9374	0
W	74680	2007	3
W	18291	783917	6
W	71180	4522	0
W	58269	1739	0
W	40823	11491	0
W	84581	1829	0
W	18293	17057	0
W	82112	70351	0
W	20270	8243	0
W	21695	109539	0
W	35125	4627	2
W	126083	9608	0
W	33473	5330	0
W	164495	1697	4
W	131078	172	0
W	80461	16918	0
W	146054	2095	1
W	36363	226380	0
W	58785	8147	0
W	36922	21458	3
W	20364	3812	0
W	64608	137192	0
W	45043	1715	2
W	18302	190640	0
W	63812	12911	3
W	18303	102029	4
W	75459	57111	0
W	18306	178605	0
W	36112	35846	4
W	20911	12988	0
W	18307	114483	0
W	63421	186481	0
W	30914	46728	0
W	18309	149446	5
W	53745	5041	0
W	45333	14771	0
W	46849	7190	0
W	23167	275809	0
W	33680	1847	0
W	39590	2243	0
W	56643	4560	0
W	93162	17152	0
W	45457	1591	0
W	82204	3496	0
W	54003	2020	0
W	33728	1703	0
W	80005	17051	0
W	168155	70	2
W	59423	86325	0
W	63445	23298	2
W	18312	1297485	0
W	18314	561992	0
W	31955	10144	0
W	49700	16204	0
W	39199	2880	3
W	44330	81302	0
W	62025	97626	0
W	36219	2186	0
W	93555	72924	0
W	24837	17520	4
W	84242	4112	2
W	66731	63950	0
W	66763	5261	0
W	104150	794	0
W	69693	11291	0
W	41743	9072	0
W	48759	3842	0
W	52886	3064	4
W	85711	9899	0
W	38733	53427	0
W	33030	38808	0
W	108699	10609	0
W	18327	5928	0
W	92229	951	0
W	160122	23	0
W	28480	185290	4
W	18329	749023	0
W	66689	124489	0
W	59956	2940	0
W	37493	184779	3
W	56896	25692	3
W	65611	28089	0
W	39802	7992	0
W	81426	18269	0
W	18335	2065488	4
W	131851	614	2
W	18338	5374201	5
W	59831	173439	0
W	63456	425	0
W	18339	7281	0
W	108428	12714	0
W	44534	4595	0
W	67091	4147	0
W	57606	73156	0
W	42500	48258	3
W	121345	1108	0
W	32604	7733	0
W	48463	4918	0
W	33130	19183	0
W	151275	7129	2
W	68048	47785	0
W	66726	3410	0
W	92892	2376	0
W	51347	631471	5
W	39986	11503	0
W	33592	1212	0
W	18345	642	0
W	127941	5098	0
W	21273	61369	4
W	73242	32	0
W	42742	32847	0
W	44498	8779	0
W	43571	125006	0
W	25867	1714	0
W	39503	157699	0
W	79986	78068	0
W	41719	13484	0
W	59444	5677	2
W	22289	6081	0
W	18349	3047	0
W	42071	4153	0
W	18350	114704	0
W	30600	9415	0
W	75471	11188	2
W	150064	407	0
W	71775	108170	0
W	22435	71084	0
W	18354	151853	0
W	49479	12688	2
W	156691	18	0
W	111593	1299	0
W	109906	42	0
W	63284	131913	0
W	22500	6165	0
W	58372	36347	0
W	51413	16510	0
W	53586	621	0
W	51670	2307	0
W	140103	478	0
W	44365	29737	0
W	64737	4490	0
W	18359	583668	3
W	115649	558	0
W	33616	43717	0
W	31369	4410	0
W	43992	87082	0
W	36998	51731	3
W	71033	6077	0
W	18362	141948	0
W	48492	23508	0
W	114774	1672	0
W	32220	193968	3
W	23076	1125	0
W	82205	15105	0
W	18366	9314	0
W	18368	31825	0
W	23077	253	3
W	18369	3435	0
W	64455	3328	0
W	40137	39728	0
W	47071	8298	0
W	23102	363287	4
W	57495	19177	0
W	94290	4429	0
W	39551	5143	0
W	51735	13163	0
W	65509	23007	0
W	117266	1649	0
W	18372	4552	0
W	39952	5389	0
W	18373	415	0
W	50375	282	3
W	20538	233863	0
W	18375	3211	0
W	18376	16145	0
W	22101	26187	5
W	18378	8817	0
W	18379	3821	0
W	70181	16908	0
W	32191	50826	0
W	44803	30547	3
W	59945	3766	0
W	60747	20457	0
W	60908	30138	0
W	60392	106120	0
W	106140	637	0
W	116488	3288	0
W	159031	365	3
W	49440	13161	0
W	164181	2281	2
W	66089	25111	2
W	29314	37853	0
W	36139	5069	0
W	84855	2283	0
W	149559	525	2
W	77967	57670	0
W	115329	10539	0
W	80580	10072	0
W	98067	73880	0
W	57303	8185	0
W	107030	1079	0
W	52194	6489	0
W	72718	26950	0
W	18400	375784	0
W	60632	9975	0
W	20912	71004	4
W	18402	18952	2
W	38796	152143	0
W	73124	2613	0
W	18403	1396	0
W	128775	70326	0
W	18405	4341467	6
W	69841	25072	0
W	18407	188806	0
W	18408	11014	0
W	43716	81790	0
W	119514	3381	0
W	75177	2280	0
W	149776	44	0
W	127851	685	0
W	50517	12716	0
W	45998	2405	3
W	18413	1873904	4
W	63855	27504	0
W	67503	18084	3
W	51957	176	0
W	80328	26933	0
W	84988	7677	0
W	21391	47205	4
W	21122	215022	4
W	18416	5481	3
W	35180	106989	0
W	18417	36413	0
W	50113	13151	0
W	43206	103481	0
W	56693	3223	0
W	143029	8939	0
W	36696	3737	4
W	75189	2868	0
W	18419	12598291	0
W	50559	206511	0
W	45952	120707	0
W	52459	103963	0
W	120129	7151	0
W	26584	228727	0
W	56458	41957	0
W	31738	78615	0
W	33031	57025	0
W	56104	5811	0
W	71878	104190	4
W	75150	64	0
W	148269	2230	0
W	77158	14296	0
W	22835	480	1
W	67291	1030	0
W	37296	11665	2
W	46511	5315	0
W	147623	16	1
W	79717	19297	0
W	22436	186386	0
W	65997	13761	0
W	42967	302	0
W	63504	10990	3
W	71914	87424	0
W	29181	18292	0
W	146394	3688	1
W	22213	6983	0
W	37696	11694	0
W	35310	7501	0
W	58257	2029	0
W	75605	12963	0
W	18430	2323974	0
W	49488	17205	0
W	66572	1374	0
W	20942	1045	0
W	127762	1530	0
W	22491	148521	3
W	140518	912	0
W	62668	64361	3
W	75165	3457	0
W	18433	833	0
W	143543	40	0
W	40630	41874	0
W	21431	19349	0
W	39023	1863	0
W	102328	10234	0
W	36899	3019	0
W	60429	44973	0
W	59106	25616	0
W	139284	31689	0
W	18438	837444	3
W	44235	844	0
W	66448	3125	0
W	100497	98681	0
W	34682	2750	0
W	128857	30267	0
W	75058	18259	0
W	18442	142939	0
W	67785	4424	0
W	18444	28062	0
W	149774	787	4
W	18447	27399	4
W	118814	1128	0
W	36822	101611	0
W	128827	25691	0
W	18448	2616	5
W	49648	14433	0
W	18451	13970	4
W	18453	4293	0
W	31767	24584	2
W	39369	31717	3
W	60909	5607	0
W	57951	36972	0
W	63115	30733	3
W	37798	54978	0
W	29749	1426	1
W	40109	3799	0
W	22837	557	0
W	70127	164	3
W	134279	807	0
W	18460	60398	0
W	68828	560	3
W	21653	86423	0
W	37370	980	1
W	82113	6648	0
W	35659	2401	0
W	119084	1219	0
W	57952	1401	0
W	69518	29621	0
W	31345	24042	2
W	20478	237710	4
W	123137	5321	0
W	82070	25834	0
W	49520	19623	3
W	98175	19246	0
W	18464	911	0
W	21123	254489	3
W	68691	6833	0
W	70519	1829	0
W	36040	6077	0
W	71144	504	3
W	18467	9077	0
W	37705	19760	0
W	58307	866	0
W	18468	9798202	5
W	42797	9950	3
W	23527	134	1
W	20913	64907	0
W	36686	302496	0
W	54909	22300	0
W	135623	1943	3
W	166867	2885	0
W	50600	69754	5
W	18475	24988	0
W	82751	135168	0
W	18476	282410	6
W	18477	240532	0
W	18478	603627	5
W	38901	9989	0
W	20539	19601	0
W	74700	1489	0
W	107986	37516	0
W	52926	83559	0
W	18484	15722	0
W	29929	31855	3
W	61221	26705	6
W	85327	21039	0
W	18487	687496	0
W	44665	19267	0
W	141117	10	0
W	127126	998	0
W	44926	52194	0
W	72302	1432	0
W	39209	807	0
W	81228	13148	0
W	38476	7700	4
W	75186	1968	0
W	56868	35438	5
W	65161	3506	0
W	18491	677059	0
W	18492	1995	0
W	50477	26827	0
W	109127	4632	0
W	23078	5952	0
W	37662	459	4
W	18493	10184	0
W	42451	3874	0
W	57226	2071	0
W	87220	507	0
W	157462	1427	0
W	42878	35581	4
W	66223	3375	0
W	138606	4041	0
W	40957	16997	0
W	135207	2151	0
W	75331	72	0
W	148101	10	0
W	23192	37948	0
W	62131	299	3
W	48576	3123	0
W	60968	2489	0
W	86313	11550	0
W	70632	7749	0
W	60346	1745	3
W	18503	18565	0
W	49565	834	0
W	102186	4055	0
W	136851	723	0
W	75036	36383	0
W	33230	52164	4
W	26685	324672	0
W	50560	10450	0
W	60425	84770	0
W	166020	720	0
W	18505	623	0
W	23079	1063	0
W	67525	46880	0
W	18508	40554	0
W	39753	53073	0
W	101951	6187	0
W	65126	36670	0
W	60173	3311	0
W	71588	84763	0
W	74049	2053	0
W	60910	8217	0
W	61083	6746	0
W	49542	307400	0
W	164167	10774	2
W	122809	9057	0
W	36687	75400	0
W	36180	515	0
W	71735	5258	3
W	31346	164278	0
W	54359	85401	0
W	148073	865	1
W	70955	3661	0
W	153515	1225	2
W	25797	17638	0
W	40248	11263	2
W	51056	578	1
W	29094	149909	0
W	51414	14536	0
W	79377	137963	0
W	82369	19236	0
W	60884	43464	6
W	24838	175489	0
W	22437	95373	0
W	48158	716735	0
W	94260	19379	3
W	128186	17987	0
W	128713	1769	0
W	58381	11892	0
W	18524	70503	0
W	37779	115436	0
W	143458	3450	0
W	36823	66325	0
W	18526	2256	0
W	75442	5713	0
W	132584	4663	0
W	60461	162072	0
W	82771	6583	0
W	18527	1955	0
W	26626	1545	0
W	45306	6183	0
W	64156	4724	0
W	21175	135134	0
W	56712	2024	0
W	79953	9606	0
W	77840	98055	0
W	22293	198364	0
W	56512	29626	0
W	131079	3979	2
W	128448	675	3
W	53161	8028	0
W	96010	26222	0
W	37055	141806	4
W	49619	5380	0
W	147529	2235	2
W	18536	57373	0
W	62799	80768	2
W	29998	68332	0
W	32358	4289	0
W	47024	8067	0
W	51990	84116	0
W	156590	5656	0
W	18540	65982	0
W	18541	73592	0
W	50377	2916	0
W	51890	3014	0
W	130147	36758	2
W	148705	4736	0
W	37780	14729	0
W	133013	2640	0
W	54004	98046	0
W	45315	20184	0
W	18543	868452	0
W	61108	1428	0
W	68214	20781	2
W	121442	26069	0
W	18547	142308	5
W	149879	4925	0
W	32167	70932	0
W	58088	24842	4
W	97638	17527	0
W	63411	2502	4
W	52492	3332	0
W	35807	199769	0
W	35769	17552	0
W	108214	1029	0
W	106057	1435	0
W	69340	11208	0
W	18555	24133	4
W	28138	59387	0
W	75267	883	3
W	53738	45473	3
W	50093	51087	3
W	75005	5173	0
W	18559	91759	0
W	80214	25588	0
W	75200	2492	0
W	36530	322204	0
W	121628	1741	0
W	18561	9877	0
W	41961	12858	0
W	74443	5104	0
W	157481	4818	5
W	69686	27891	0
W	123306	8933	0
W	46822	12480	2
W	50206	17495	0
W	61028	5241	0
W	105539	22774	4
W	36865	18750	0
W	23531	277	0
W	70015	55217	0
W	54548	16123	0
W	46628	1449	0
W	60207	4746	0
W	52600	5846	0
W	22838	1689	0
W	31235	43222	0
W	63404	6044	0
W	164882	353	3
W	71354	6721	0
W	57607	2949	0
W	76577	87934	0
W	103414	13863	1
W	29346	22419	0
W	18569	237220	0
W	150878	3088	0
W	150670	13388	2
W	60397	4459	0
W	136660	37860	0
W	18572	655744	0
W	84712	13554	0
W	22438	399947	0
W	53370	621	0
W	18575	28846	2
W	65748	3640	0
W	88940	1661	0
W	52123	32460	0
W	18576	19870	0
W	32270	4125	0
W	18579	22723	0
W	86053	6780	0
W	83123	4221	0
W	108403	9885	0
W	41249	15395	0
W	18581	3655	4
W	45789	24485	4
W	113217	50810	0
W	18582	38421	0
W	18583	6058	0
W	121130	1616	0
W	18584	25029	0
W	18585	1557479	0
W	24796	1484	2
W	33961	3645	0
W	18587	2599	0
W	69554	291723	0
W	83308	1171	0
W	18588	158777	0
W	118223	1049	0
W	48577	212680	0
W	29753	100052	4
W	124674	20796	0
W	60028	2842	0
W	108404	3698	2
W	45875	37	1
W	86346	8641	0
W	18594	1297814	0
W	54248	221871	4
W	51221	1417	2
W	84087	14365	0
W	62703	16100	0
W	49601	121044	0
W	74248	4526	3
W	106890	1001	0
W	107915	7697	0
W	134561	5908	3
W	63449	3753	3
W	31370	692831	4
W	97528	593	0
W	168249	3763	0
W	116190	10096	0
W	18600	82	1
W	81090	34942	0
W	47507	247599	0
W	39484	994	3
W	66036	2889	0
W	49225	56973	0
W	71429	5709	0
W	94878	2451	0
W	140519	7651	3
W	156681	413	0
W	55750	533	2
W	22338	6583	2
W	78482	100213	0
W	18608	50369	1
W	61223	271687	0
W	21176	52838	3
W	152917	1395	3
W	73389	13499	1
W	70399	11991	0
W	46538	30450	0
W	22839	2543	0
W	18613	8180	0
W	18614	2064600	0
W	18615	1189	0
W	165664	1555	2
W	35236	46884	0
W	75400	1595	0
W	31020	142845	4
W	132573	2848	0
W	128307	824	1
W	57618	160	0
W	18619	10311	0
W	33895	50905	4
W	33681	8419	0
W	21343	12738	0
W	29586	7739	1
W	137896	465	0
W	76736	38492	4
W	18621	15018	0
W	88078	2156	0
W	35202	121651	0
W	48851	31469	0
W	18622	10656	0
W	49403	62177	0
W	58682	47988	0
W	66908	1616	0
W	71023	157970	0
W	68540	12122	0
W	70468	13576	0
W	21125	4214	3
W	32045	62218	0
W	39936	3408	0
W	18626	7604	0
W	158327	2431	0
W	18628	10437	0
W	18629	1432	0
W	46823	20299	0
W	76372	2417	0
W	100247	823	0
W	52195	5023	0
W	23677	159	0
W	36338	116740	0
W	72000	4046	0
W	18636	338806	0
W	72317	60784	3
W	106400	612	0
W	18638	54028	0
W	87903	9290	0
W	48607	91240	0
W	39953	26904	0
W	120410	3047	0
W	36451	2633	0
W	23204	134964	5
W	61709	31704	4
W	18640	548141	5
W	67954	87988	0
W	18641	116633	5
W	77380	53767	0
W	18642	1240	0
W	48441	1956	0
W	164203	59523	6
W	45131	8281	0
W	71506	1123	0
W	111577	1454	0
W	25978	80786	0
W	35482	29821	4
W	141396	329	0
W	56580	4257	2
W	43183	4004	0
W	136052	11227	0
W	68136	9131	0
W	32321	271451	0
W	101776	2977	0
W	18648	225533	6
W	18649	82	0
W	30567	3276	0
W	42825	749	0
W	132380	177	0
W	18652	2097354	6
W	82033	13909	0
W	59096	86251	0
W	53587	2768	0
W	18653	5201	0
W	72687	145	0
W	47427	12510	0
W	18657	3413	0
W	87928	5220	0
W	26627	32256	0
W	18661	681096	0
W	127804	3867	0
W	65097	9769	0
W	32514	98640	0
W	36125	121415	0
W	58892	6413	0
W	143880	3694	0
W	57158	64608	0
W	45296	685	0
W	118517	1374	0
W	141969	2504	1
W	31030	39494	4
W	33655	125026	0
W	55716	6665	0
W	43407	55256	0
W	48185	60446	0
W	134313	2457	0
W	18667	138507	0
W	131839	2220	0
W	32959	63781	0
W	101005	729	0
W	28481	3384	0
W	51882	28761	0
W	18669	98025	5
W	35555	12080	0
W	18670	28647	0
W	18671	466403	4
W	22105	1997	0
W	18673	111844	0
W	18674	8724	3
W	39663	31579	0
W	41541	63643	0
W	159749	11672	3
W	44157	3382	0
W	31089	108	0
W	84284	24052	3
W	21071	354180	0
W	115074	8019	0
W	75414	13	0
W	25750	96336	0
W	51801	26887	0
W	74972	924	0
W	18682	506304	0
W	33446	45984	0
W	122082	15925	0
W	69877	1870	0
W	61374	4268	0
W	53162	249792	0
W	18685	8875	0
W	66329	34385	0
W	66482	6055	0
W	35983	28910	0
W	47190	18202	0
W	83375	1502	0
W	132972	1914	0
W	18689	177145	0
W	68041	35868	0
W	33032	154657	0
W	60582	15470	3
W	18690	378733	0
W	26391	26871	0
W	18691	1680811	6
W	43207	16377	2
W	38622	61718	0
W	21126	66193	0
W	80581	8647	0
W	47741	6595	0
W	21724	160540	0
W	18693	115	0
W	122355	7255	0
W	21489	265253	0
W	18694	16605	0
W	28282	915627	0
W	49701	14648	0
W	58855	42755	0
W	28283	276205	0
W	41796	1030	0
W	78871	18494	0
W	18696	28959	0
W	62817	3791	0
W	18697	1498	0
W	26377	30299	0
W	40480	5942	0
W	113507	796	0
W	69731	4247	0
W	64127	58283	0
W	75381	5861	3
W	57496	133436	0
W	20657	218846	5
W	132562	7898	0
W	22106	1438	3
W	165497	572	0
W	110699	4956	0
W	69071	63843	0
W	52077	11748	0
W	115636	1833	0
W	41927	4608	0
W	29790	77195	4
W	87336	10167	0
W	32581	57789	0
W	21127	119488	0
W	18706	7490	0
W	75256	23942	0
W	60525	18880	2
W	23168	141593	0
W	76779	107881	0
W	54833	104556	0
W	49339	443	0
W	138261	6453	1
W	40383	143392	0
W	38680	676367	0
W	128155	1478	3
W	31875	187034	0
W	44718	12249	0
W	21072	8584	0
W	123091	3250	0
W	46091	8801	0
W	42176	9653	0
W	75401	4849	0
W	111424	4961	0
W	89815	3876	0
W	128160	1499	0
W	63017	4628	2
W	38041	95242	0
W	22339	18462	3
W	159505	2355	1
W	107032	1219	0
W	18712	9008	0
W	67603	90978	4
W	102897	8831	0
W	48186	80300	4
W	117436	9444	0
W	21128	98864	0
W	18716	1400415	3
W	18717	246146	4
W	38409	1703	0
W	57166	71927	0
W	18720	834864	0
W	51294	9199	0
W	53163	908	0
W	44350	12036	0
W	25798	81956	3
W	56996	38137	0
W	49682	46742	0
W	18725	6807	0
W	79547	667	0
W	70770	28523	0
W	32222	1796	2
W	46177	14560	4
W	64406	74387	0
W	24839	11685	0
W	70403	12971	0
W	20479	2088	4
W	18729	5913	0
W	37485	2916	0
W	97609	20818	0
W	61931	308274	0
W	50114	75587	3
W	99053	390	0
W	140508	5733	0
W	31329	6592	0
W	52211	525237	3
W	62213	4721	0
W	77228	49370	0
W	30587	32958	3
W	63066	32683	0
W	38241	87085	0
W	18733	33133	0
W	72215	33428	0
W	155675	240	0
W	43168	21499	4
W	31143	15316	0
W	49111	8385	0
W	20757	314433	0
W	52350	26237	2
W	75652	668	0
W	34683	93784	0
W	41075	8825	0
W	131978	3116	1
W	50378	92	0
W	123957	32756	0
W	45285	6972	0
W	121409	9906	0
W	41210	5932	0
W	42735	11241	0
W	54371	4112	0
W	18744	1224	2
W	26609	4132	0
W	37727	134131	6
W	42754	53051	0
W	29978	105437	5
W	74192	1714	4
W	70788	4062	0
W	59832	69199	0
W	115488	363	2
W	73085	9134	0
W	98941	2342	0
W	38379	7646	0
W	66011	19757	4
W	36140	78484	0
W	24863	24196	3
W	113053	700	0
W	76685	126581	0
W	120198	15590	0
W	45985	11103	0
W	22290	27472	3
W	60697	44979	0
W	63555	30927	0
W	128108	2543	0
W	92561	2477	0
W	49038	1438	0
W	77115	25039	0
W	18750	578070	0
W	39267	1126	0
W	62118	14278	3
W	46052	1547	0
W	20422	185117	5
W	134078	1280	0
W	18754	5557927	0
W	136850	168	2
W	58781	38705	0
W	22209	66229	2
W	40151	117426	0
W	124932	4743	2
W	76928	46341	0
W	36703	79674	0
W	58710	5252	0
W	72318	2839	2
W	156458	11120	0
W	18762	50912	0
W	51724	2255	0
W	44641	259323	0
W	128002	871	0
W	18764	3440996	4
W	128197	1255	3
W	18768	417267	6
W	52308	521	0
W	42371	1934	4
W	43348	27294	0
W	33065	5567	0
W	26334	28100	0
W	26270	191183	0
W	18769	3056	0
W	74914	7602	0
W	66324	48943	0
W	51891	723438	0
W	32322	35307	5
W	46789	239160	0
W	52333	265672	0
W	84088	3476	0
W	127828	33025	0
W	97069	3902	0
W	30655	425814	0
W	64711	14342	0
W	136069	5999	0
W	66843	3017	0
W	44337	1680	2
W	35279	48482	0
W	95737	8478	0
W	37089	104107	0
W	65855	133594	0
W	35311	99099	0
W	68821	5919	0
W	31049	27193	0
W	18784	3182	0
W	65515	27840	0
W	20673	56539	4
W	68457	18816	0
W	30754	110355	0
W	109054	1944	0
W	32046	51799	0
W	98371	9258	0
W	18788	583426	0
W	33457	6459	0
W	18790	53559	0
W	59052	91431	0
W	18791	119361	4
W	31815	62154	0
W	77049	51544	0
W	53164	134656	0
W	18793	902351	0
W	18794	18968	0
W	18796	2182	0
W	71430	826	3
W	83695	15435	0
W	60887	45730	0
W	31816	4404	0
W	147040	86	0
W	69175	23727	0
W	21490	4759	0
W	37494	1001	0
W	98372	2228	0
W	65644	77598	0
W	127884	2560	4
W	88021	2843	3
W	26392	20142	0
W	18800	607128	0
W	36364	159423	3
W	45844	207335	0
W	51554	9424	0
W	73174	9348	2
W	18803	1937960	0
W	132305	2719	1
W	18806	1405259	0
W	127991	2693	0
W	18807	3937	0
W	105417	1430	0
W	18808	197466	5
W	55882	95790	0
W	131387	20722	0
W	63248	15812	0
W	82606	4402	0
W	37461	129	0
W	31913	102045	0
W	20271	199256	5
W	34846	6512	0
W	18813	18311	0
W	18814	259881	0
W	128005	1445	0
W	20540	5764	0
W	35655	6366	0
W	75502	181	2
W	75653	2877	0
W	127852	3723	0
W	18816	191952	0
W	18817	160074	0
W	48587	12042	0
W	127887	2891	0
W	62961	9632	0
W	42710	292493	0
W	40190	116033	0
W	122855	139	0
W	18818	465929	6
W	63838	125439	0
W	18819	24063	0
W	55751	280811	0
W	22389	136217	0
W	18821	16527	0
W	83757	4436	0
W	55277	41279	0
W	30684	85239	0
W	149209	4629	0
W	67188	3545	0
W	21300	36988	5
W	103415	3615	2
W	18824	1992865	0
W	29059	163084	0
W	78724	30534	0
W	84322	8434	0
W	40058	3785	0
W	132973	8198	3
W	50601	17959	0
W	54615	8598	0
W	74450	7932	0
W	74581	13	0
W	123907	22036	0
W	128714	3285	0
W	97298	3154	0
W	54422	1075	0
W	29617	173280	0
W	32328	4767	0
W	66507	4517	0
W	48086	3694	2
W	79645	20335	0
W	18831	85423	0
W	72425	91818	0
W	50381	839	0
W	145179	4203	2
W	75367	4144	2
W	47795	55211	0
W	78882	63599	0
W	52168	4209	0
W	18835	2183594	0
W	30561	185940	5
W	128168	22850	0
W	168806	1411	0
W	18836	268739	4
W	18837	15613	3
W	31144	97428	0
W	97480	6689	0
W	18838	167776	0
W	38477	42745	0
W	18839	3587	2
W	39359	19942	0
W	39987	16358	0
W	54181	18340	4
W	69915	28362	0
W	21491	624	0
W	50629	1695	0
W	39513	12458	0
W	59576	3375	0
W	107671	7050	0
W	35312	273890	0
W	33729	17750	0
W	134779	31305	1
W	58836	12951	0
W	41332	12017	3
W	124277	163	0
W	36999	56163	0
W	75072	10568	4
W	64059	320403	0
W	26393	30323	0
W	79772	19031	0
W	22493	359836	0
W	128174	561	0
W	59283	896	2
W	31121	105332	4
W	51057	4981	0
W	36824	6817	0
W	111232	1546	0
W	40441	9375	0
W	18848	398825	0
W	95674	1228	0
W	122308	694	0
W	130363	2067	3
W	100685	5467	0
W	18849	17056	0
W	119508	9930	0
W	54005	199547	0
W	18850	26039	0
W	43308	7606	0
W	63220	40159	0
W	54565	10983	1
W	60983	48856	0
W	38710	3621	0
W	160322	1582	2
W	105566	4395	0
W	78666	18200	0
W	40059	847	0
W	43507	58558	0
W	52493	8128	0
W	155882	42	0
W	29347	23337	0
W	21301	17793	0
W	58856	33971	0
W	45298	1598	0
W	73245	35388	0
W	18856	511396	5
W	68561	34473	0
W	42049	15610	0
W	18857	117	0
W	31347	571730	4
W	67048	443	0
W	69862	10978	0
W	28248	72869	0
W	18861	4399	0
W	75214	12115	0
W	127992	2567	0
W	42029	30840	3
W	23280	64161	0
W	88986	9685	0
W	20480	45494	3
W	77870	119342	0
W	37706	70741	0
W	18867	1034	0
W	133736	1258	1
W	42838	7091	0
W	71998	10912	0
W	102826	146	0
W	40980	3150	0
W	69882	2030	4
W	132171	8401	0
W	72723	573	2
W	28284	196449	0
W	31718	57646	0
W	18877	86603	0
W	117153	22402	3
W	76929	81634	0
W	50382	3463	0
W	18878	216368	4
W	65005	241	0
W	136633	7844	0
W	101816	1159	0
W	71345	30226	0
W	52734	9046	0
W	132102	1715	0
W	54936	21514	0
W	160708	99	0
W	32982	2997	0
W	20604	127406	4
W	101817	1717	0
W	67425	5219	0
W	52854	3931	0
W	18882	2834	0
W	108218	116	0
W	23082	1504	0
W	46948	14983	0
W	50052	12971	0
W	18883	69162	0
W	69610	103392	0
W	160677	193	0
W	62014	4429	2
W	21392	158063	0
W	70906	66	0
W	48493	20865	0
W	56869	6869	0
W	152197	530	2
W	48761	8172	0
W	23169	103373	0
W	18884	90733	3
W	38850	4218	3
W	42270	7894	3
W	26744	74406	0
W	75647	14265	0
W	79829	5286	0
W	43950	7760	0
W	80296	8194	0
W	41821	2158	0
W	50694	507624	0
W	63060	6767	0
W	66520	1514	0
W	26364	39235	5
W	21129	187446	0
W	39591	92473	0
W	65225	25659	0
W	167149	0	2
W	39699	36989	0
W	42239	11138	0
W	93606	17636	0
W	18891	1441	0
W	21245	7570	3
W	20605	113956	0
W	22390	50106	4
W	136996	6893	2
W	162151	16340	1
W	18893	7218	2
W	53092	29442	4
W	137376	44	0
W	63635	4680	2
W	61279	5664	0
W	21781	119017	0
W	62987	12366	0
W	62760	76697	0
W	36923	20749	0
W	20914	24829	0
W	54950	6995	0
W	51324	443	3
W	74363	13890	0
W	77547	5910	0
W	75416	2927	0
W	18900	1087	0
W	18901	11382	3
W	160206	1578	2
W	87074	7646	0
W	18903	12143	0
W	47763	32483	0
W	21130	19182	5
W	20423	35485	5
W	52528	10000	3
W	110700	3890	0
W	73116	4336	3
W	51427	25563	0
W	56630	1539	0
W	18906	120622	0
W	35612	123650	0
W	111896	8767	0
W	18907	624479	0
W	30670	41947	0
W	57721	104236	1
W	23170	240559	0
W	32223	5027	0
W	128009	3020	2
W	18909	443371	0
W	54670	25185	0
W	47457	18629	0
W	66096	67344	0
W	39293	51699	0
W	18911	1588	0
W	20915	60800	3
W	159665	1347	5
W	20606	76856	0
W	82327	10831	0
W	25827	174309	0
W	28098	71970	3
W	57102	20808	0
W	60545	355	0
W	68997	919	0
W	28249	91678	4
W	18921	2849	0
W	44938	20371	4
W	54919	2287	3
W	46532	1837	0
W	77321	17010	0
W	122771	694	0
W	38940	25862	0
W	18930	23077	0
W	55653	72834	2
W	45579	221971	0
W	34004	847	0
W	20272	173877	4
W	18933	1645	0
W	139091	4053	0
W	119602	7411	0
W	69179	91597	0
W	18935	772	0
W	61478	16687	0
W	65470	40	3
W	65749	10710	0
W	61029	939	0
W	44100	771	0
W	20365	56573	0
W	71093	3256	0
W	18937	23238	0
W	40757	3514	0
W	46280	7732	0
W	38681	58622	0
W	18944	17369	0
W	131846	29467	0
W	18946	2085	0
W	76686	121311	0
W	61020	523	0
W	46232	14321	0
W	87573	8039	0
W	50561	41819	0
W	28285	288653	4
W	59567	7933	0
W	134334	1563	0
W	18949	101911	0
W	26585	403223	0
W	85939	870	0
W	108033	4168	0
W	68065	2093	0
W	51948	3195	3
W	57626	5237	0
W	108999	3182	0
W	37680	9358	4
W	55698	22559	0
W	18952	53284	0
W	71034	90549	0
W	65861	16158	0
W	41928	24465	0
W	37018	20952	0
W	47862	54542	3
W	96652	2039	0
W	30484	51291	4
W	62010	9216	0
W	18959	147292	4
W	18960	472312	0
W	18962	3780	4
W	26271	104197	5
W	49112	10016	3
W	68961	1356	0
W	18966	174836	0
W	147903	1058	0
W	63669	60684	0
W	68115	1675	0
W	35407	9517	2
W	63727	12081	0
W	87813	1544	0
W	20541	122262	3
W	59950	33715	0
W	51295	37934	0
W	28112	4393	0
W	21816	44876	0
W	18968	285306	0
W	65149	3116	0
W	61367	70378	0
W	26759	92358	0
W	70289	3608	0
W	58115	24966	0
W	67379	14436	0
W	57802	116306	0
W	47728	87649	0
W	18974	1318	4
W	18975	506406	0
W	18977	388319	4
W	69635	1572	0
W	46155	114974	0
W	18978	10978	0
W	29095	11431	3
W	102082	4300	0
W	22341	70280	0
W	21131	4554	0
W	73854	12832	0
W	60793	36485	0
W	138944	452	0
W	36389	461	0
W	97347	765	0
W	38027	9102	0
W	32003	5657	0
W	129372	4214	0
W	43585	582308	0
W	55717	44619	0
W	68931	17081	0
W	75691	885	0
W	135624	11026	0
W	156603	174	0
W	62605	7467	0
W	39070	513	0
W	31769	20297	0
W	68638	10270	0
W	38851	6479	2
W	49189	104123	0
W	98356	17395	0
W	62414	237	0
W	18987	5017646	5
W	40827	22216	0
W	18988	657656	0
W	120835	1749	0
W	33896	55856	0
W	62794	8642	3
W	46887	4861	0
W	119849	7927	0
W	36934	432473	3
W	26293	16624	0
W	92642	728	0
W	18995	806628	6
W	135613	1768	0
W	72691	40866	0
W	60497	9035	0
W	87112	2053	0
W	24840	209419	0
W	35153	3351	3
W	28139	8077	0
W	20542	119027	3
W	18998	4242	0
W	57755	32514	0
W	21725	89424	3
W	30611	4106	0
W	135899	2894	3
W	38274	49082	3
W	71807	586	2
W	36078	1673	0
W	79400	24589	0
W	21817	232995	4
W	147530	166	3
W	91454	1000	0
W	19003	146135	0
W	133632	1196	0
W	60042	4417	2
W	32271	74034	0
W	73468	78082	0
W	19008	644723	0
W	29601	67242	0
W	126383	1420	0
W	127771	386	2
W	140939	1487	0
W	43561	46473	4
W	50829	5140	0
W	19011	623	0
W	113162	37729	0
W	36145	2068	0
W	39420	15803	0
W	43430	7223	0
W	55385	45435	3
W	123449	10408	0
W	46281	12935	0
W	64738	18135	0
W	19015	3272	2
W	124675	37296	0
W	132957	69	0
W	22196	447	0
W	19018	765773	5
W	37019	100770	0
W	86496	3863	0
W	23251	1438	3
W	101040	133	4
W	77119	21317	0
W	31771	6169	0
W	75418	2520	0
W	112626	1526	0
W	23084	1545	0
W	43408	5996	0
W	23205	237374	0
W	70436	64456	0
W	35127	913	0
W	19022	121693	5
W	19023	52085	5
W	103935	25427	0
W	19025	515068	4
W	19026	1602362	0
W	57462	8292	0
W	72919	33579	6
W	62811	3439	4
W	26394	158647	0
W	110074	2447	0
W	46443	5132	0
W	19031	609789	0
W	116045	4702	0
W	72749	92710	0
W	67058	2880	0
W	78216	246966	3
W	118629	32624	0
W	55752	26635	0
W	19039	151442	3
W	67344	9866	0
W	42521	37193	0
W	68288	7464	0
W	33842	140	0
W	149178	867	0
W	35284	1155	0
W	96142	1731	0
W	120897	977	0
W	19042	65875	0
W	19043	472681	5
W	19044	34233	0
W	77332	3756	2
W	67941	14689	2
W	36721	38118	0
W	51974	1118	0
W	47713	89265	0
W	36586	29300	0
W	134778	14744	0
W	75505	6189	0
W	39504	4413	3
W	78136	28119	0
W	77324	4127	2
W	51883	25733	2
W	22391	9277	0
W	142111	472	0
W	84935	12812	0
W	93332	1251	1
W	116130	15843	4
W	68972	1764	3
W	66539	991	4
W	19053	2805181	0
W	60863	16511	0
W	24841	11940	3
W	144191	23	0
W	19055	46677	0
W	28764	22303	0
W	40612	80068	0
W	30562	35412	0
W	143637	39	0
W	120227	1580	0
W	59814	6875	0
W	29874	2527	0
W	20543	335059	0
W	20873	74184	4
W	160123	148	3
W	165429	9988	3
W	139853	1017	0
W	19063	83	0
W	72226	19089	0
W	108517	1818	0
W	37690	15186	0
W	154903	147	0
W	74200	9039	0
W	20916	6753	3
W	108541	9403	0
W	93921	18262	0
W	51060	65946	5
W	19069	18999	0
W	95140	8001	0
W	54711	11715	0
W	21274	7825	0
W	155614	1653	0
W	86380	1438	0
W	52715	4854	0
W	41178	1376	0
W	52351	8312	0
W	49430	21023	3
W	65681	14913	0
W	93896	40608	0
W	19072	4491	4
W	164168	321	1
W	60487	13403	0
W	94292	6626	0
W	69225	2538	0
W	19076	55461	6
W	88889	1438	0
W	105194	5542	0
W	65811	188492	5
W	88738	2386	0
W	53165	186567	0
W	71688	1039	0
W	55534	230072	0
W	65172	10883	0
W	33144	21849	0
W	49203	25320	0
W	19080	233874	0
W	35483	6880	0
W	34794	13567	0
W	145853	20857	0
W	123574	1209	0
W	53053	212991	0
W	19081	28606	3
W	19082	16316	0
W	77408	43403	0
W	101379	7114	0
W	126739	6662	0
W	39055	6420	3
W	48507	8625	0
W	43869	139734	0
W	19084	30552	3
W	43627	2126	0
W	19085	15680	0
W	19087	838189	0
W	72949	2557	0
W	19088	126699	0
W	39010	55839	3
W	45132	85940	4
W	72655	6099	0
W	162919	59544	0
W	86625	571	0
W	19092	12373	0
W	66074	46154	0
W	61469	1771	0
W	32123	18293	0
W	129164	767	0
W	37182	60242	0
W	26395	193246	4
W	106814	13854	0
W	69374	15608	3
W	39619	13604	3
W	86963	2769	0
W	44596	58220	3
W	77276	3407	0
W	75361	95470	0
W	50765	72057	0
W	64392	32320	4
W	19098	1073	0
W	78088	17669	0
W	96406	3203	0
W	54204	4066	1
W	131011	2075	0
W	21212	76657	4
W	64086	49965	4
W	89227	1847	0
W	121394	2256	0
W	22844	10912	0
W	44338	3338	2
W	80104	8256	0
W	30693	128877	0
W	75279	1718	0
W	46462	122685	0
W	75484	6182	0
W	69118	19486	0
W	45806	5082	0
W	44366	37568	0
W	124055	28903	0
W	79646	40588	0
W	45160	3910	2
W	114378	3317	0
W	19111	1968244	6
W	81827	17144	0
W	67189	29007	3
W	86657	16806	0
W	74052	36600	0
W	19113	1052	0
W	118456	7165	0
W	35437	542	0
W	87362	8094	0
W	93607	2271	4
W	91682	10613	0
W	51765	12838	3
W	42059	230454	0
W	44666	83840	0
W	34684	36739	0
W	66564	33106	3
W	75131	1572	0
W	157569	76	0
W	44860	19347	0
W	24898	17102	0
W	40759	117	0
W	63481	586	0
W	19118	6428	3
W	55197	17001	0
W	73314	3978	0
W	19119	4263167	6
W	50383	738	0
W	58857	491	0
W	145609	23693	2
W	143639	10248	4
W	147696	193	0
W	40074	3612	0
W	104152	20399	0
W	49885	2881	0
W	35789	5159	3
W	52615	23915	0
W	19121	2085	0
W	19122	4700	0
W	67935	937	0
W	19125	2005	0
W	40167	21962	0
W	48069	2040	3
W	21755	91638	0
W	54058	61814	0
W	19130	9426	0
W	53647	182964	0
W	20544	62809	0
W	21726	459473	4
W	62398	1378	0
W	69760	315	0
W	126981	3237	0
W	57463	95	0
W	128330	1359	0
W	106891	108	0
W	77329	2910	4
W	50095	1944	0
W	19137	4899	0
W	19138	27064	3
W	111233	4035	0
W	143218	121	0
W	36704	205712	0
W	35154	20169	0
W	38692	112604	0
W	63751	23482	0
W	72866	195	2
W	36022	157342	0
W	23252	45696	0
W	19141	3963	4
W	51638	6538	0
W	54283	34269	0
W	55643	88042	0
W	157082	198	0
W	33447	42516	4
W	113874	5002	0
W	29211	261146	5
W	154647	1435	0
W	51099	5677	0
W	22112	450	0
W	66759	3375	2
W	46711	15484	0
W	121110	11656	0
W	68700	1292	0
W	64877	2230	0
W	64516	19095	0
W	56796	2340	0
W	19146	651017	0
W	61280	1395	0
W	42140	82854	0
W	60526	156134	0
W	19150	1625519	0
W	41962	1590	0
W	83914	1313	2
W	44477	46790	0
W	34826	13785	0
W	49226	13753	4
W	68031	43915	4
W	19152	3341	0
W	31830	406	0
W	20366	306121	4
W	72148	802	0
W	31728	16151	0
W	69232	9757	0
W	87050	24633	0
W	37368	67851	3
W	130514	51130	2
W	61553	943	2
W	70826	5582	0
W	151039	990	2
W	66867	5431	0
W	19158	26989	0
W	23682	19	0
W	68354	17859	0
W	77192	19770	0
W	39056	6763	0
W	62155	9111	0
W	41204	102491	0
W	71636	3828	0
W	21246	5168	0
W	19162	928272	0
W	134524	9969	3
W	43686	20123	0
W	35420	47319	0
W	127976	3553	1
W	61850	141785	4
W	19168	219063	0
W	19169	443022	0
W	39627	7280	0
W	73937	31494	0
W	19171	23580	0
W	37048	1931	4
W	21640	62905	0
W	31261	20788	0
W	146502	2051	0
W	26272	129552	0
W	64158	147	0
W	53255	23048	1
W	19178	139451	0
W	19179	17210	0
W	77650	28009	0
W	19180	65508	0
W	107343	60302	0
W	19181	2991	0
W	76547	110494	0
W	19183	2845	0
W	19184	5628	4
W	31282	66884	0
W	68428	5135	0
W	36825	156375	0
W	20792	177666	0
W	58065	852	0
W	64690	58940	0
W	36331	296921	0
W	23171	137041	0
W	142367	175	0
W	54284	4073	0
W	39057	4627	3
W	32652	103191	0
W	41364	7844	0
W	153191	30095	0
W	22494	48968	0
W	50028	770	4
W	56537	114175	0
W	19186	4182024	6
W	111134	5119	0
W	48172	28911	0
W	139926	591	0
W	56989	5603	0
W	36246	10856	0
W	94734	163	2
W	119222	11594	0
W	29182	2360	3
W	140877	2672	0
W	67915	292	0
W	19188	71818	5
W	36893	7246	0
W	44939	2750	3
W	50639	8806	0
W	52044	1271	0
W	59144	1375	2
W	29183	87665	0
W	58324	39702	0
W	65991	1674	0
W	19190	25167	0
W	120809	5221	0
W	24842	467586	4
W	19192	1485	0
W	78308	20407	0
W	63913	34392	2
W	65974	2012	0
W	62189	44200	0
W	52263	56285	0
W	59024	45954	3
W	65385	69362	0
W	77948	58618	0
W	67823	28230	0
W	63576	2967	0
W	28482	32925	0
W	143427	4663	0
W	166141	82662	3
W	31914	1526	0
W	32124	36999	0
W	132580	8005	3
W	19205	3120	3
W	25751	22847	3
W	127993	23389	3
W	33111	17888	0
W	76688	75436	0
W	71068	2296	0
W	146387	1478	0
W	76931	49902	0
W	19207	5522	0
W	38348	44290	0
W	19208	2259556	0
W	83392	15989	0
W	79604	4155	0
W	88966	14248	0
W	48852	111	2
W	80132	7773	0
W	38797	309502	0
W	55080	27354	0
W	21589	206646	4
W	74176	4734	0
W	28099	148418	5
W	64055	40780	0
W	35705	27758	3
W	77651	17051	0
W	26586	315774	0
W	19209	7511	0
W	22342	203005	0
W	105330	24534	0
W	19213	953758	0
W	116451	3942	0
W	73651	733	0
W	49886	26617	2
W	106731	1075	0
W	48763	712	0
W	19216	479	0
W	65812	33712	0
W	20716	39260	0
W	28312	5495	0
W	63142	14097	0
W	48567	14790	0
W	50489	16119	0
W	58263	18772	0
W	36452	4441	0
W	20848	48397	0
W	75982	10536	0
W	76689	70415	0
W	19221	523	2
W	66309	20967	0
W	58938	42135	0
W	61714	19921	0
W	19228	51765	0
W	19229	1203182	5
W	61076	2017	0
W	52673	8383	0
W	59518	99469	0
W	34582	30350	0
W	29886	36565	0
W	19233	714507	0
W	19235	4376	0
W	111526	5277	0
W	19238	192887	0
W	128044	190	0
W	63506	3066	0
W	107233	1219	0
W	50879	2351	0
W	124770	12170	0
W	54549	15722	0
W	22197	6903	0
W	126421	1048	0
W	19240	18628	5
W	39397	2580	0
W	21641	65286	0
W	73257	41846	0
W	64518	19629	0
W	38478	31805	0
W	56816	42254	0
W	29930	305147	5
W	127994	5659	0
W	23172	373299	0
W	85355	21297	0
W	110183	379	0
W	69531	7372	0
W	120524	1689	0
W	85833	4045	3
W	77340	253412	0
W	63061	7209	2
W	19244	7605	0
W	36946	34276	0
W	62264	2547	0
W	41801	5270	0
W	33448	68338	0
W	22198	7103	0
W	19249	42713	0
W	39805	11721	0
W	128088	4972	0
W	79401	19040	0
W	22113	2002	0
W	39666	28276	0
W	28313	4124	3
W	19253	173171	0
W	32983	3930	0
W	147973	1617	0
W	93717	1249	0
W	37418	6156	0
W	19256	563782	0
W	49644	1070	3
W	67612	21250	0
W	41298	255196	0
W	44367	26539	0
W	47655	7664	0
W	54059	17789	0
W	19260	430	0
W	90331	224	0
W	127772	52383	0
W	33747	1655	0
W	75317	1019	0
W	59921	30191	0
W	53449	27434	0
W	19263	12464	0
W	19264	499	0
W	60360	40451	0
W	82347	55631	0
W	33258	71406	0
W	49752	3050	0
W	19265	59	0
W	35155	76720	0
W	140378	2151	0
W	52379	3307	0
W	65061	4257	0
W	54161	15288	0
W	60956	1840	0
W	55198	12810	0
W	19269	142769	4
W	60100	16940	3
W	34803	14403	0
W	19271	573383	0
W	19272	663353	0
W	26745	44593	0
W	120480	2075	0
W	69750	8323	0
W	25800	149930	0
W	164540	505	3
W	157570	72	0
W	45790	39305	0
W	47764	5832	0
W	19281	24797	0
W	122260	14445	3
W	127797	9201	3
W	78811	23667	0
W	73709	2596	3
W	94160	1489	0
W	21003	14053	4
W	19283	14410	0
W	145073	3036	0
W	74800	32124	0
W	53393	2829	0
W	19287	860	0
W	54912	32949	0
W	62555	38469	0
W	31703	14328	0
W	29791	2546	2
W	43905	84527	0
W	19289	1333	0
W	19290	21390	0
W	21177	4383	2
W	37156	80926	0
W	52942	7064	0
W	32015	131674	0
W	53166	14292	4
W	85564	12173	0
W	69253	258237	0
W	97267	2923	0
W	68804	1189	4
W	19296	1594014	0
W	65872	6282	0
W	19298	340362	5
W	157452	3955	5
W	51449	94461	0
W	83546	7487	0
W	45461	2912	0
W	158147	605	4
W	19301	4757	0
W	112182	25946	0
W	29999	55888	0
W	142121	13712	0
W	80142	15966	0
W	52236	54808	0
W	30650	87186	0
W	54292	6704	0
W	34769	8733	0
W	66137	34717	0
W	37169	1615	0
W	31371	103639	0
W	51736	1102	4
W	127832	2157	0
W	36894	37415	4
W	21543	104460	0
W	127923	35	0
W	19312	131002	4
W	54220	28171	0
W	24961	197107	0
W	80215	55888	0
W	95141	13940	0
W	41251	207469	4
W	39445	5416	0
W	21344	123244	3
W	36041	42804	0
W	51737	28412	0
W	62415	511	0
W	70817	1228	1
W	58035	17415	0
W	131556	2041	0
W	138324	18960	4
W	101155	1335	0
W	54263	29847	0
W	59234	19514	0
W	143109	1251	0
W	32653	11482	0
W	19315	95333	0
W	19317	319543	0
W	59151	2746	0
W	119125	108249	0
W	98224	1565	0
W	21642	27210	0
W	52521	3216	0
W	26715	9235	0
W	20917	100117	0
W	44549	180651	0
W	22392	7256	0
W	54042	595	0
W	29594	237345	2
W	49608	142343	0
W	165968	865	0
W	75280	40908	0
W	60936	5048	0
W	19322	99195	0
W	79988	27040	4
W	20717	608043	0
W	22115	343	0
W	67830	366832	0
W	82035	12830	0
W	59695	46053	2
W	62757	13397	3
W	62979	1712	0
W	121304	33022	2
W	70437	3629	0
W	104298	25313	0
W	49673	23749	0
W	19326	29549	0
W	19327	5729	0
W	63429	17625	0
W	152565	10559	3
W	49905	79659	5
W	45161	26298	0
W	40761	4808	0
W	19333	2259	0
W	42286	54694	0
W	127946	8054	0
W	68229	14122	0
W	52827	21662	0
W	21492	91094	3
W	46769	7841	0
W	31330	224930	0
W	49341	11033	0
W	78693	116090	0
W	50096	5912	0
W	70085	19168	0
W	60127	3290	0
W	56343	4400	0
W	79402	64839	0
W	19340	713815	0
W	52828	2647	0
W	32047	11343	3
W	128352	86	0
W	68770	94	3
W	19343	768	0
W	19346	21995	4
W	42010	173130	3
W	19347	22177	0
W	95676	354	0
W	74886	4144	0
W	44180	4314	0
W	65332	4027	3
W	84898	11013	0
W	26396	212887	0
W	75262	1716	0
W	107837	7005	0
W	54834	90263	0
W	19353	163265	0
W	83672	2965	0
W	121843	4838	0
W	81708	1486	0
W	115650	13223	0
W	77193	24807	0
W	120836	5684	0
W	41421	28799	3
W	23281	2037	1
W	52334	16203	0
W	142125	872	0
W	77463	12565	0
W	46125	4245	0
W	37800	132901	0
W	56489	2852	0
W	25894	14272	1
W	55985	95444	0
W	39903	44436	0
W	19358	26354	0
W	123053	50200	0
W	87929	8768	0
W	157612	51675	0
W	73623	4072	0
W	81996	1216	2
W	125597	743	0
W	73104	15055	0
W	118739	747	0
W	45121	62215	4
W	73435	7503	0
W	30127	89	0
W	33449	195036	2
W	22116	7125	0
W	19365	6477	0
W	43397	7901	0
W	19367	6489	0
W	19368	112748	0
W	105798	19865	0
W	70960	20942	2
W	19370	1439	2
W	71389	130	0
W	70000	10224	0
W	29315	42017	0
W	28250	14601	0
W	39058	137777	5
W	19373	6699119	6
W	42378	210064	0
W	21727	354658	0
W	20658	258792	5
W	48854	670	0
W	62127	230370	0
W	44187	980	0
W	19374	849184	0
W	19376	3809	0
W	20674	2450	0
W	19380	41009	0
W	139870	1396	0
W	74591	5199	0
W	25701	98929	0
W	45116	149689	0
W	83385	99382	0
W	156697	13185	5
W	29763	17205	0
W	125945	2931	0
W	61125	21530	0
W	46062	60435	0
W	134780	1081	0
W	58502	34270	0
W	34595	4110	0
W	49828	39870	0
W	140382	1644	0
W	42060	30261	0
W	56427	505	1
W	59552	3914	0
W	83547	3974	0
W	96899	274	0
W	19390	35379	4
W	58049	45418	1
W	158089	1181	0
W	142837	2153	0
W	97641	38919	0
W	19394	124132	4
W	163037	6325	3
W	56083	143878	0
W	131384	1209	2
W	33145	49789	0
W	165625	2113	3
W	92851	116	0
W	71094	1973	2
W	57896	261016	0
W	39360	88139	0
W	63972	1432	0
W	63230	3114	0
W	32296	8587	0
W	19399	4156	0
W	75379	1359	3
W	153418	180	0
W	68929	1825	0
W	33259	94962	0
W	42711	132263	2
W	79830	5467	0
W	22847	3538	3
W	113377	9488	0
W	59684	158	0
W	26686	176890	0
W	19402	81496	6
W	72869	8809	0
W	121373	31328	0
W	133832	1949	3
W	66748	16818	0
W	155835	4138	2
W	44597	396798	0
W	132553	1146	0
W	33057	19220	0
W	44213	8568	0
W	54616	14310	0
W	59568	5555	0
W	65888	2581	0
W	49489	58654	4
W	67228	18033	0
W	59108	37291	0
W	103716	658	0
W	46557	1783	0
W	19408	386658	0
W	23087	1138	3
W	104404	368	0
W	51171	701	0
W	19411	5554311	0
W	63894	16376	0
W	30540	73247	3
W	160953	1568	2
W	19413	610647	0
W	153007	244	0
W	44159	6234	0
W	141732	54	0
W	118372	28502	0
W	65335	2942	0
W	19414	15768446	6
W	21782	32738	4
W	59540	29657	2
W	59090	1432	0
W	61077	465426	0
W	115637	20046	0
W	56017	20037	3
W	165957	2646	1
W	41745	1039	0
W	66317	2404	0
W	65336	16499	2
W	41373	42137	1
W	44049	1508	0
W	60704	6458	0
W	78540	25546	0
W	54671	119944	0
W	19418	337584	0
W	65898	7884	3
W	85053	17009	0
W	46824	63499	0
W	21643	69146	0
W	19419	3502685	6
W	44403	18244	0
W	163019	55	0
W	19421	15923	0
W	68117	26245	0
W	67561	4009	3
W	160295	504	1
W	63243	24773	0
W	128301	106501	0
W	38196	18441	0
W	158928	145	0
W	35500	26180	0
W	36064	2278	0
W	157453	647	0
W	23685	444	0
W	61403	81117	0
W	65889	3611	4
W	69090	1290	0
W	19428	18624	0
W	136661	563	0
W	39730	13957	0
W	95120	20104	0
W	67800	136879	0
W	63760	21817	3
W	19429	83410	0
W	163734	0	3
W	114775	3610	0
W	19433	876355	0
W	55295	155660	0
W	36743	76900	0
W	53938	5364	0
W	76690	175110	0
W	58503	29707	3
W	67027	43335	3
W	68943	6129	0
W	19435	117	1
W	51975	1881	0
W	95142	18036	0
W	26522	42825	0
W	19436	14315	0
W	108146	1034	0
W	19437	45408	4
W	38852	46327	0
W	24941	5256	0
W	122630	10855	0
W	55046	24848	0
W	64680	42726	0
W	168392	1	0
W	91356	1367	1
W	44031	5526	0
W	139048	2006	0
W	89969	159	0
W	37495	8445	0
W	19444	4020862	6
W	48691	33	0
W	129479	74889	3
W	25777	57212	0
W	20718	59729	4
W	54580	53631	0
W	43986	4737	2
W	68208	4341	0
W	36962	8178	0
W	19446	136594	0
W	115005	3862	0
W	119509	7558	0
W	44478	17340	0
W	41845	49149	0
W	32485	64798	0
W	19451	6043	0
W	51697	8159	0
W	52397	17343	0
W	48955	38147	0
W	157861	590	0
W	67907	13102	0
W	29257	17896	0
W	35808	10043	0
W	64344	1628	0
W	50562	2331	0
W	80331	23552	0
W	53124	118397	0
W	36587	17531	4
W	85622	1120	0
W	59214	11191	0
W	19456	1536	3
W	81296	51493	0
W	42148	9462	0
W	19457	522620	0
W	44825	210505	0
W	34717	33763	4
W	40429	71556	0
W	19461	7791	0
W	71307	398	2
W	37369	201663	0
W	90096	4639	0
W	49146	539	3
W	74080	6519	0
W	41356	673	0
W	108788	1393	0
W	102152	9053	0
W	39583	12363	0
W	38711	272303	0
W	19464	1333090	0
W	35165	40614	0
W	36688	35415	0
W	19467	5844	2
W	39334	3858	0
W	19468	664110	0
W	19471	49887	4
W	20424	16392	0
W	55654	2326	0
W	19472	230294	0
W	78309	27779	0
W	127835	2343	0
W	49808	1750	0
W	96143	2545	0
W	33962	107417	0
W	28140	140641	0
W	101460	991	0
W	37989	352860	0
W	68160	2219	0
W	19474	16192	0
W	78137	5789	0
W	60453	18829	0
W	19475	33490	2
W	128957	7621	0
W	19476	39124	0
W	57616	5300	0
W	19477	2981423	6
W	65890	7208	0
W	21670	6305	0
W	19478	2649682	0
W	28423	36227	3
W	70567	745835	0
W	32582	50133	0
W	50563	19574	0
W	149197	9	0
W	52703	2306	0
W	35421	14321	0
W	80802	5195	0
W	154682	14818	4
W	63834	6290	2
W	36302	12462	0
W	73674	714	0
W	19484	23466	0
W	43695	123019	0
W	143459	4038	0
W	40763	3885	0
W	19486	77819	3
W	72986	6714	0
W	67629	13186	0
W	45670	40147	0
W	39755	25867	0
W	72693	98364	0
W	73458	29080	2
W	61471	507	3
W	90595	1634	0
W	19489	5018494	5
W	44347	30583	3
W	48277	35462	4
W	62870	10857	4
W	98528	10756	0
W	32503	13353	0
W	99371	1031	0
W	37069	5918	3
W	58667	16602	0
W	54588	8494	0
W	103281	15597	0
W	64527	14567	0
W	19494	29333	0
W	63858	48764	3
W	48531	63866	0
W	36402	6203	2
W	19496	84	0
W	42712	30587	0
W	58537	1424	2
W	48349	1371	0
W	39340	773805	0
W	48623	18305	0
W	55311	7913	0
W	20425	101982	0
W	51146	4114	0
W	60681	23127	0
W	127798	1517	1
W	70675	11286	0
W	49734	5342	0
W	46142	52786	4
W	22849	650	0
W	19500	10280	0
W	19501	1807220	0
W	40038	3026	0
W	140588	370	0
W	62186	1871	0
W	128719	615	0
W	54498	14217	0
W	118054	602	0
W	125513	3826	3
W	62072	50719	0
W	70220	42633	0
W	31031	84863	4
W	112339	6039	0
W	157571	64	3
W	74428	6295	3
W	128242	12994	0
W	19509	9991	0
W	157572	38	0
W	19510	2867	0
W	52413	47809	0
W	19511	1173077	5
W	55451	165	0
W	44572	305331	0
W	19514	12551	0
W	108276	6676	0
W	28114	97605	0
W	34847	5551	0
W	114418	4215	0
W	19517	19265	0
W	80180	21490	0
W	30651	34765	0
W	37407	278464	0
W	33450	88612	0
W	103964	2554	0
W	40573	44261	0
W	32606	11779	0
W	150968	21255	2
W	156015	20844	0
W	81709	6143	0
W	117205	3434	0
W	19525	3325	0
W	33173	5885	0
W	42141	14481	0
W	44670	4691	0
W	54423	2789	0
W	19527	2076	0
W	49072	12090	0
W	19528	4601	3
W	127823	925	3
W	29587	16392	0
W	128608	1961	0
W	19529	306308	0
W	152868	347	4
W	30563	13913	3
W	88788	3298	0
W	53416	12022	3
W	29348	11640	0
W	39602	35748	0
W	24899	26285	5
W	19531	833798	0
W	19532	1794	0
W	44160	1214	0
W	19533	1171619	0
W	50927	12858	0
W	19534	5382	0
W	54424	19472	0
W	52414	6766	0
W	78173	19151	0
W	30755	134676	0
W	19537	54060	0
W	19538	196414	4
W	133807	709	0
W	19540	375582	0
W	69944	92096	4
W	133102	24806	0
W	21179	28248	3
W	33963	7507	3
W	106665	8060	0
W	83181	3129	0
W	132204	14690	3
W	122261	9225	0
W	57704	36824	2
W	127966	7617	3
W	53054	97569	0
W	44555	53512	4
W	28286	19318	0
W	19552	22428	0
W	40021	5522	0
W	38613	28896	0
W	70616	2080	3
W	119850	4773	0
W	80025	36771	0
W	142841	212308	3
W	33535	343240	0
W	68122	17257	0
W	19556	10684	0
W	66760	3374	0
W	38479	230982	0
W	128319	15	0
W	21346	173217	0
W	42998	20809	0
W	21845	1311	0
W	44861	1243	0
W	53671	9819	0
W	44630	15022	0
W	35562	696464	0
W	81287	3981	3
W	19559	762295	4
W	69028	36880	0
W	19561	858	0
W	60398	22346	3
W	128193	1184	0
W	32984	176446	0
W	75098	55601	0
W	36166	8546	0
W	137026	3506	0
W	70200	17873	0
W	64424	32877	0
W	151503	663	1
W	92564	9905	0
W	33856	15158	0
W	102299	195	0
W	157005	4849	2
W	56898	8463	0
W	84937	14067	0
W	84019	102271	0
W	54925	26960	0
W	19573	7980	0
W	19574	10228	0
W	53475	5435	0
W	75664	92	0
W	26365	305489	5
W	156322	1892	0
W	60953	545	0
W	110778	59626	5
W	127911	1852	2
W	33982	59756	0
W	33400	13548	0
W	35667	3195	2
W	42121	606	0
W	88473	1791	0
W	71424	1202	0
W	45965	37828	4
W	79329	11203	0
W	29277	9979	0
W	36914	206736	0
W	126877	6212	0
W	39620	2284	0
W	67403	268034	0
W	19576	163152	0
W	19578	7070729	5
W	64024	16054	0
W	121016	453	0
W	59681	3624	0
W	62944	1261	0
W	66294	274	0
W	110334	252	0
W	107090	3385	0
W	28483	9227	4
W	55047	107527	0
W	19586	5620	0
W	30685	214128	0
W	21696	195179	5
W	22851	16431	4
W	71790	30246	0
W	87457	1014	0
W	158192	1570	0
W	87887	64274	0
W	31210	95290	5
W	65399	8164	0
W	22343	33035	0
W	79492	5270	0
W	121284	136	0
W	64978	21400	0
W	20849	692	0
W	56362	96986	0
W	125895	982	0
W	19594	213886	0
W	103416	19528	0
W	69843	51537	0
W	109376	14633	0
W	58066	1844	0
W	100225	3258	1
W	100895	1442	0
W	69119	31103	0
W	142789	2089	0
W	19602	4992	0
W	55180	109260	1
W	62568	24006	0
W	52735	22609	0
W	19604	6002937	6
W	70453	69	0
W	31915	49651	4
W	58928	96253	0
W	80804	1460	0
W	167151	4927	3
W	58350	41434	0
W	78910	34918	0
W	97137	11175	0
W	91297	21349	0
W	50098	52485	0
W	20793	274388	0
W	106892	9	0
W	32125	6032	0
W	65278	133480	0
W	86385	4779	0
W	108243	36181	0
W	97049	19914	0
W	45069	81396	0
W	19613	2062	0
W	85625	4193	0
W	128045	4078	1
W	28115	2479	0
W	161952	244	0
W	85173	10017	0
W	19615	1177219	0
W	125979	1690	0
W	32359	27086	0
W	78138	45849	0
W	32298	81600	0
W	59647	29119	4
W	75178	49810	0
W	29228	27415	3
W	56631	1956	0
W	109932	21873	0
W	91357	2861	0
W	54968	5211	0
W	62845	2245	0
W	19625	3604	0
W	60762	18860	0
W	21493	93838	0
W	50187	42559	0
W	41422	75743	0
W	72227	6538	0
W	47789	5774	0
W	19628	1170	0
W	22119	531	0
W	52137	130140	0
W	22291	65836	0
W	126160	2151	0
W	53880	43844	4
W	33618	117475	0
W	44730	6513	0
W	114776	767	0
W	75362	925	3
W	19630	1258357	5
W	23173	113444	0
W	72772	22863	3
W	79424	31917	0
W	143836	21341	0
W	69228	727	0
W	46594	3355	0
W	31956	7503	4
W	23241	6958	4
W	149310	21800	0
W	33702	22521	0
W	43466	998	0
W	47218	27192	0
W	19638	644547	0
W	58017	9036	0
W	19642	7189	0
W	154886	66	2
W	19643	197320	0
W	25828	53246	0
W	127170	1888	0
W	53591	539	0
W	55883	76268	0
W	75017	23031	0
W	19648	273999	0
W	61322	204328	4
W	95520	1881	0
W	129486	22804	0
W	62514	36877	0
W	66292	12989	0
W	53505	6230	0
W	96694	894	0
W	33421	21833	0
W	73403	72027	6
W	151276	1179	0
W	41929	36400	0
W	46512	44663	0
W	162649	14936	0
W	115597	2032	0
W	33475	136651	0
W	121411	6296	3
W	19654	9008	0
W	19655	1058440	0
W	50385	2080	0
W	60819	246796	0
W	87458	493	0
W	43019	13724	0
W	54875	12881	0
W	46362	15276	0
W	31032	50836	0
W	139933	1285	0
W	60427	96667	0
W	159305	2250	2
W	47515	303642	5
W	60925	11197	0
W	57308	9999	0
W	19661	48368	0
W	40765	125	3
W	38969	67928	0
W	63361	39311	0
W	21433	1259	0
W	20968	32789	0
W	32224	6029	0
W	55954	1781	0
W	19664	2700	0
W	49747	4007	4
W	151893	5886	3
W	37074	31259	0
W	97301	4190	0
W	160991	4016	0
W	141498	49604	0
W	35770	10046	0
W	32244	100913	2
W	65334	50520	0
W	116280	2027	0
W	19671	5102	0
W	19674	19775	0
W	82611	7399	0
W	19676	30299	0
W	54249	8864	2
W	58351	12038	0
W	19677	29970	0
W	19678	17365	0
W	38267	448240	0
W	19680	183895	4
W	21434	22458	0
W	45297	37811	0
W	73921	6885	0
W	75461	6144	0
W	22441	17960	4
W	75251	20421	0
W	58270	126189	0
W	108702	13772	0
W	19684	139048	0
W	37020	40913	0
W	19685	1720947	5
W	54060	3666	0
W	54250	110294	4
W	67220	299	0
W	62288	507	4
W	23545	149	0
W	35790	396340	0
W	54499	5636	0
W	50972	92360	0
W	52496	58459	0
W	60229	2640	0
W	35219	58464	4
W	67100	41498	2
W	71095	4006	0
W	39200	115658	4
W	58425	144278	0
W	21132	120198	0
W	119515	1923	0
W	36670	74482	0
W	47008	8764	0
W	46971	4667	0
W	75509	44055	0
W	77338	2682	0
W	148470	8	0
W	51062	723	2
W	79893	23854	0
W	19690	6037	0
W	38243	592523	4
W	34795	311325	0
W	19693	1273082	6
W	74560	27162	4
W	55408	50420	0
W	19695	4077439	4
W	21213	458313	0
W	19696	36017	5
W	75680	3492	0
W	138053	2504	0
W	78714	108998	0
W	110341	19723	0
W	127913	80	0
W	20545	16773	3
W	42576	34031	0
W	62515	221870	0
W	83031	1308	0
W	31864	584981	0
W	66701	2574	0
W	75059	102	0
W	61699	57503	4
W	30652	6929	0
W	68914	11204	0
W	72971	1669	0
W	20273	677577	4
W	46126	77734	0
W	116080	55	0
W	20322	115841	0
W	64471	6349	0
W	42818	114547	0
W	68152	248338	0
W	113083	3260	0
W	97348	1056	0
W	19706	151396	0
W	60474	106993	0
W	26633	726869	0
W	55506	9283	0
W	46575	1532	0
W	41676	8485	0
W	19708	3439	3
W	66459	27158	0
W	49887	124582	0
W	59116	5766	4
W	103098	5244	0
W	46363	9884	2
W	23174	435162	0
W	142948	864	0
W	19716	36349	0
W	55333	46395	0
W	51556	85561	0
W	151605	17407	0
W	56490	8998	0
W	36655	47875	0
W	19719	8687	0
W	125985	2035	0
W	148120	77	0
W	19720	3089	0
W	49472	33190	0
W	22120	8847	5
W	153233	35502	0
W	74877	19283	0
W	109424	7873	0
W	44598	6097	0
W	68458	7822	0
W	38773	14000	0
W	69342	29515	0
W	28287	43075	0
W	54693	114297	0
W	71915	1595	0
W	28381	153042	0
W	40295	4878	3
W	73491	67	0
W	42018	27129	0
W	140322	452	1
W	19726	672925	4
W	61070	2579	0
W	153848	1914	1
W	90440	7651	0
W	157098	58615	0
W	51509	7355	0
W	50898	16542	0
W	19728	3272	0
W	22442	326403	0
W	55254	20092	0
W	65127	4591	0
W	39925	3846	0
W	79493	5594	0
W	127963	1562	0
W	67210	35581	0
W	55644	62706	0
W	25801	72401	0
W	52512	44147	0
W	128041	1179	0
W	26716	18159	0
W	69466	35332	0
W	19732	2295	3
W	50603	33910	0
W	78493	39238	0
W	80587	10251	0
W	103099	14464	0
W	115684	13621	0
W	52631	78219	0
W	65048	1660	0
W	20918	118552	4
W	47072	3719	0
W	19739	694	0
W	75257	133481	0
W	49040	45	0
W	52083	2338	0
W	59553	15914	0
W	84287	60071	0
W	36632	15981	0
W	43020	10437	0
W	75665	38505	2
W	54876	9026	0
W	64926	3277	0
W	83182	3869	0
W	101380	1806	1
W	61589	41755	0
W	107345	11152	0
W	21073	46812	0
W	96967	158	0
W	120152	40145	0
W	135796	7353	0
W	69891	4042	0
W	64722	25860	0
W	55753	14282	2
W	74017	4685	3
W	118490	361	0
W	57789	42849	0
W	19751	601695	0
W	115161	5699	0
W	75309	349	0
W	146591	1406	2
W	74719	6314	0
W	19755	357421	0
W	86201	338	0
W	55296	36877	0
W	74526	22920	0
W	98229	1085	0
W	19757	25701	0
W	19760	458746	0
W	55968	16761	4
W	20850	154168	0
W	37170	6982	0
W	19762	747	0
W	120543	1465	0
W	19765	20383	0
W	35746	14952	0
W	61534	12573	0
W	32048	243984	0
W	43291	76297	4
W	58998	310324	0
W	48764	696	0
W	19769	121	0
W	64445	65	0
W	60380	1511	3
W	70818	80681	0
W	43289	8968	0
W	95054	633	0
W	57862	11077	3
W	106320	660	0
W	19775	31861991	7
W	51296	158518	0
W	19776	2061	0
W	30705	120790	5
W	40002	30022	0
W	56797	46997	0
W	49907	56199	0
W	23547	1825	2
W	50830	31789	0
W	46608	13256	0
W	47863	22032	0
W	54346	25294	0
W	75060	17362	0
W	98357	16887	0
W	19779	9923	0
W	128203	4476	5
W	88474	1508	0
W	19780	13021002	5
W	20943	1568	4
W	19781	932507	0
W	165009	1002	1
W	37447	6320	0
W	35484	3020	0
W	65235	4039	3
W	63407	40140	0
W	93335	2648	0
W	75112	1309	0
W	55969	42497	0
W	64728	5089	0
W	19786	35617418	0
W	19787	3232	2
W	121406	1344	2
W	19790	8197	0
W	19792	1909184	0
W	48588	2018	0
W	46744	4234	0
W	23092	1946	0
W	162947	3880	3
W	66754	2586	3
W	54990	15548	0
W	164929	978	1
W	36434	20890	0
W	58580	35742	0
W	40076	11878	0
W	52840	988	0
W	84134	4785	0
W	126230	164	0
W	66999	16299	0
W	19797	2467388	0
W	45070	21115	0
W	66643	15731	2
W	114450	5788	0
W	30756	32480	0
W	57779	68668	0
W	132874	2543	0
W	45092	4108	1
W	39294	231247	0
W	35372	9138	0
W	43958	493320	0
W	20623	86730	0
W	19801	1760	0
W	60226	28228	0
W	37270	2960	0
W	102085	4131	0
W	20758	9431	0
W	51584	4055	3
W	19804	2786406	5
W	147293	11674	6
W	55386	91169	0
W	167853	1263	2
W	81435	4728	0
W	19808	260089	0
W	35791	60706	0
W	20794	21902	0
W	60046	10319	4
W	58668	11733	0
W	45286	9718	1
W	63926	53994	0
W	127920	11915	0
W	41635	287739	2
W	20367	62166	0
W	90145	3407	0
W	76609	260806	0
W	58669	3899	0
W	31890	15084	0
W	21074	87525	0
W	19813	660967	4
W	143321	690	0
W	19814	1932604	5
W	19815	1755	0
W	58504	3204	0
W	19816	170884	5
W	47847	37224	4
W	49888	148989	3
W	55255	55576	0
W	134079	4238	3
W	40768	10609	1
W	33458	247684	0
W	49920	88269	0
W	65083	2940	0
W	19819	2380	0
W	163022	8	1
W	77125	32329	0
W	145152	13339	0
W	19820	858377	0
W	75673	681	0
W	38924	47673	0
W	69654	1460	0
W	137351	6568	0
W	87930	8509	0
W	90547	3701	0
W	19826	294877	7
W	87621	11858	0
W	145587	19797	0
W	54450	5056	3
W	32083	185596	0
W	19827	621	0
W	81320	33986	0
W	36900	121910	0
W	135416	16311	3
W	60846	38457	0
W	58129	71594	0
W	128131	507	0
W	79647	41221	0
W	78310	33859	0
W	19834	335060	0
W	61030	46274	0
W	75463	2124	0
W	53506	498	0
W	33388	66587	4
W	70446	4372	0
W	44043	5971	0
W	78391	10168	0
W	67970	2512	3
W	19840	317133	0
W	106815	105356	0
W	22255	50051	0
W	22855	5819	0
W	19843	12915	0
W	37801	105642	3
W	19844	5014	0
W	79969	101240	0
W	37497	16890	0
W	60584	116895	3
W	63757	29974	0
W	42518	25692	0
W	96086	1940	0
W	41838	4626	0
W	59247	73874	0
W	87972	10759	0
W	67971	10235	0
W	69859	64869	0
W	70747	28857	0
W	43184	62143	0
W	30916	18819	0
W	19849	1175	3
W	141851	7754	1
W	58271	26189	0
W	36616	39077	0
W	30063	5301	0
W	77231	38187	0
W	157592	1148	0
W	55200	63630	0
W	32049	231959	0
W	19858	3749	4
W	52928	18401	0
W	105382	2458	2
W	29908	15122	0
W	25979	6679	0
W	19863	1483	3
W	75190	1155	0
W	113001	6769	0
W	38734	17351	0
W	31394	44441	0
W	82403	95465	0
W	68032	3371	0
W	38941	66669	0
W	73021	68	3
W	19867	120813	0
W	73573	21375	4
W	19868	579153	0
W	49537	5460	3
W	29060	284247	0
W	58694	7167	0
W	41262	2318	2
W	62265	46907	0
W	68901	20844	0
W	125783	4184	0
W	50116	7347	0
W	128068	626	1
W	66075	575	0
W	130894	8403	0
W	43837	662	3
W	49944	14669	0
W	47155	10779	0
W	54251	4926	3
W	19878	2560586	0
W	19879	1654502	6
W	21075	94781	0
W	143050	72	2
W	52169	81611	0
W	64775	41148	0
W	134923	4725	0
W	69382	102507	0
W	46143	7066	3
W	56647	53240	4
W	19886	70613	0
W	57294	362	2
W	19887	35297	4
W	75018	54799	0
W	53648	19238	0
W	111670	157	2
W	31395	58341	4
W	65942	23079	0
W	157083	8426	3
W	89711	931	1
W	26587	34807	0
W	19888	8237	0
W	19889	51699	0
W	37090	213955	0
W	98863	8178	0
W	19890	36954	2
W	105828	5870	2
W	115702	327	2
W	29618	461286	0
W	19893	3664	4
W	51949	11977	4
W	42901	3708	0
W	134072	138151	3
W	44809	11871	0
W	21494	91856	0
W	75079	739	0
W	60820	99986	0
W	133434	2231	0
W	66373	2312	4
W	60911	11628	0
W	48931	1203	0
W	19899	14847	0
W	149198	2074	0
W	33058	45631	0
W	19901	12953	0
W	31073	38923	0
W	19902	383875	5
W	88238	20619	0
W	110678	594	3
W	136299	16225	0
W	127761	80	0
W	21303	39627	3
W	23549	1725	0
W	51804	2373	0
W	21247	30280	4
W	20426	16770	0
W	50289	2090	0
W	19912	1495700	6
W	44368	1112	0
W	65710	5316	0
W	19915	24517	2
W	19918	4533854	6
W	123064	5642	0
W	41551	38060	0
W	19920	240226	4
W	76580	52677	0
W	102622	647	0
W	134460	2236	0
W	19921	665184	0
W	66270	43830	0
W	67901	60722	0
W	19923	14940	0
W	75642	4658	0
W	46347	49812	0
W	51326	7619	2
W	19924	74337	0
W	68260	152859	0
W	55409	668931	0
W	126231	89	0
W	53344	5889	0
W	31941	170958	4
W	37533	21353	0
W	19929	1616	0
W	137675	8285	0
W	117592	889	0
W	64848	14966	3
W	38465	48262	0
W	52716	67672	2
W	65833	40138	0
W	19932	245571	5
W	39603	6022	0
W	47009	97589	3
W	83916	1166	0
W	153235	25202	0
W	60230	27672	0
W	40769	9625	3
W	69375	5443	4
W	19938	16764	0
W	59677	1418	0
W	157574	86	0
W	19940	7486	0
W	40581	2842	0
W	106893	458	0
W	167147	8856	0
W	62451	4861	0
W	19941	430	0
W	63052	29268	4
W	57847	10759	0
W	19944	898	0
W	67028	1218	0
W	113876	1570	3
W	71473	4813	0
W	63081	16855	0
W	29316	21972	0
W	36113	84198	0
W	19946	9854	0
W	42234	6681	2
W	55863	1107	0
W	52929	25753	0
W	39460	61545	0
W	128302	19766	0
W	70459	1181	0
W	62765	104	2
W	150468	30517	0
W	58019	3079	0
W	70080	20480	4
W	67904	1258	0
W	117317	15503	0
W	75520	174	0
W	39566	20591	0
W	74283	149	0
W	54205	17476	0
W	31348	12930	0
W	135544	65	0
W	34005	67618	0
W	55706	49425	0
W	71891	11148	6
W	62962	55529	0
W	36499	66072	0
W	58177	4167	0
W	97977	663	0
W	19953	710443	6
W	19954	5879	0
W	29163	60115	0
W	50100	70992	0
W	73832	3298	5
W	20969	38771	0
W	71577	3016	0
W	57464	22084	2
W	48769	573	0
W	71346	932	4
W	163018	2426	2
W	38380	29675	0
W	53916	10219	0
W	35528	1243	3
W	19958	5761	0
W	58202	66027	0
W	53683	1169	1
W	134912	1847	0
W	55159	19548	0
W	19961	32719	0
W	19963	639566	6
W	50290	3115	0
W	30000	286478	0
W	45846	77579	4
W	52192	7992	0
W	65208	9461	0
W	19967	402945	0
W	63986	2595	2
W	19972	114706	0
W	106338	11819	0
W	56402	21521	0
W	43032	20414	0
W	19974	1239	0
W	129681	12491	0
W	32126	234556	0
W	29049	65658	0
W	50162	5430	0
W	105354	6123	0
W	24980	34351	0
W	42342	6147	0
W	76386	186	1
W	124364	647	0
W	74521	794	0
W	32383	3252	0
W	48770	42248	0
W	19981	698	0
W	58225	5954	0
W	56538	26695	0
W	48311	3112	0
W	45791	22161	4
W	66423	2450	2
W	69121	7228	0
W	162365	4239	3
W	57442	880	4
W	28141	35915	0
W	141594	50197	4
W	59485	9877	0
W	60945	44437	0
W	52548	4370	0
W	109348	43334	0
W	92025	27110	0
W	20209	3312	3
W	19989	795262	5
W	33775	26070	0
W	75266	633	0
W	22857	3559	0
W	46106	457	2
W	101501	10701	3
W	56976	21688	0
W	67700	135327	0
W	136918	2131	0
W	19993	11383	0
W	67551	21287	0
W	19994	4903	0
W	61190	358	0
W	128785	14834	3
W	67447	2796	0
W	19996	1324	0
W	28392	466684	0
W	42248	61914	0
W	165980	3571	2
W	22858	612	0
W	19998	26730	0
W	137264	2155	0
W	20001	21096	3
W	29964	91574	0
W	22257	25243	3
W	64172	1144	0
W	75656	25807	0
W	20003	102080	0
W	45324	3624	0
W	32623	31530	0
W	21644	15300	1
W	23242	21810	0
W	26818	4185	0
W	91270	86813	0
W	58610	65404	0
W	20607	45795	4
W	40501	13440	0
W	38600	310574	3
W	131080	1194	1
W	77341	138184	0
W	21590	58713	0
W	55535	16137	0
W	37999	182980	0
W	101519	5691	0
W	55830	4890	0
W	20012	12479	0
W	75559	912	0
W	64850	15667	0
W	58583	2965	0
W	21413	240344	0
W	140751	15676	0
W	25691	60247	0
W	47751	26909	0
W	51585	32916	0
W	20015	2212361	0
W	26175	3930	4
W	166264	165	3
W	73567	8260	0
W	40022	15045	0
W	56367	368273	0
W	30694	143675	0
W	21304	125181	0
W	129589	9385	0
W	28455	10608	0
W	108244	897	0
W	70033	38964	0
W	84187	1438	0
W	100578	18771	0
W	26795	44261	0
W	52045	61214	0
W	20020	29817	0
W	72239	2669	0
W	127144	1154	0
W	32183	13408	2
W	38028	28983	0
W	85356	20290	0
W	37683	6000	0
W	20023	1819	0
W	100535	32452	0
W	38318	85722	0
W	29658	126631	0
W	20026	111688	0
W	130279	21281	0
W	52116	1131	0
W	160934	26	0
W	20028	7642	0
W	117274	25704	0
W	20029	829	0
W	33422	59526	3
W	28080	104361	2
W	20033	4712	0
W	44643	38300	2
W	128335	86	3
W	20035	59326	0
W	54452	8415	2
W	102329	36553	0
W	58557	4395	0
W	46539	337927	0
W	48932	4189	0
W	20038	8537	0
W	59790	20428	0
W	148775	8304	0
W	46793	32077	0
W	83075	19585	0
W	47542	102038	0
W	20759	76954	0
W	33089	7516	0
W	20040	177428	0
W	75567	21602	0
W	43828	6346	0
W	20045	43242	0
W	55120	16478	0
W	63819	1775	0
W	74154	2013	0
W	20048	24701	0
W	21076	34974	4
W	20049	341728	0
W	20050	262398	0
W	37752	104540	0
W	30624	423953	0
W	37544	142222	4
W	38401	35386	0
W	54061	56856	0
W	72738	2425	0
W	61982	34979	0
W	67614	7439	0
W	74050	1998	0
W	35613	46321	0
W	33401	25068	3
W	78649	37914	0
W	68056	875	3
W	39398	21338	0
W	77563	63118	0
W	62698	24873	0
W	63149	2620	0
W	52717	28551	0
W	51147	6001	0
W	157575	344	4
W	110523	6395	0
W	36042	16224	4
W	62827	68870	0
W	71691	16105	0
W	54629	18452	0
W	20059	328796	0
W	28142	8403	0
W	71358	2548	0
W	134080	88	1
W	54789	7697	0
W	44765	7913	0
W	78787	23467	0
W	61762	1167	0
W	20062	351166	0
W	59696	87514	0
W	145001	20545	0
W	61396	14995	2
W	26366	8864	0
W	29350	132934	0
W	33090	278729	0
W	20368	15298	3
W	62117	37437	4
W	130691	534	2
W	71575	6660	0
W	137915	6043	0
W	130463	79720	4
W	21757	87569	0
W	22860	2801	0
W	20066	11041	4
W	39379	51756	0
W	71444	37443	0
W	21495	61066	0
W	80633	17636	0
W	75151	1811	0
W	71747	3532	0
W	42050	25909	0
W	69343	24274	3
W	60465	87695	0
W	55357	9825	0
W	20070	85302	3
W	20071	236149	5
W	31003	53452	5
W	57705	50247	0
W	71114	27426	0
W	20073	3548194	6
W	24809	94084	5
W	66522	288	0
W	132103	9	0
W	72685	8355	0
W	125279	453	0
W	25948	24117	0
W	28357	15166	0
W	80536	12130	0
W	30043	3249	0
W	135625	18655	3
W	73641	6468	0
W	157576	6	0
W	69249	17394	0
W	128349	154	0
W	40169	3683	0
W	22861	71	0
W	20083	10380	0
W	80182	10886	0
W	44016	86932	0
W	85452	8853	0
W	71375	73261	0
W	106894	53	0
W	68086	40621	0
W	58126	3792	1
W	47543	5900	0
W	71134	12019	0
W	119197	2808	0
W	58283	6918	0
W	22862	455	0
W	21645	707	0
W	67375	9781	0
W	61205	30679	0
W	72713	123	3
W	106895	5320	0
W	113163	18350	0
W	20088	7507	0
W	118686	5938	0
W	103656	2584	0
W	46749	41513	0
W	26588	219365	0
W	65795	7338	0
W	20090	1270	4
W	63529	2809	0
W	110557	94	0
W	57228	6711	0
W	135855	2133	0
W	53372	4187	2
W	20091	537189	5
W	25702	88120	0
W	54293	13970	3
W	49431	202564	0
W	37781	2665	0
W	35625	1685	0
W	21275	55316	0
W	38414	22034	0
W	131623	87164	0
W	20096	904146	5
W	46738	70875	2
W	37718	46718	4
W	52765	1790	2
W	115703	1892	0
W	20102	1018	4
W	132035	1698	0
W	29965	160738	0
W	79552	5264	0
W	35386	6443	0
W	64472	2141	0
W	72849	13784	0
W	28358	20015	5
W	48321	175892	0
W	36671	114840	3
W	20105	47168	0
W	44940	36694	0
W	84786	1894	0
W	39312	58873	2
W	160201	7780	2
W	37323	7338	0
W	66749	2565	0
W	32274	35492	0
W	124889	4572	0
W	24843	359140	0
W	39313	14732	0
W	64940	5495	2
W	38636	35414	0
W	43838	78386	0
W	61060	5389	0
W	75541	14034	0
W	154651	2599	0
W	33231	26672	0
W	33749	5305	0
W	20108	530550	5
W	140586	2936	0
W	20109	11766	3
W	148152	232	0
W	20110	392080	5
W	33112	9997	0
W	39671	5888	2
W	67803	98595	0
W	136060	3223	0
W	20113	25665	5
W	37000	9413	3
W	110779	7592	2
W	20115	26331	0
W	95678	806	0
W	41290	53264	0
W	77949	19726	0
W	31787	105575	0
W	51497	13983	0
W	57509	5828	0
W	29931	7075	4
W	39584	14864	0
W	41153	35165	0
W	33375	288970	0
W	31129	103612	0
W	24810	2702	0
W	20121	587283	5
W	61866	24187	0
W	20125	1557	0
W	80262	12799	3
W	58330	4849	0
W	94101	2237	0
W	61654	7038	0
W	34007	59710	0
W	34635	33470	3
W	70676	1776	0
W	75599	5430	0
W	45357	30123	3
W	161319	5809	0
W	20130	441257	5
W	42271	118869	4
W	46082	7444	3
W	57326	10884	4
W	109377	3069	0
W	20132	570274	0
W	130626	871	0
W	20135	1865769	6
W	47041	159657	3
W	22126	2217	0
W	46332	740	1
W	58618	48082	0
W	32127	96818	0
W	28393	177796	0
W	26367	61810	0
W	20142	788	0
W	84423	7656	0
W	20143	1352	0
W	39520	17204	0
W	73302	12007	0
W	50678	613	4
W	20144	48437	0
W	63405	64382	0
W	40430	25315	0
W	20148	9507	0
W	20149	33090	0
W	127784	2823	2
W	98492	2943	0
W	47872	2087	3
W	22864	18103	0
W	20152	3575862	6
W	20153	10342	1
W	24864	136384	0
W	20154	456514	0
W	20156	14015	4
W	20157	35091	0
W	54913	51981	0
W	64945	3403	0
W	47276	25122	2
W	78217	100804	0
W	131167	4984	0
W	45045	9322	3
W	60527	6738	0
W	40912	40364	0
W	54590	53649	0
W	20919	12068	0
W	26368	613254	0
W	20165	128200	0
W	33423	317806	0
W	166878	940	0
W	35577	137832	3
W	20172	43029	0
W	48537	79488	4
W	147624	85	0
W	33789	223643	0
W	74140	12647	0
W	20240	28664	3
W	129043	25	0
W	26844	90662	0
W	77012	14860	0
W	61282	11339	4
W	62162	42537	0
W	111199	16395	0
W	68927	845	0
W	54087	3819	1
W	81492	7736	0
W	21848	1927	0
W	63417	42913	0
W	39686	19296	3
W	61347	14353	0
W	71605	288	2
W	20180	14253	0
W	106896	18	0
W	50117	148436	0
W	52170	143869	0
W	66179	105524	0
W	100850	42439	0
W	159174	588	3
W	112172	300	0
W	68520	45403	0
W	20185	924991	0
W	20186	831579	6
W	20187	45735	0
W	29127	5067	0
W	59588	25690	0
W	36071	1155	0
W	63205	130663	0
W	95417	12807	0
W	38591	2045	0
W	20760	14442	0
W	88942	2806	0
W	20189	1860	0
W	50928	25711	0
W	20190	3353546	0
W	20191	1025582	5
W	149773	1576	0
G	1	99	1
G	20013	643	29
G	30913	147	2
G	16559	133	10
G	27306	96	30
G	16560	95	1
G	24651	91	0
G	16561	116	6
G	11	273	5
G	21049	65	3
G	20015	167	2
G	16	98	21
G	16563	19944	253
G	17	218	7
G	24263	241	1
G	18	2499	502
G	21051	140	1
G	25160	30	13
G	21	101	3
G	24705	3181	67
G	24	331	57
G	25	271	17
G	20017	98	2
G	20018	3493	54
G	16565	145	34
G	30	212	2
G	16566	385	13
G	34	65	1
G	38	396	12
G	39	250	3
G	40	913	60
G	29279	1466	10
G	21056	75	2
G	21057	94	1
G	29810	6767	226
G	25555	1410	13
G	53	83	5
G	58	93	4
G	62	67	7
G	16571	154	3
G	30995	891	9
G	66	132	4
G	16572	276	11
G	71	659	25
G	72	129	2
G	73	66	0
G	78	1728	344
G	27800	3799	57
G	20021	207	0
G	81	120	2
G	26323	93	2
G	83	175	3
G	84	220	35
G	85	83	10
G	88	35141	896
G	21061	227	2
G	30005	1496	95
G	20022	69	0
G	28863	82	1
G	16574	78	5
G	19829	380	9
G	21062	308	9
G	96	3101	69
G	26555	946	20
G	101	587	24
G	102	340	9
G	103	213	4
G	104	237	1
G	108	2224	35
G	112	415	12
G	16579	508	13
G	28120	283	3
G	117	79	5
G	26229	5655	115
G	118	205	3
G	119	237	3
G	30957	469	5
G	125	74	8
G	127	416	26
G	16582	2436	70
G	16583	90	3
G	130	417	6
G	131	68	0
G	31030	434	8
G	21072	86	0
G	140	30671	431
G	144	199	10
G	148	70	3
G	155	747	16
G	156	107	13
G	20026	135	0
G	157	517	26
G	21073	541	36
G	26497	147	1
G	28475	143	5
G	16589	702	6
G	26451	442	9
G	162	252	3
G	20027	263	9
G	27105	1279	47
G	167	427	10
G	20028	374	19
G	169	109	3
G	170	219	6
G	31561	264	13
G	172	72	2
G	173	432	2
G	174	71	1
G	175	924	6
G	16597	13916	244
G	177	19314	328
G	16598	1323	61
G	178	80	2
G	182	1313	25
G	185	66	0
G	187	105	10
G	24578	867	35
G	25690	75	3
G	25426	483	11
G	192	70	1
G	193	133	3
G	194	200	9
G	197	146	24
G	202	92	2
G	212	119	1
G	213	3596	75
G	23901	692	25
G	219	32788	746
G	20030	1324	34
G	223	598	21
G	28326	67	5
G	225	939	21
G	226	1161	27
G	228	217	2
G	21083	291	11
G	28177	119	0
G	26777	27278	574
G	237	12027	988
G	238	304	10
G	239	476	3
G	240	86	8
G	25434	7	1
G	243	2411	32
G	244	1676	45
G	246	99	2
G	247	986	28
G	248	2186	85
G	250	189	4
G	251	378	48
G	16604	71	0
G	21085	147	8
G	252	93	5
G	256	481	19
G	257	167	1
G	30816	208	3
G	25391	23	4
G	29295	661	8
G	31372	135	0
G	261	137	31
G	263	448	21
G	264	66	1
G	265	87	1
G	29466	184	11
G	269	118	1
G	270	775	6
G	274	2777	695
G	275	282	1
G	276	100	1
G	278	438	18
G	279	315	7
G	281	91	2
G	282	632	43
G	284	1100	28
G	285	104	0
G	29327	308	15
G	286	159	5
G	21090	230	0
G	25739	555	17
G	23704	215	11
G	27665	114	2
G	21092	67	0
G	30437	163	14
G	295	274	3
G	28848	221	10
G	296	334	14
G	16614	636	79
G	16615	88	3
G	21096	593	21
G	305	3949	58
G	25865	2226	119
G	307	126	2
G	31670	679	16
G	28253	84	4
G	16616	88	1
G	318	29763	212
G	16618	134	0
G	16619	211	8
G	21100	704	8
G	24588	83	0
G	325	95	2
G	20041	13534	308
G	327	118	12
G	330	1463	34
G	25148	3717	96
G	336	410	10
G	338	979	80
G	341	65	1
G	20042	64	0
G	345	619	31
G	346	223	5
G	16621	182	45
G	348	64	6
G	20043	73	13
G	27325	265	3
G	353	106	6
G	357	91	3
G	358	221	6
G	28178	604	18
G	20046	278	2
G	29010	655	17
G	23733	2936	39
G	24954	3386	77
G	26098	177	4
G	362	76	5
G	16625	199	3
G	365	1138	71
G	366	271	5
G	367	122	1
G	369	205	4
G	370	324	3
G	375	159	14
G	376	113	2
G	378	305	28
G	379	425	7
G	24378	3231	57
G	382	385	3
G	384	231	43
G	390	114	4
G	391	114	1
G	393	7842	176
G	394	311	39
G	397	549	19
G	398	178	11
G	399	66	4
G	27777	275	3
G	401	78	4
G	24399	240	3
G	407	180	6
G	410	134	5
G	16631	124	2
G	16632	454	13
G	30070	213	5
G	26155	146	12
G	20048	14501	174
G	414	176	5
G	21107	243	6
G	24244	472	13
G	26166	1747	56
G	418	1772	48
G	422	372	24
G	16636	90	3
G	423	112	1
G	425	102	5
G	21108	416	3
G	427	677	10
G	31919	714	17
G	431	328	11
G	434	572	12
G	435	15531	362
G	437	121	1
G	25272	58	4
G	28234	334	4
G	31022	298	10
G	442	311	8
G	24794	182	9
G	446	82	3
G	448	80	6
G	449	231	4
G	450	152	1
G	454	8323	208
G	459	65	0
G	28139	1068	13
G	462	68	6
G	463	93	5
G	16650	93	7
G	470	42449	1230
G	29958	446	4
G	472	83	0
G	30221	148	10
G	21115	77	3
G	28587	598	23
G	478	145	8
G	479	1231	17
G	482	1013	7
G	483	72	2
G	487	211	3
G	489	339	16
G	16654	247	0
G	21119	128	2
G	493	317	6
G	494	216	9
G	28019	83	10
G	28006	293	14
G	495	286	6
G	28007	1420	47
G	23735	3839	58
G	16657	180	1
G	28937	75	4
G	499	153	12
G	500	65	6
G	30893	65	7
G	503	170	14
G	16658	567	8
G	504	139	1
G	505	230	5
G	24859	112	6
G	20055	459	11
G	506	423	77
G	509	356	0
G	16659	143	11
G	511	156	3
G	21123	90	8
G	25564	402	27
G	16660	541	17
G	517	136	2
G	520	137	6
G	31724	159	11
G	522	595	41
G	526	619	42
G	528	172	66
G	529	299	6
G	16664	671	42
G	31112	291	10
G	538	263	59
G	540	4659	89
G	543	14568	288
G	21128	96	2
G	544	152	3
G	545	70	1
G	546	78	1
G	547	175	5
G	16666	281	2
G	552	436	4
G	26505	2714	44
G	553	98	1
G	557	200	9
G	28235	1546	59
G	558	176	6
G	559	164	5
G	561	122	1
G	566	164	1
G	567	574	30
G	570	80	1
G	21134	215	6
G	572	2306	31
G	23916	318	63
G	573	3307	144
G	574	160	10
G	26299	97	1
G	27028	401	8
G	21135	287	5
G	578	93	5
G	25100	3224	228
G	580	94	4
G	20058	263	7
G	26623	194	4
G	25546	8	2
G	583	226	46
G	26624	348	8
G	21137	562	6
G	26868	173	3
G	28731	313	12
G	592	84	1
G	594	136	0
G	595	76	6
G	598	3304	133
G	19836	142	0
G	600	65	2
G	20990	76	4
G	603	894	30
G	605	108	0
G	606	71	1
G	16678	341	7
G	16679	429	11
G	611	18883	254
G	612	154	3
G	613	79	7
G	16681	76	0
G	619	189	5
G	620	71	3
G	621	69	7
G	622	79	1
G	16682	111	10
G	28327	83	7
G	623	1030	23
G	27007	104	4
G	624	129	3
G	625	74	2
G	626	99	0
G	21143	113	5
G	628	207	11
G	629	1712	75
G	632	5044	158
G	635	1217	38
G	25388	1	0
G	637	2608	279
G	638	78	6
G	16686	144	39
G	644	93	9
G	646	71	2
G	21146	207	2
G	650	229	7
G	652	109	3
G	655	4701	100
G	25373	20	7
G	659	339	12
G	16690	144	9
G	16691	257	3
G	668	76	0
G	669	966	11
G	670	104	0
G	671	139	4
G	27263	127	3
G	672	16669	385
G	673	110	2
G	674	324	6
G	677	62148	549
G	678	3111	43
G	680	1864	66
G	682	1184	37
G	684	147	3
G	19839	714	17
G	30625	525	7
G	689	67	14
G	31040	1766	32
G	29443	2079	334
G	690	1925	132
G	20063	140	1
G	695	1117	16
G	24041	447	11
G	21151	67	7
G	701	349	16
G	27489	138	2
G	703	178	4
G	704	71	1
G	705	617	66
G	706	77	1
G	25567	77	4
G	25005	214	4
G	709	71	3
G	31214	160	1
G	710	118	42
G	16699	3896	30
G	717	192	5
G	24816	71	4
G	28272	2766	18
G	722	7827	58
G	29518	759	25
G	29207	418	21
G	24839	198	0
G	730	37080	870
G	731	158	8
G	738	411	2
G	739	326	33
G	741	260	5
G	742	954	39
G	16710	92	1
G	21161	18284	394
G	27413	2537	55
G	29798	329	3
G	25297	6	3
G	754	119	3
G	25221	3	2
G	21163	332	14
G	758	173	1
G	30077	9478	431
G	759	364	32
G	761	607	23
G	28490	1445	14
G	762	105	3
G	764	87	2
G	27645	119	1
G	20067	2014	40
G	27951	111	2
G	769	353	8
G	770	275	8
G	29328	76	1
G	774	2070	30
G	16714	631	47
G	28642	365	11
G	16715	294	1
G	29767	88	2
G	779	2684	49
G	781	283	13
G	782	2098	51
G	788	1274	42
G	21165	192	26
G	26568	405	8
G	29144	276	10
G	794	110	1
G	19844	80	0
G	800	571	27
G	26062	272	5
G	803	87	1
G	804	115	0
G	16723	438	6
G	21167	242	9
G	806	235	2
G	26600	72	1
G	807	67	4
G	809	423	19
G	810	796	84
G	21168	691	21
G	812	390	129
G	814	77	2
G	815	200	3
G	816	169	1
G	817	448	8
G	818	230	6
G	28901	157	1
G	16727	137	2
G	819	106	5
G	28140	150	1
G	823	1418	32
G	828	327	20
G	830	140	3
G	28179	19546	3302
G	833	3604	62
G	835	643	23
G	26556	240	10
G	21172	1063	68
G	838	76	3
G	839	72	1
G	31256	236	14
G	844	149	9
G	845	221	13
G	847	123	0
G	21174	802	9
G	848	401	8
G	849	598	7
G	851	129	0
G	852	246	63
G	854	1187	30
G	855	448	16
G	858	109	4
G	859	101	3
G	25445	1064	6
G	860	20156	410
G	24318	136	6
G	861	115	4
G	16731	295	4
G	26485	123	4
G	865	23314	300
G	869	79	27
G	874	80	4
G	21178	305	3
G	25569	677	16
G	878	84	0
G	25223	67	5
G	884	592	33
G	16735	258	50
G	888	1185	27
G	889	187	5
G	893	154	1
G	894	544	16
G	20077	559	9
G	898	526	9
G	900	108	34
G	21185	146	3
G	902	16366	279
G	20078	96	2
G	909	65	0
G	910	171	6
G	913	576	17
G	16739	3583	45
G	16740	137	3
G	20079	497	10
G	20080	114	2
G	926	535	8
G	25409	122	3
G	932	20593	508
G	21188	521	2
G	28312	136	3
G	938	3441	72
G	939	850	39
G	942	86	1
G	943	578	38
G	946	288	14
G	947	67	3
G	948	186	6
G	21192	106	5
G	29208	170	5
G	21193	435	7
G	950	75	1
G	16750	185	9
G	951	3045	53
G	953	91	3
G	956	217	4
G	960	186	7
G	16754	75	13
G	963	3123	34
G	965	2338	67
G	967	430	7
G	20085	2787	330
G	972	261	2
G	973	93	12
G	24483	161	2
G	974	423	17
G	977	651	48
G	21198	64	24
G	20087	139	2
G	981	252	15
G	16760	4043	60
G	985	330	25
G	21200	717	29
G	27241	658	9
G	987	507	11
G	27802	492	15
G	24379	79	2
G	991	152	18
G	993	119	0
G	20089	317	7
G	996	1439	42
G	21204	74	4
G	998	1749	48
G	16762	84	6
G	25392	98	5
G	1002	73	4
G	21205	5197	255
G	29952	89	2
G	1004	220	25
G	1008	256	9
G	1009	1307	64
G	1011	157	5
G	1012	112	3
G	1013	133	4
G	1015	141	12
G	1016	8522	125
G	1017	433	10
G	16763	122	3
G	25869	76	3
G	1021	1194	61
G	25463	5	4
G	21209	2426	62
G	1024	111	0
G	1025	463	3
G	1026	569	17
G	1027	139	11
G	21210	157	5
G	1028	76	3
G	1032	758	27
G	1033	221	27
G	1038	505	2
G	1039	1241	18
G	1041	99	4
G	1042	150	4
G	1044	3574	80
G	1046	76	3
G	21212	149	1
G	1050	105	42
G	21213	108	0
G	16772	553	96
G	1052	1049	17
G	24467	147	4
G	1053	1248	62
G	1054	239	8
G	1055	97	8
G	25870	101	3
G	1059	108	4
G	21217	150	7
G	1060	594	28
G	20093	423	13
G	24556	198	10
G	1063	135	6
G	21219	576	14
G	1065	68	3
G	20095	128	14
G	28563	108	27
G	16776	92	2
G	16777	382	7
G	16779	196	5
G	1078	365	27
G	21220	84	15
G	1082	78	10
G	1083	661	7
G	1084	2545	153
G	1085	721	10
G	25107	220	16
G	1088	5773	187
G	1089	241	2
G	20098	2708	433
G	1094	237	6
G	1095	103	8
G	1097	126	3
G	1099	344	70
G	28328	273	3
G	26955	89	1
G	25452	1	0
G	29023	72	4
G	1103	258	5
G	1105	93	2
G	1106	95	5
G	1111	64	3
G	27581	226	9
G	1112	95	2
G	1115	116	2
G	1117	133	16
G	1121	1288	122
G	1123	189	4
G	30407	306	9
G	1127	164	5
G	16784	288	0
G	1132	464	21
G	1133	85	4
G	1135	81	1
G	30818	348	8
G	1141	564	10
G	1142	70	5
G	28491	124	5
G	24557	350	11
G	1147	244	22
G	16788	11916	389
G	1150	165	14
G	16789	89	2
G	1151	430	3
G	27441	66	1
G	1154	157	7
G	1155	67	1
G	27236	66	4
G	16790	291	52
G	21233	942	10
G	1162	198	8
G	1163	193	4
G	1164	307	23
G	1165	149	14
G	1170	116	1
G	29653	4358	74
G	1173	141	2
G	1174	377	11
G	1176	5127	80
G	1177	117	2
G	1182	916	13
G	16797	72	4
G	26741	159	4
G	16798	4244	67
G	25243	1	1
G	21236	100	4
G	1197	255	2
G	1198	2018	55
G	1201	995	18
G	21239	2054	41
G	24012	71	4
G	16801	78	4
G	1205	322	23
G	21240	882	107
G	25161	89	6
G	1206	77	3
G	20104	88	1
G	1210	626	23
G	16804	127	2
G	25317	449	7
G	25536	45	8
G	25871	84	10
G	16806	137	11
G	16807	226	6
G	24564	406	8
G	16809	1185	36
G	1217	399	25
G	16811	100	2
G	1220	230	3
G	1221	182	3
G	1224	887	30
G	1225	230	14
G	32001	3732	24
G	1228	241	0
G	31268	4340	91
G	25768	84	1
G	1232	269	10
G	21246	69	1
G	21247	906	33
G	25873	213	4
G	1233	86	0
G	16815	253	4
G	25483	78	3
G	1234	190	6
G	1238	141	2
G	1239	778	28
G	1242	98	2
G	1248	222	6
G	1250	3673	168
G	27869	158	2
G	16818	124	2
G	1258	67	2
G	1260	497	6
G	1263	165	3
G	30445	64	5
G	29520	5264	82
G	1269	1789	97
G	1273	94	2
G	1274	185	5
G	1276	7055	125
G	28236	151	2
G	30921	1285	21
G	1278	1079	26
G	1279	1813	33
G	16824	72	4
G	1282	73	2
G	1283	84	1
G	1284	726	40
G	25277	33	3
G	21249	325	13
G	1286	119	5
G	1287	3735	96
G	1289	145	3
G	1290	321	7
G	1293	90	6
G	1296	2271	119
G	1298	87449	1814
G	1303	160	10
G	1304	4390	65
G	16831	347	5
G	30498	126	1
G	21253	276	7
G	31429	101	2
G	1308	479	19
G	16832	214	5
G	1310	171	10
G	30163	350	19
G	1314	241	2
G	24524	3877	64
G	1316	67	4
G	1317	148	4
G	1320	34795	1006
G	30996	5110	62
G	1324	351	3
G	1325	277	24
G	1330	155	5
G	16836	205	8
G	29476	93	2
G	1332	153	3
G	1337	166	5
G	1339	638	48
G	1341	4237	68
G	27308	66	0
G	1344	334	22
G	16842	184	26
G	1346	130	12
G	1347	67	3
G	1348	114	2
G	1354	554	19
G	1355	379	6
G	31627	118	8
G	1359	197	16
G	29620	1404	23
G	21257	3904	75
G	21258	73	11
G	16845	881	13
G	16846	158	8
G	1363	78	1
G	1368	794	42
G	1370	110	3
G	1373	331	7
G	30619	8685	718
G	28416	926	19
G	1377	165	0
G	16851	421	26
G	28706	211	3
G	1383	338	7
G	1385	142	2
G	1389	181	9
G	1396	8512	209
G	1398	240	54
G	1399	80	6
G	21263	180	5
G	1400	305	5
G	1404	255	8
G	1407	196	9
G	25240	2	2
G	1408	105	0
G	1410	119	4
G	1411	3061	9
G	1412	111	3
G	1413	374	11
G	1414	774	13
G	1418	71	1
G	1420	322	17
G	21271	126	2
G	23884	3526	82
G	1429	178	6
G	1432	81	1
G	16858	197	1
G	1436	79	16
G	1437	71	5
G	24307	153	1
G	1439	143464	1862
G	1440	456	32
G	1441	147	15
G	23740	622	7
G	1443	76	22
G	1447	2170	44
G	1450	109	6
G	1451	97	1
G	21274	180	5
G	20996	218	10
G	1452	95	3
G	1456	94	4
G	1460	3189	642
G	1463	121	2
G	1464	160	3
G	1466	157	1
G	1469	122	4
G	16860	130	11
G	29437	140	1
G	1470	81	3
G	1471	3730	64
G	1474	132	3
G	1475	38531	511
G	1476	151	4
G	1477	177	3
G	16861	86	4
G	1478	77	4
G	1479	171	7
G	1484	450	12
G	25222	11	4
G	27406	25363	436
G	20112	390	1
G	26754	199	3
G	20113	136	2
G	1492	177	10
G	27048	350	6
G	1496	474	25
G	23707	73	1
G	21279	177	8
G	1497	202	1
G	25997	132	1
G	25998	349	9
G	1500	77	0
G	28564	182	5
G	1503	86	1
G	1504	173	3
G	1505	155	9
G	21281	85	4
G	1518	576	18
G	30727	121	1
G	1521	1541	23
G	1522	523	5
G	1527	572	96
G	1529	216	6
G	16871	76	3
G	26359	116	6
G	1533	103	1
G	1534	103213	1686
G	28894	188	5
G	1536	114	2
G	1537	150	14
G	1538	314	8
G	1540	293	10
G	1541	209	3
G	1542	89	4
G	30358	80	1
G	21287	76	2
G	1550	6404	112
G	25273	2	1
G	21288	1801	15
G	21289	127	8
G	1552	2228	39
G	1553	134	4
G	1557	196	1
G	21291	73	0
G	26525	8199	649
G	1558	112	7
G	1559	434	7
G	26159	75	0
G	1561	1398	20
G	1562	228	11
G	26424	202	8
G	28211	1073	43
G	24363	12820	255
G	1566	301	4
G	26645	222	6
G	1569	184	3
G	1570	68	2
G	25576	14031	260
G	21296	1292	27
G	25328	10	4
G	1574	163	0
G	26871	157	3
G	1578	185	31
G	1579	123	1
G	1581	70	3
G	1584	13974	211
G	1586	332	5
G	1587	218	2
G	1591	112	3
G	31079	138	3
G	1593	863	29
G	30467	83	5
G	1595	72	2
G	1596	314	5
G	16882	218	6
G	1600	143	2
G	16884	76	3
G	1603	218	7
G	1604	194	4
G	1605	783	126
G	1606	129	10
G	31712	890	30
G	25665	117	39
G	1610	465	23
G	27904	106	6
G	27628	150	4
G	1612	851	15
G	1613	329	13
G	21303	81	1
G	31401	110	1
G	1614	144	3
G	1615	157	3
G	1618	2390	126
G	1619	89	4
G	21304	152	12
G	21305	109	1
G	26888	1980	99
G	1621	21745	433
G	20117	1464	35
G	1623	64	2
G	1624	336	13
G	28737	164	3
G	1625	240	2
G	1629	107	29
G	1631	148	2
G	16890	1367	46
G	1635	211	14
G	1637	2872	515
G	23708	2392	27
G	1640	1557	42
G	27266	164	4
G	31293	942	26
G	1645	1262	25
G	1648	4269	146
G	26312	1363	40
G	1650	1104	16
G	1652	111	4
G	1653	553	16
G	1654	179	6
G	16895	144	0
G	16896	1463	33
G	1656	1052	38
G	23842	988	8
G	1659	952	19
G	19849	445	30
G	1662	65	2
G	16897	1232	263
G	31218	282	5
G	16898	3074	36
G	1665	143	7
G	29402	334	5
G	1667	80	1
G	25521	5822	163
G	26090	248	5
G	1669	156	5
G	1674	235	2
G	1675	85	0
G	1676	87	8
G	25378	170	12
G	1679	72	1
G	28850	5372	60
G	1688	73	7
G	1690	495	0
G	1691	67	1
G	1694	100	6
G	1697	1033	62
G	1699	25763	510
G	26646	983	31
G	1702	1509	62
G	1703	681	24
G	26452	161	8
G	25216	14	3
G	1704	125	1
G	1709	296	3
G	1715	368	6
G	1716	336	6
G	1717	98	2
G	1719	172	8
G	1723	138	9
G	30676	418	4
G	1725	132	2
G	27839	66	3
G	1727	658	12
G	25877	296	2
G	21319	287	4
G	32002	94	1
G	16907	98	0
G	1732	561	21
G	1733	78	1
G	1734	486	13
G	16911	137	7
G	16912	171	6
G	25278	5	1
G	1742	583	8
G	1748	174	4
G	1751	584	33
G	1752	94	2
G	26625	1552	36
G	1756	176	0
G	1761	1108	30
G	1762	153	3
G	1764	69	5
G	1765	83	1
G	31422	170	2
G	21321	16263	1719
G	16917	3549	35
G	1769	117	4
G	1772	38585	555
G	1773	186	5
G	1775	153	35
G	21323	585	118
G	1779	535	118
G	1780	68	0
G	1783	159	1
G	1784	116	2
G	1786	81	2
G	1787	370	23
G	25779	323	5
G	1795	135	3
G	26801	119	2
G	16925	91	1
G	16927	75	1
G	21330	4086	124
G	1800	181	2
G	20122	352	3
G	20123	3452	95
G	1801	240	32
G	1802	654	98
G	1804	69	4
G	1805	891	14
G	16929	324	6
G	25295	88	1
G	1809	746	24
G	1811	921	18
G	16931	92	0
G	1813	650	20
G	1819	961	179
G	1821	438	9
G	24631	256	6
G	23940	80	2
G	25578	261	9
G	1823	381	71
G	1824	133	2
G	1825	111	2
G	28142	111	9
G	1826	117	3
G	30984	4606	73
G	26250	1316	31
G	1829	1714	63
G	1831	347	10
G	1834	1662	85
G	16936	427	27
G	21336	425	27
G	1837	8836	281
G	16937	264	5
G	20124	292	34
G	1843	27945	645
G	16940	147	1
G	29334	73	0
G	26872	76	0
G	1844	169	4
G	1845	116	5
G	1846	68	3
G	26222	66	1
G	1848	22042	537
G	1849	355	24
G	1850	69	0
G	1852	72	0
G	1853	192	8
G	16941	78	1
G	1858	149	8
G	1859	110	2
G	16942	182	4
G	1862	213	14
G	1863	121	21
G	1864	210	4
G	30279	88	9
G	25457	93	3
G	20127	118	5
G	1869	224	11
G	1870	1444	49
G	1871	4582	133
G	16943	269	5
G	28723	3766	52
G	1876	395	7
G	25415	4	4
G	16944	403	10
G	16945	278	13
G	21338	414	101
G	1879	4569	194
G	16946	491	9
G	1880	645	16
G	21339	266	2
G	27453	114	0
G	1886	65	0
G	1890	182	1
G	1893	65	1
G	1894	3611	138
G	1895	276	5
G	16952	67	5
G	1897	894	44
G	1901	142	3
G	1902	238	4
G	1903	138	6
G	1905	91	2
G	25448	7	5
G	1911	237	10
G	1912	114	1
G	16956	480	18
G	1926	335	5
G	26125	434	2
G	16961	121	3
G	1931	100	3
G	27109	193	5
G	1939	164	6
G	16964	2867	38
G	1943	227	4
G	1946	169	5
G	26849	108	2
G	1949	93	1
G	1950	287	6
G	1951	107	4
G	20131	9820	193
G	31826	331	6
G	1952	2690	33
G	1958	1486	62
G	1960	83	30
G	1961	223	5
G	1964	88	10
G	28009	78	2
G	1965	385	16
G	1966	178	2
G	1967	95	1
G	1972	337	17
G	1974	80	1
G	1975	488	6
G	1976	392	4
G	28592	199	5
G	16971	70	2
G	29191	171	1
G	1980	73	3
G	23886	1788	335
G	1985	3143	45
G	21350	1061	225
G	1993	92	4
G	23844	81	12
G	30871	677	32
G	2003	1746	228
G	2005	68	1
G	25832	437	6
G	2006	577	79
G	2008	10569	750
G	2009	2145	91
G	25181	118	14
G	2012	1030	19
G	2015	98	0
G	2016	103	3
G	2018	143	13
G	16978	312	5
G	2019	200	6
G	2020	473	13
G	2024	364	4
G	21352	218	12
G	2025	615	8
G	2026	349	6
G	28330	1972	62
G	2030	372	28
G	25666	23660	343
G	2033	138	2
G	16981	85	1
G	16984	144	0
G	2041	520	24
G	24871	735	18
G	29378	517	14
G	2043	7320	43
G	2044	151	3
G	21353	154	10
G	2046	76	3
G	2047	177	6
G	2049	267	1
G	2050	228	5
G	2053	205	10
G	2054	2443	17
G	2059	749	13
G	16987	266	13
G	2060	69	1
G	2062	3775	106
G	2064	140	2
G	2066	497	40
G	2067	80	2
G	2070	533	21
G	2072	216	4
G	31323	954	12
G	26148	194	1
G	2080	467	11
G	27251	134	2
G	2085	137	5
G	21359	105	13
G	16995	69	3
G	2093	274	8
G	26521	2259	23
G	2094	5323	120
G	2095	136	2
G	2098	70	0
G	2101	145	35
G	21360	295	51
G	2103	100	1
G	27720	200	1
G	2104	105	7
G	30105	545	19
G	2106	383	8
G	2108	75	4
G	20138	205	6
G	2111	671	43
G	24608	352	10
G	2114	65	2
G	27417	337	7
G	2117	1010	39
G	2118	1146	81
G	2121	460	42
G	2122	120	4
G	2124	72	2
G	2125	109	2
G	24639	97	2
G	2126	6539	113
G	2127	833	16
G	2128	918	60
G	28802	371	81
G	21366	117	2
G	2130	67	2
G	21367	100	6
G	2135	77	3
G	2138	112	1
G	2139	188	6
G	2140	331	10
G	21368	1615	33
G	2142	2271	68
G	2144	68	4
G	2145	103	3
G	2146	1552	60
G	2148	173	8
G	2149	1511	21
G	2150	187	5
G	2151	91	2
G	2156	290	17
G	2158	1424	20
G	21371	247	4
G	2160	182	13
G	31701	136	5
G	29384	112	2
G	2161	3312	85
G	2163	151	5
G	20141	310	25
G	2167	227	2
G	2171	541	16
G	2172	134	6
G	25318	5506	98
G	2174	2024	31
G	2175	3291	360
G	26697	108	3
G	2178	92	6
G	2179	859	8
G	2180	706	15
G	21375	68	0
G	2181	91	2
G	2182	661	20
G	2186	100	4
G	2188	842	18
G	2190	165	8
G	25882	115	4
G	2195	628	11
G	17012	788	16
G	2197	11347	410
G	2198	65	1
G	28291	115	8
G	2201	83	3
G	2204	155	9
G	21376	118	1
G	30073	296	6
G	30626	1464	39
G	31758	732	12
G	2210	6926	75
G	2217	132	10
G	24042	75	5
G	24260	212	6
G	2223	201	2
G	24113	6505	86
G	24570	168	9
G	29655	332	6
G	27454	273	8
G	21381	152	5
G	29470	6016	110
G	2234	514	9
G	2237	777	17
G	2240	290	5
G	21382	231	5
G	2243	168	3
G	2244	125	6
G	17023	137	1
G	31984	191	6
G	25356	122	8
G	2251	97	4
G	2252	411	11
G	17024	1549	55
G	2254	92	6
G	2256	138	2
G	27599	153	1
G	31156	135	29
G	2260	150	2
G	2261	231	7
G	19854	202	19
G	28792	375	81
G	2266	309	7
G	2268	64	10
G	28212	130	0
G	2270	234	2
G	2272	1603	46
G	21385	397	4
G	25682	99	1
G	2276	108	3
G	2277	111	5
G	24432	2129	14
G	2284	203	4
G	2285	868	67
G	2287	65	1
G	2289	67	1
G	2292	130	2
G	2294	192	2
G	2298	227	4
G	29540	1054	34
G	31390	247	16
G	28978	371	10
G	2303	213	8
G	21387	77	3
G	2308	165	4
G	2309	915	16
G	27822	71	3
G	2315	466	14
G	30157	186	12
G	17035	79	1
G	24344	76	0
G	20150	95	12
G	17036	112	3
G	29656	2532	67
G	24905	66	2
G	21392	785	23
G	21394	97	1
G	2323	872	44
G	2324	85	6
G	25788	1327	239
G	17038	142	6
G	2326	81	15
G	2328	11281	666
G	2330	76	0
G	2335	781	35
G	17042	99	7
G	2336	793	22
G	2339	279	4
G	2340	283	23
G	24988	90	3
G	29743	245	4
G	21399	107	3
G	2346	600	23
G	2348	199	14
G	2351	249	10
G	17043	254	5
G	27231	109	2
G	2352	143	2
G	2353	9962	263
G	21401	333	2
G	2356	138	0
G	2357	188	3
G	2358	264	20
G	2359	6059	136
G	17047	153	2
G	25691	661	8
G	2361	411	7
G	30543	1975	45
G	24872	124	1
G	2365	114	0
G	2367	134	2
G	2369	142	3
G	28086	3300	30
G	2372	1008	49
G	21406	254	5
G	2381	1141	61
G	2382	5587	101
G	2384	104	2
G	28404	98	2
G	2386	2743	81
G	2387	150	3
G	2388	232	9
G	2389	168	6
G	2390	1305	22
G	25534	82	2
G	2392	155	12
G	2396	515	35
G	25421	319	3
G	2404	91	3
G	2405	139	3
G	2408	101	6
G	2410	309	5
G	2412	1117	21
G	2413	333	20
G	2414	337	33
G	2415	123	4
G	2416	1300	66
G	2417	319	8
G	21412	211	4
G	30310	177	4
G	2419	1989	62
G	29260	190	1
G	21413	110	1
G	2422	354	8
G	2423	65	2
G	2426	317	3
G	21414	295	6
G	2428	242	9
G	2431	105	1
G	2432	7202	79
G	2433	294	11
G	19856	1344	22
G	2436	216	3
G	2438	82	4
G	17060	244	6
G	21415	643	33
G	29024	270	5
G	2445	130	3
G	2446	10438	204
G	2448	511	9
G	2451	94	6
G	17062	197	4
G	32030	168	2
G	25748	803	24
G	2456	3657	138
G	25839	66	2
G	2457	386	21
G	21419	6815	78
G	28258	1698	13
G	2461	76	4
G	17064	453	7
G	2463	208	16
G	21421	121	2
G	17065	100	1
G	2466	12675	525
G	2467	75	0
G	26169	470	13
G	31915	127	2
G	2471	149	23
G	26939	65	4
G	2472	71	17
G	2474	1345	77
G	17066	88	3
G	20158	109	6
G	2483	769	57
G	30261	125	3
G	24125	67	3
G	2485	456	51
G	30690	106	5
G	2487	823	17
G	2488	1036	42
G	27418	255	1
G	25501	2	0
G	29500	109	4
G	2492	157	4
G	27933	2125	22
G	2495	72	4
G	2499	117	7
G	2504	697	20
G	17073	174	1
G	2507	165	7
G	2512	65	1
G	2513	256	8
G	2514	2282	35
G	2515	611	5
G	2516	380	22
G	2518	313	12
G	2519	133	6
G	2520	686	40
G	28181	124	0
G	29591	1400	39
G	21431	103	2
G	2528	86	6
G	2531	9831	214
G	17074	102	10
G	25476	26	4
G	2536	194	1
G	2539	866	50
G	2540	4037	102
G	2541	631	10
G	2543	205	18
G	2544	269	3
G	2550	67	2
G	2552	302	7
G	2555	6293	127
G	27804	125	2
G	2556	153	6
G	17080	33685	698
G	17081	336	1
G	2557	135	3
G	2559	179	10
G	2561	84	4
G	27396	465	4
G	20164	2049	118
G	2569	1198	107
G	26935	4099	218
G	27269	819	194
G	2574	528	12
G	2575	182	4
G	30922	191	10
G	2583	120	4
G	2584	406	6
G	28123	1281	43
G	2586	253	11
G	2588	84	4
G	2590	147	4
G	2593	142	6
G	2594	2487	61
G	25368	2	2
G	30514	22246	465
G	2597	139	4
G	2598	116	3
G	28048	367	8
G	2599	1141	102
G	2600	119	6
G	21440	71	0
G	25581	288	65
G	2610	225	7
G	25582	1909	28
G	2612	602	13
G	26334	140	3
G	2613	275	24
G	2616	93	6
G	2618	76	3
G	2623	143	6
G	2625	96	0
G	2626	153	5
G	2627	102	4
G	2628	88	2
G	2629	524	2
G	24131	73	4
G	2632	137	4
G	2633	1119	35
G	2639	326	5
G	31383	164	2
G	17091	262	2
G	2645	220	10
G	17092	66	5
G	2646	472	14
G	2647	93	4
G	25474	213	6
G	2648	125	0
G	25288	850	41
G	2654	116	2
G	29025	3743	87
G	2657	505	15
G	2658	231	6
G	2662	163	6
G	26189	431	8
G	2665	1771	45
G	21449	4177	171
G	17095	344	14
G	2668	1327	23
G	2671	67	2
G	2672	123	4
G	21452	97	5
G	2674	229	7
G	21454	351	9
G	17096	127	5
G	25537	1	1
G	21457	437	8
G	24157	162	3
G	2687	478	48
G	27601	1722	167
G	2693	73	0
G	17100	68	0
G	30946	90	2
G	17101	1492	48
G	2696	1320	102
G	17102	7739	256
G	2697	66	5
G	2698	71	2
G	30554	1074	60
G	2702	75	1
G	17103	222	6
G	2707	327	19
G	26802	485	18
G	2709	66	2
G	2712	320	9
G	29048	488	10
G	25847	153	2
G	25504	5	3
G	2713	588	8
G	2714	472	48
G	2715	465	26
G	2716	71	2
G	2719	2876	56
G	2721	104	6
G	2722	89	2
G	2725	708	107
G	21464	227	8
G	27780	1479	46
G	29002	296	4
G	25497	5	1
G	21467	322	13
G	2735	330	6
G	25292	80	5
G	2740	17880	226
G	2742	296	17
G	26215	73	3
G	2746	141	1
G	2748	79	1
G	2749	132	2
G	31689	28645	510
G	2752	222	3
G	2753	2995	324
G	24408	176	2
G	21471	291	15
G	2754	1628	23
G	2756	919	10
G	20181	89	2
G	2760	230	22
G	17119	612	12
G	2763	9177	128
G	26744	628	45
G	2771	137	1
G	2774	3212	94
G	2780	264	4
G	28251	614	30
G	2783	84	0
G	2785	8158	97
G	17123	1484	14
G	2786	154	2
G	27630	118	8
G	25667	103	7
G	2791	96	1
G	2794	163	61
G	29160	445	7
G	30360	212	0
G	2795	1222	20
G	21477	222	6
G	26793	1262	68
G	2797	215	3
G	2798	457	42
G	2799	142	4
G	2802	131	18
G	21480	597	34
G	2804	680	16
G	29161	1038	25
G	17129	68	3
G	2812	606	33
G	2814	11046	500
G	30047	1184	13
G	2818	137	4
G	28037	338	51
G	2821	2290	74
G	2822	2167	278
G	2823	193	7
G	20184	133	4
G	2824	428	20
G	20185	1790	55
G	26160	85	3
G	2827	72	1
G	2829	73	5
G	20186	135	3
G	2830	5522	122
G	2831	122	3
G	2833	3278	101
G	25816	2086	40
G	27905	1153	30
G	2837	2692	55
G	2839	248	6
G	31080	408	137
G	2843	192	8
G	2844	716	38
G	2846	329	2
G	2847	85	2
G	31219	1327	75
G	2848	69	3
G	2849	840	15
G	2850	108	1
G	27603	82	2
G	21001	755	9
G	24386	229	8
G	2856	542	9
G	2858	75	5
G	2861	744	7
G	2864	210	1
G	31524	282	7
G	2865	236	6
G	17137	6488	119
G	2867	322	6
G	2874	136	5
G	2875	473	11
G	2877	84	1
G	2878	65	1
G	30515	90	5
G	30539	939	13
G	2882	204	5
G	2883	656	39
G	2884	350	3
G	31783	76	0
G	2887	1078	113
G	2888	84	4
G	2890	224	13
G	2894	218	4
G	2895	130	2
G	2897	2867	166
G	17140	128	2
G	2898	1784	34
G	2899	76	4
G	20188	1247	12
G	25157	809	161
G	17141	65	5
G	2908	4122	95
G	17142	85	2
G	2911	179	3
G	2913	134	2
G	30297	73	1
G	2914	77	2
G	2917	327	12
G	17145	89	6
G	2918	84	6
G	2920	1064	72
G	2924	243	69
G	17149	70	0
G	2934	89	5
G	2937	205	5
G	31628	811	13
G	2940	5924	121
G	2941	437	9
G	17150	912	30
G	27112	69	3
G	29799	88	3
G	26476	63576	1012
G	25287	2696	49
G	21490	67	2
G	2959	77	1
G	2961	97	0
G	2962	194	8
G	2965	1602	70
G	2966	65	4
G	2967	214	2
G	25584	1633	311
G	25329	295	5
G	2969	75	3
G	2970	391	23
G	21495	76	7
G	2975	1479	28
G	17155	9268	336
G	2976	208	6
G	2978	255	9
G	2979	111	5
G	28375	2372	54
G	26462	4720	96
G	2988	11907	533
G	25464	14	8
G	2989	607	17
G	21496	417	5
G	21498	1375	36
G	29521	304	7
G	2997	314	2
G	29829	1646	12
G	2998	1279	296
G	17161	103	0
G	3001	118	11
G	3004	150	2
G	26107	316	17
G	3010	334	99
G	3011	226	10
G	3012	392	11
G	21500	529	8
G	17162	109	2
G	24873	641	10
G	29289	162	2
G	3018	260	1
G	28022	208	3
G	25706	77	3
G	29069	136	2
G	28822	206	10
G	17163	199	8
G	25386	828	37
G	3031	939	44
G	3033	393	8
G	3037	288	9
G	3041	112	3
G	17166	166	3
G	3043	107	12
G	31641	478	34
G	3048	168	3
G	17168	83	2
G	3052	514	17
G	3053	2871	116
G	17169	142	1
G	3060	401	10
G	3062	96	4
G	17171	119	4
G	3065	112	7
G	27316	218	4
G	3068	133	1
G	25473	2	2
G	3071	443	14
G	20200	82	2
G	25369	24	4
G	25375	2	2
G	3081	185	7
G	21506	5235	132
G	3084	215	6
G	30030	1170	261
G	3085	306	6
G	3087	2178	42
G	3088	317	24
G	3089	73	0
G	3091	1007	70
G	3093	1973	71
G	21512	484	65
G	3097	2280	73
G	26992	1475	82
G	3098	86	3
G	3100	84	2
G	3101	418	6
G	25282	603	8
G	3108	130	5
G	3114	119	8
G	17176	131	6
G	3116	151	3
G	3117	150	4
G	25453	11	2
G	3119	211	2
G	23750	710	10
G	3120	148	2
G	26673	136	5
G	3122	438	4
G	23751	146	3
G	3125	93	1
G	17179	810	10
G	30134	396	13
G	3130	576	6
G	3131	10107	164
G	3134	824	12
G	3136	188	19
G	3138	931	13
G	3140	87	2
G	26778	132	4
G	3143	391	19
G	3144	2126	56
G	27249	189	38
G	27619	84	2
G	25790	169	6
G	3147	126	2
G	24888	182	7
G	3150	129	1
G	3151	670	36
G	3155	148	3
G	3156	15133	279
G	21515	98	2
G	3158	6257	114
G	17184	66	2
G	3161	155	2
G	21516	1718	62
G	20203	74	1
G	3170	243	3
G	17186	120	2
G	17187	113	6
G	29070	115	3
G	17188	1420	43
G	21523	195	12
G	3176	84	2
G	3177	188	6
G	3178	11582	1495
G	3179	147	4
G	3182	134	8
G	3184	212	8
G	3185	129	4
G	3186	992	111
G	3187	83	2
G	3191	184	3
G	17191	78	1
G	29147	815	24
G	31391	78	2
G	3194	244	26
G	21002	72	1
G	3202	4708	74
G	3203	141	2
G	3205	226	10
G	21527	837	20
G	3209	72	3
G	3213	206	2
G	17197	120	3
G	3214	1000	34
G	3215	2549	22
G	3216	296	8
G	25889	152	1
G	3217	3168	111
G	28579	80	2
G	3218	367	8
G	3222	139	7
G	3224	491	5
G	3227	74	8
G	28064	549	10
G	28049	249	3
G	29014	476	11
G	25465	3	2
G	3237	85	0
G	3238	108	1
G	3239	133	11
G	20205	2173	23
G	3240	198	3
G	24132	79	4
G	29661	90	4
G	3241	135	5
G	31187	1452	58
G	3244	172	2
G	3245	705	63
G	17207	4366	103
G	26854	857	15
G	25343	7	1
G	3251	249	10
G	25384	22	2
G	3255	1473	22
G	21530	137	15
G	25891	322	10
G	21531	1126	56
G	29307	325	9
G	26803	70	5
G	25523	281	1
G	30867	933	31
G	3265	387	4
G	3268	7230	154
G	28905	717	19
G	24995	679	30
G	3270	2485	273
G	26330	79	1
G	3274	69	2
G	3277	1172	28
G	17210	249	11
G	3281	88	6
G	3283	74	1
G	30062	592	14
G	3285	511	26
G	3286	31826	789
G	21534	639	14
G	27963	1001	34
G	3289	127	0
G	3291	648	21
G	3292	434	6
G	17213	235	4
G	3297	40461	1120
G	3298	194	8
G	31799	2916	56
G	3300	216	8
G	3301	340	18
G	3302	564	8
G	3303	546	9
G	3305	99	1
G	3306	22146	415
G	21537	281	1
G	3307	242	6
G	3308	154	5
G	3309	119	8
G	3312	5497	68
G	3313	112	17
G	3315	130	3
G	25514	3	2
G	28608	84	2
G	3318	273	8
G	3319	66	6
G	3320	223	3
G	26003	5877	322
G	30863	9232	696
G	27491	365	8
G	17215	118	7
G	26647	4107	66
G	29921	498	6
G	27224	84	4
G	3327	205	10
G	3328	10549	277
G	25184	944	60
G	3331	808	18
G	32087	326	17
G	17216	149	8
G	3334	884	44
G	3335	156	6
G	31784	433	22
G	25458	12	9
G	24232	143	3
G	17217	1619	38
G	27352	1615	19
G	30193	220	10
G	3345	107	4
G	3346	611	17
G	23752	8510	166
G	3349	613	26
G	3351	65	5
G	3352	76	13
G	24665	130	0
G	17220	350	14
G	17221	116	1
G	3357	69	3
G	3359	109	1
G	25586	393	10
G	29290	679	16
G	3363	632	75
G	24233	18853	106
G	3366	855	14
G	21551	136	1
G	21552	319	7
G	3367	4673	733
G	3369	224	11
G	3370	614	9
G	3371	2075	76
G	32044	5344	164
G	3380	107	2
G	3381	320	10
G	3383	266	12
G	3384	445	11
G	29313	345	26
G	27498	110	1
G	17227	76	3
G	31611	263	5
G	3396	92	3
G	21556	537	7
G	3398	1026	39
G	3399	260	7
G	3400	881	57
G	28643	260	3
G	3406	657	15
G	25657	2248	148
G	26075	3916	83
G	17230	265	70
G	3407	117	1
G	28730	2388	42
G	3408	94	6
G	17232	123	3
G	17233	179	5
G	3413	294	5
G	3418	415	9
G	3420	262	11
G	17235	396	60
G	27703	403	7
G	3424	127	1
G	17236	260	3
G	25111	99	8
G	3428	1008	28
G	27631	790	5
G	3435	103	3
G	3438	397	7
G	3442	102	3
G	3443	185	2
G	21560	288	6
G	3445	206	4
G	19862	194	1
G	17240	339	6
G	3448	206	6
G	3449	322	51
G	3451	866	11
G	27537	306	7
G	28938	7257	94
G	3462	83	6
G	3470	103	3
G	3471	5313	108
G	19863	247	2
G	17244	142	31
G	28214	303	6
G	17245	112	4
G	3473	226	8
G	24952	459	42
G	3475	350	26
G	3477	139	0
G	3478	321	15
G	3479	109	1
G	3481	69	0
G	3482	152	0
G	17248	204	2
G	3488	5386	41
G	3490	3512	61
G	26648	3220	85
G	3492	1165	89
G	27870	120	2
G	3496	240	13
G	3498	112	12
G	3501	46542	973
G	3502	558	35
G	3505	113	2
G	3508	110	9
G	3509	1046	17
G	25325	5	2
G	30715	95	3
G	3512	6797	180
G	24246	78	1
G	26804	147	2
G	3517	190	20
G	3518	103	12
G	21569	4691	107
G	31985	534	30
G	3525	117	0
G	3527	327	5
G	25370	75	2
G	3531	189	12
G	26627	903	36
G	30925	1665	19
G	31954	570	19
G	17257	124	2
G	17258	832	9
G	17260	72	2
G	3541	97	5
G	19865	149	3
G	17263	122	1
G	3546	5224	766
G	3548	232	5
G	3549	2144	31
G	21573	1747	29
G	3550	2337	128
G	17264	1659	43
G	3552	301	11
G	21574	87	1
G	3553	174	8
G	3556	337	16
G	3558	2186	58
G	27162	361	53
G	21575	216	66
G	3561	4442	223
G	3563	66	0
G	3564	293	8
G	3565	81	2
G	3566	270	9
G	21577	201	7
G	25588	3843	472
G	3575	394	11
G	3577	79	2
G	3579	237	6
G	32006	1925	25
G	3582	294	20
G	3583	813	31
G	3584	67	3
G	3586	331	13
G	3587	202	6
G	3588	71	2
G	3589	2428	127
G	3590	748	24
G	28432	91	2
G	3592	158	5
G	3593	87	5
G	29551	8343	71
G	3595	201	6
G	3596	1003	55
G	3599	91	6
G	24469	155	3
G	20228	241	5
G	24204	3547	56
G	3604	328	7
G	3606	217	7
G	3609	439	78
G	21585	96	2
G	20230	235	5
G	3617	83	0
G	3618	640	35
G	3619	83	1
G	3623	724	45
G	30566	110	1
G	3624	99	2
G	28688	6276	142
G	3627	176	5
G	21589	409	9
G	26384	468	4
G	3629	591	12
G	3631	311	10
G	3632	13712	250
G	3633	67	0
G	3635	4790	62
G	17282	152	0
G	3637	138	1
G	3639	535	33
G	3642	285	14
G	3643	910	50
G	3645	83	3
G	17283	564	19
G	3647	81	3
G	26596	74	4
G	21591	99	3
G	3652	131	4
G	3655	502	12
G	24526	80	4
G	24671	71	2
G	3661	204	2
G	3664	76	1
G	3668	278	12
G	3669	71	6
G	25466	3	2
G	3674	132	5
G	3676	515	16
G	3677	122	2
G	3678	174	5
G	31013	3705	68
G	3681	166	14
G	3685	95	1
G	28537	188	7
G	3689	1214	56
G	3695	151	5
G	29071	292	2
G	3700	98	2
G	20236	5270	84
G	21595	4388	39
G	3710	66	1
G	3711	81	6
G	21596	178	1
G	3713	875	20
G	23896	77	1
G	3717	102	2
G	30483	236	6
G	3720	65	0
G	28100	6379	52
G	21598	499	18
G	3723	154	6
G	17296	68	12
G	3727	496	29
G	28011	78	1
G	3729	124	3
G	3733	2030	79
G	17301	82	2
G	3739	226	1
G	3741	7091	265
G	24968	5985	83
G	21602	156	1
G	3742	109	4
G	24916	639	7
G	29181	66	8
G	21604	76	2
G	3749	304	6
G	3751	115	7
G	17305	3261	186
G	23893	318	83
G	3758	1249	222
G	3759	868	52
G	3762	652	146
G	3763	130	4
G	3765	103	3
G	3766	2028	29
G	3768	172	2
G	29573	77	4
G	3771	213	2
G	25403	33	5
G	3773	473	10
G	3778	189	9
G	3779	198	12
G	24590	196	5
G	26398	169	1
G	3782	347	8
G	3783	734	12
G	24646	73	4
G	21611	95	0
G	3790	987	27
G	3795	265	4
G	3796	5132	108
G	17311	113	14
G	3798	148	3
G	21614	74	1
G	3806	152	1
G	3807	241	5
G	21617	1203	12
G	3810	66	1
G	26454	160	5
G	3817	399	8
G	24266	125	2
G	3818	231	18
G	17316	184	2
G	3820	112	3
G	3824	166	6
G	21622	636	15
G	3827	353	10
G	3829	194	9
G	3832	1256	56
G	3836	166	12
G	3837	213	10
G	3838	81	3
G	3839	286	10
G	3840	1495	163
G	3841	1402	18
G	3843	125	2
G	3845	2448	60
G	3848	2347	113
G	20240	372	6
G	17321	215	12
G	3851	306	6
G	17323	568	4
G	17324	2582	83
G	3857	303	8
G	21628	350	2
G	29944	934	17
G	3866	65	3
G	3868	117	3
G	3869	346	7
G	3870	5350	231
G	31431	663	31
G	3873	150	5
G	3875	220	4
G	3876	89	2
G	28844	9464	217
G	3878	166	4
G	3880	84	3
G	3881	73	4
G	3882	3578	140
G	17329	757	15
G	3884	160	2
G	3888	311	6
G	3889	67	6
G	3891	222	68
G	31597	94	6
G	3893	84	0
G	28023	77	0
G	3895	1059	47
G	3896	252	14
G	17332	1728	28
G	3900	319	2
G	25696	1359	45
G	17334	106	3
G	3901	202	7
G	3906	224	9
G	17335	95	1
G	3907	99	5
G	27246	688	120
G	3908	318	19
G	3910	166	7
G	21637	87	2
G	3911	97	3
G	3914	4368	115
G	30391	362	5
G	3916	80	3
G	28658	572	21
G	31943	138	4
G	26675	76	3
G	3920	4256	287
G	3926	120	6
G	3927	81	0
G	21641	82	1
G	29845	118	4
G	3932	199	3
G	3933	223	13
G	24309	1607	83
G	26344	107	0
G	3939	782	26
G	3942	276	6
G	21643	996	26
G	3947	144	0
G	26499	4516	56
G	3953	193	3
G	3956	1382	21
G	3958	204	18
G	3961	231	4
G	17343	249	17
G	21645	751	8
G	3963	255	2
G	3964	812	9
G	21647	23420	326
G	3977	1391	20
G	3980	89	11
G	21648	317	11
G	3982	214	25
G	3984	167	10
G	26768	499	8
G	26190	150	2
G	3992	76	4
G	30535	260	8
G	3995	147	8
G	26728	2140	34
G	25263	23	1
G	28194	148	2
G	4001	339	10
G	30629	2712	97
G	4003	127	2
G	28456	248	10
G	4007	135	4
G	4008	70	0
G	20246	6764	170
G	25411	69	1
G	4010	97	1
G	24082	404	17
G	4014	4675	68
G	4018	131	5
G	4019	1752	230
G	4020	107	2
G	4023	1198	18
G	4024	340	14
G	17350	115	1
G	4025	2280	36
G	4026	345	133
G	24247	108	1
G	29320	8739	137
G	4030	69	3
G	4031	64	5
G	4034	1738	54
G	4036	324	9
G	4038	191	3
G	4039	264	8
G	4041	3663	210
G	4044	691	27
G	4050	440	20
G	28402	896	8
G	4054	226	10
G	4055	232	25
G	31231	137	7
G	4056	746	48
G	4061	111	12
G	21660	102	3
G	21661	112	6
G	4063	555	33
G	4067	178	1
G	4069	71	4
G	17358	321	17
G	4070	78	8
G	4071	260	16
G	4074	552	23
G	4075	1030	64
G	4077	225	5
G	4087	903	34
G	4089	113	2
G	4090	85	3
G	4095	661	17
G	21667	94	3
G	28487	346	8
G	26832	74	0
G	27421	78	5
G	4107	878	52
G	4108	179	6
G	4110	235	5
G	4111	983	126
G	27991	98	10
G	20249	2136	86
G	4112	180	4
G	21670	260	13
G	4116	74	1
G	27632	78	0
G	20250	95	2
G	25895	171	2
G	4120	5017	44
G	31660	109	2
G	30756	194	6
G	4121	324	3
G	17364	138	5
G	20251	377	5
G	23918	72	26
G	4122	530	23
G	4123	186	3
G	4124	1400	72
G	20252	384	87
G	4127	677	14
G	4128	79	9
G	24259	779	8
G	21675	511	8
G	4131	56043	1242
G	17365	77	0
G	25590	235	4
G	4134	500	12
G	4138	1116	39
G	17366	296	4
G	17367	62582	1410
G	4143	1271	44
G	4144	93	6
G	25009	4689	162
G	19870	93	2
G	4147	1550	45
G	21676	150	9
G	23972	3542	128
G	4150	255	11
G	4153	80	4
G	4154	100	1
G	4155	154	17
G	17374	613	5
G	25250	8	2
G	4157	144	3
G	25033	2667	27
G	31598	1215	24
G	4159	4619	205
G	4160	2309	58
G	4161	354	7
G	4162	86	6
G	19871	174	13
G	4168	74	6
G	20258	287	7
G	4170	707	13
G	17378	716	21
G	4173	236	9
G	20259	588	7
G	25197	14	3
G	4175	517	23
G	17380	85	2
G	17381	125	14
G	28869	592	103
G	4182	412	105
G	4183	74	1
G	4184	1680	19
G	4187	427	93
G	4189	1427	29
G	4191	185	5
G	4196	79	5
G	31320	74	3
G	17383	169	2
G	21681	611	13
G	4200	1229	41
G	4202	79	5
G	29907	379	116
G	4204	869	146
G	4207	96	2
G	24448	121	12
G	17386	1684	33
G	4217	65	10
G	4219	124	4
G	21684	238	5
G	4226	136	3
G	27633	249	4
G	4233	554	43
G	4238	334	5
G	4241	329	15
G	4242	111	1
G	4246	67	2
G	4257	149	29
G	4258	396	2
G	4260	212	16
G	4262	218	5
G	4266	399	19
G	4268	153	1
G	4270	221	9
G	25155	32	2
G	4273	69	5
G	4276	297	46
G	4277	344	12
G	21691	133	0
G	4278	244	7
G	27240	87	4
G	4282	681	18
G	4283	180	3
G	27317	510	68
G	20264	370	8
G	4286	86	0
G	4287	450	5
G	4292	4534	248
G	4293	615	6
G	25242	36	3
G	17395	227	5
G	4294	91	2
G	4295	36780	931
G	4297	75	2
G	4298	186	1
G	4300	159	2
G	24381	18329	369
G	17396	340	8
G	4303	3105	49
G	25366	22	6
G	4309	1085	22
G	4311	137	4
G	21697	99	5
G	4313	227	5
G	4314	132	2
G	4316	68	3
G	4319	417	21
G	4321	296	7
G	4322	299	23
G	4324	69	2
G	4325	67	0
G	17398	2282	62
G	4327	17215	443
G	4328	92	11
G	20267	695	30
G	25178	493	12
G	4341	5989	1425
G	4346	207	3
G	4348	1715	36
G	4354	799	128
G	4356	962	18
G	4357	120	7
G	17401	111	2
G	4359	65	1
G	4363	965	32
G	4369	101	3
G	30368	730	16
G	4372	173	5
G	4373	218	6
G	4374	128	3
G	4375	263	3
G	4376	289	11
G	29136	87	0
G	4378	2102	46
G	4382	159	3
G	24761	246	2
G	4385	128	15
G	4387	191	4
G	25591	65	6
G	31098	541	73
G	4391	181	1
G	4393	370	6
G	4396	185	34
G	4401	156	2
G	4407	789	189
G	4408	332	8
G	4410	467	4
G	4411	92	6
G	32019	2113	49
G	4412	258	44
G	4414	301	9
G	20269	1664	66
G	4415	146	3
G	4416	83	3
G	4418	81	1
G	4422	247	16
G	19873	101	2
G	4428	779	61
G	25198	3523	89
G	4429	1138	28
G	4432	389	3
G	28691	1752	117
G	4433	274	4
G	4434	511	14
G	4435	198	2
G	28539	202	9
G	4438	128	3
G	17414	452	6
G	30095	439	5
G	4445	122	4
G	4446	71	0
G	28627	1567	7
G	31404	548	25
G	4452	82	3
G	4453	568	45
G	26170	117	10
G	4457	72	12
G	17418	138	3
G	4458	240	8
G	4459	170	4
G	4460	317	8
G	4461	84	5
G	4466	4112	76
G	20274	98	2
G	28824	1245	226
G	4471	184	11
G	4473	1126	35
G	4475	176	9
G	29223	103	3
G	4477	76	3
G	4482	639	116
G	4485	215	1
G	21714	126	1
G	4491	444	5
G	4493	151	0
G	25484	46	6
G	4501	70	1
G	28394	80	1
G	4504	464	4
G	17427	117	1
G	4505	2040	20
G	28655	1862	33
G	4507	140	1
G	4511	1739	26
G	17428	71	2
G	4512	8566	134
G	21717	16030	256
G	4514	155	3
G	20276	67	2
G	17430	112	6
G	4521	443	10
G	4522	193	5
G	23866	135	2
G	21718	1408	25
G	4525	155	9
G	4526	139	3
G	4530	585	30
G	29544	824	11
G	4531	1602	85
G	4535	72	1
G	20278	156	6
G	4536	215	60
G	4538	68	1
G	17433	81	0
G	31878	446	5
G	4541	1521	93
G	4543	3597	161
G	4549	307	5
G	20279	109	2
G	4551	172	3
G	4554	118	3
G	4555	4357	142
G	4557	65	1
G	4559	275	9
G	31151	395	23
G	4561	315	15
G	4562	274	4
G	23759	110	6
G	4565	1479	68
G	4569	73	3
G	21724	8310	356
G	4571	237	5
G	4572	198	3
G	20281	129	0
G	25140	5761	79
G	4574	67	2
G	4578	8885	109
G	4579	205	6
G	4581	219	4
G	21726	109	8
G	4583	557	7
G	4584	160	6
G	4588	384	21
G	4589	335	12
G	17443	1761	25
G	4590	316	5
G	20283	227	2
G	4592	74	4
G	4594	28096	765
G	4595	233	3
G	4597	1088	219
G	4599	8423	162
G	4600	1537	48
G	4601	1171	23
G	4604	65	1
G	28759	233	1
G	4607	80	1
G	4608	637	13
G	4609	509	43
G	21729	138	2
G	28492	160	7
G	21731	346	11
G	28014	83	0
G	4616	70	1
G	25046	359	15
G	4620	166	0
G	4621	218	16
G	4628	102	4
G	26251	151	3
G	4630	107	5
G	4631	889	24
G	4632	188	10
G	25404	11	2
G	4636	76	3
G	4637	216	16
G	21733	24878	1018
G	17448	90	2
G	4641	112	2
G	17449	394	8
G	4649	497	30
G	21736	8405	193
G	26142	77	2
G	4654	792	7
G	25899	167	3
G	25171	3239	169
G	21739	124	14
G	4657	1616	282
G	4658	243	1
G	17451	405	6
G	21740	323	7
G	4661	2050	306
G	20287	134	3
G	4662	3044	36
G	4663	279	1
G	4664	225	8
G	30768	84	24
G	4668	74	1
G	4669	382	7
G	27891	371	21
G	4671	923	20
G	4673	185	31
G	17452	723	8
G	4674	335	9
G	20290	2098	48
G	4676	165	8
G	4680	149	5
G	4688	1243	94
G	17458	357	4
G	4693	254	4
G	4697	764	37
G	4699	291	8
G	4704	1340	28
G	26693	1814	72
G	29370	144	2
G	17460	4012	695
G	4710	190	5
G	4713	125	6
G	29666	78	1
G	4721	122	2
G	4723	188	3
G	21748	204	3
G	4727	98	2
G	4728	245	11
G	4735	75	3
G	26464	78	3
G	31165	376	2
G	21750	115	5
G	4742	133	4
G	21751	104	13
G	4744	456	31
G	21753	693	14
G	4745	153	4
G	4747	364	18
G	4748	1534	16
G	4749	148	2
G	4752	2763	389
G	4754	87	2
G	20293	231	17
G	4759	362	5
G	17467	363	11
G	4762	285	12
G	17470	153	41
G	24706	1066	50
G	21755	83	1
G	4770	68	1
G	4773	122	8
G	4774	1179	111
G	4775	197	10
G	4776	268	4
G	4780	106	1
G	26202	2571	84
G	4782	68	0
G	17473	86	1
G	4784	70	1
G	17475	201	3
G	4786	1590	5
G	4788	117	4
G	17478	92	1
G	17480	267	10
G	17481	313	6
G	30599	89	3
G	21758	16597	281
G	4799	252	21
G	17483	156	15
G	29433	90	1
G	20298	93	6
G	4801	113	1
G	27965	5574	96
G	21760	79	6
G	25829	829	16
G	17484	107	8
G	4804	501	27
G	4805	79	4
G	4806	205	6
G	4808	198	3
G	21761	70	0
G	4813	1994	73
G	25255	52	4
G	4816	573	11
G	4817	271	2
G	24565	814	6
G	4822	287	5
G	20302	601	5
G	4831	160	29
G	4833	119	4
G	4837	111	2
G	4838	669	35
G	4839	98	6
G	4844	127	2
G	4848	68	3
G	25360	4	2
G	4853	443	29
G	21764	197	15
G	21007	748	8
G	4857	131	23
G	17492	210	4
G	21767	98	1
G	4860	158	4
G	4862	277	24
G	17493	1893	33
G	4864	174	1
G	17494	7629	69
G	30216	820	16
G	4867	1505	286
G	17495	125	3
G	4872	253	0
G	21769	98	3
G	4874	5365	64
G	21770	234	2
G	24933	1176	49
G	21771	226	6
G	20304	76	0
G	4883	18229	236
G	17498	1360	32
G	4888	304	5
G	26805	838	22
G	4890	434	7
G	4893	224	2
G	4897	990	61
G	28988	1235	27
G	21774	13751	228
G	4902	416	27
G	4903	932	34
G	21775	192	9
G	4905	139	5
G	25593	1161	142
G	4912	98	3
G	31930	1305	36
G	30450	427	11
G	4915	3304	56
G	4916	172	4
G	4918	105	1
G	17500	1335	15
G	21780	103	1
G	4923	71	3
G	4924	246	2
G	17502	334	9
G	4931	794	147
G	4935	1437	15
G	25506	130	1
G	4943	445	4
G	4945	2381	46
G	4947	160	6
G	4949	109	5
G	4950	83	0
G	21786	68	2
G	21787	396	5
G	21788	234	7
G	4952	216	4
G	25902	1684	27
G	24037	79	2
G	21789	87	3
G	4954	454	12
G	20308	68	1
G	4955	96	3
G	4956	1246	193
G	21790	130	5
G	21791	131	2
G	4959	1039	46
G	4961	442	8
G	21793	69	13
G	4965	542	18
G	4967	1466	16
G	29193	432	8
G	24213	404	8
G	20309	193	5
G	4970	343	14
G	4972	160	3
G	4973	97	9
G	17509	184	3
G	4976	489	14
G	21795	364	11
G	17511	244	1
G	4977	129	2
G	4978	88	3
G	4981	948	7
G	4982	1165	17
G	17512	204	6
G	17513	108	4
G	4983	185	4
G	26126	149	3
G	4985	156	20
G	4987	159	7
G	31252	1377	16
G	4990	262	28
G	4991	379	13
G	17517	133	6
G	4993	249	9
G	21798	83	9
G	31702	97	2
G	4997	81	1
G	5006	691	17
G	5009	450	31
G	5011	2442	63
G	5012	298	11
G	17521	1240	36
G	25425	334	13
G	5021	217	5
G	29629	2034	97
G	20314	590	8
G	5023	803	48
G	5024	394	5
G	30145	150	1
G	5031	124	3
G	5033	232	7
G	5034	121	5
G	5035	211	10
G	5038	569	12
G	21800	66	4
G	25179	2737	46
G	5043	987	37
G	5044	84	2
G	5050	175	8
G	5054	152	14
G	30897	123	2
G	5057	248	22
G	5058	108	2
G	5061	135	1
G	27634	74	12
G	5062	160	13
G	5064	104	1
G	5066	2107	45
G	21803	80	6
G	21804	92	0
G	5067	127	17
G	17531	702	9
G	5069	524	7
G	17532	362	23
G	5070	110	5
G	30342	451	10
G	21805	8512	78
G	5074	423	22
G	23984	10145	1682
G	21806	215	4
G	31846	167	4
G	5079	166	5
G	5085	281	17
G	27583	69	0
G	21809	915	17
G	5094	7393	103
G	5096	300	12
G	5097	2278	90
G	28165	1637	14
G	28636	171	5
G	5104	87	1
G	30313	1767	24
G	5105	3347	65
G	5112	424	24
G	25853	1345	18
G	17536	140	2
G	5117	876	23
G	5119	1177	161
G	5121	398	8
G	5123	128	3
G	5126	467	8
G	5129	153	4
G	31581	165	3
G	20316	315	6
G	21815	74	1
G	5132	5252	127
G	5133	91	1
G	5135	256	12
G	5138	3706	48
G	30283	1023	34
G	5143	125	11
G	5145	300	1
G	28970	120	4
G	25428	221	3
G	30717	121	2
G	5147	8999	175
G	25064	350	2
G	5148	1595	43
G	5149	5137	70
G	21817	416	12
G	21818	3756	117
G	5155	84	5
G	24609	476	9
G	5162	70	8
G	5163	94	5
G	17545	2179	24
G	5164	1848	101
G	5166	215	8
G	5167	97	4
G	24907	69	6
G	5168	799	21
G	25597	160	3
G	5169	9051	161
G	5171	424	29
G	5173	3539	51
G	21822	2242	43
G	5178	78	1
G	5179	308	9
G	5180	4129	219
G	28523	240	3
G	5182	513	18
G	5183	160	4
G	5184	215	2
G	5185	139	16
G	5186	1483	88
G	28128	224	4
G	5187	113	6
G	29291	175	1
G	5194	237	39
G	21824	4667	71
G	5199	661	30
G	27906	1151	38
G	21826	138	2
G	5208	300	11
G	17552	301	3
G	5211	165	6
G	17553	213	13
G	5213	3858	59
G	17554	484	7
G	28388	435	5
G	5217	193	25
G	5218	87	5
G	5223	200	12
G	26422	4282	94
G	5227	105	2
G	17557	94	1
G	25905	480	19
G	5233	171	13
G	5234	103	3
G	20322	386	8
G	5235	21199	405
G	25266	20	4
G	5236	202	8
G	5237	390	12
G	5240	765	16
G	5241	7430	76
G	5243	89	5
G	31787	2457	139
G	5244	77	4
G	29299	511	6
G	5248	616	12
G	5249	260	11
G	21009	278	1
G	5259	276	9
G	21837	98	6
G	5265	103	0
G	5268	316	10
G	5274	674	153
G	25418	2	2
G	5276	160	5
G	5280	87	1
G	25485	211	7
G	28743	1929	49
G	17567	86	0
G	5287	246	5
G	5288	68	0
G	21843	171	6
G	5289	855	26
G	28294	342	4
G	5290	66	6
G	5292	6365	163
G	21845	3222	175
G	5293	79	8
G	19885	112	1
G	5304	296	8
G	20324	197	6
G	5314	161	6
G	5317	80	0
G	5319	657	15
G	5323	526	12
G	25658	78	2
G	20325	940	29
G	5325	137	2
G	25279	3	2
G	17577	178	2
G	5328	1054	114
G	5331	85	4
G	5333	2992	255
G	5335	447	11
G	21856	4765	456
G	17584	175	6
G	17585	211	20
G	5342	156	18
G	5348	211	14
G	23894	422	7
G	5352	1620	42
G	30750	712	13
G	20329	977	5
G	5354	80	1
G	5356	2091	16
G	5358	133	3
G	20331	103	3
G	17589	218	10
G	5360	409	24
G	5363	107	3
G	25907	800	24
G	5364	11211	25
G	28129	79	3
G	5365	65	1
G	5366	14945	287
G	5369	79	2
G	5374	438	13
G	5377	181	5
G	5379	180	21
G	5382	101	2
G	17595	12124	272
G	5383	198	3
G	5384	511	13
G	21864	93	0
G	5389	566	6
G	21865	78	0
G	5394	1701	90
G	5395	1155	8
G	17596	255	1
G	5397	243	23
G	5398	7835	248
G	5399	394	32
G	5401	1969	57
G	5404	1534	16
G	5405	111	1
G	17600	132	3
G	27256	1215	21
G	5419	2131	41
G	27400	155	10
G	5425	151	3
G	5428	74	3
G	5432	182	1
G	17603	70	2
G	5433	1149	66
G	5435	1113	6
G	29004	1375	69
G	5436	3598	309
G	5437	173	12
G	5438	1691	64
G	5443	534	27
G	5446	304	17
G	5447	168	7
G	5449	108	0
G	5450	203	3
G	21871	855	3
G	5454	1231	36
G	28617	551	33
G	17605	372	6
G	5457	104	2
G	26262	69	1
G	5460	74	2
G	27056	439	33
G	26429	279	0
G	25854	1635	47
G	5463	109	5
G	17607	80	2
G	5466	739	14
G	28524	782	12
G	20336	110	5
G	5470	78	3
G	5471	66	4
G	5472	206	5
G	5480	89	2
G	17611	499	19
G	25910	89	1
G	5482	7950	201
G	5483	641	32
G	5484	810	59
G	5485	126	12
G	5489	13652	396
G	5491	234	12
G	5493	98	2
G	5494	24530	394
G	5498	511	26
G	24356	151	2
G	24728	506	5
G	5501	111	7
G	25045	2054	40
G	5505	739	14
G	30718	499	6
G	27856	4291	252
G	31800	5210	771
G	29104	369	7
G	21883	67	2
G	5509	13757	381
G	24939	101	4
G	5510	370	32
G	5511	189	7
G	5512	200	4
G	5513	3160	68
G	17623	254	4
G	23712	104	4
G	31016	109	8
G	20339	91	2
G	27057	408	9
G	5520	94	0
G	29932	6217	74
G	26079	16144	293
G	5522	371	24
G	5525	75	3
G	5526	243	18
G	21885	1183	43
G	17626	132	0
G	17628	69	3
G	21888	278	9
G	5528	79	1
G	5531	139	12
G	5534	535	52
G	5535	393	9
G	25141	83	5
G	5536	153	3
G	23864	105	6
G	17632	76	0
G	5545	7418	517
G	5546	287	18
G	5549	297	4
G	5550	78	0
G	5552	67	0
G	20341	300	14
G	5556	159	9
G	5558	70	2
G	5559	101	3
G	5561	213	8
G	5564	524	15
G	5565	118	3
G	5566	701	7
G	5567	6790	137
G	5568	633	54
G	5571	94	1
G	5572	548	21
G	5573	114	2
G	5574	424	22
G	25213	2	0
G	5576	95	8
G	32012	599	13
G	21896	114	2
G	5581	329	7
G	24366	330	10
G	17637	208	8
G	20343	395	6
G	5586	635	23
G	5591	2415	115
G	5594	3246	48
G	17638	67	0
G	5599	1430	22
G	17642	76	2
G	5605	92	5
G	25659	78	1
G	5609	285	20
G	21899	149	1
G	5613	81	2
G	5615	86	8
G	5617	323	4
G	5618	137	2
G	17645	3894	310
G	27708	314	7
G	5620	223	15
G	28461	162	1
G	29124	1191	27
G	23935	1721	52
G	5621	857	25
G	31274	187	6
G	30787	668	8
G	5628	152	4
G	5629	397	10
G	5632	289	5
G	17647	216	7
G	24293	361	16
G	5636	102	1
G	5640	1155	73
G	5641	379	13
G	5650	3376	216
G	17648	1084	21
G	5653	87	1
G	24268	329	3
G	28604	181	12
G	20348	223	3
G	5656	5275	242
G	5657	295	16
G	5659	241	3
G	21905	128	1
G	25912	83	8
G	5662	88	1
G	17650	69	7
G	20349	82	0
G	5668	109	1
G	5670	81	4
G	5671	127	1
G	17653	2880	87
G	20352	181	44
G	5678	6502	48
G	5680	173	1
G	17655	84	1
G	5682	3546	79
G	5683	66	0
G	5685	81	2
G	5686	2249	225
G	5689	967	11
G	5691	968	52
G	25708	145	25
G	27621	123	4
G	5694	172	4
G	25089	145	6
G	5699	143	6
G	27284	825	158
G	5706	985	28
G	5707	135	2
G	5710	87	1
G	5712	2767	30
G	5713	10985	296
G	17658	123	5
G	5715	25619	481
G	5716	70	2
G	5717	2053	413
G	5719	78	2
G	5723	771	94
G	17659	307	2
G	25271	38	5
G	5725	268	7
G	17661	72	10
G	5734	2287	120
G	5735	65	2
G	5736	71	2
G	17662	209	5
G	17663	266	9
G	17664	127	0
G	5739	284	11
G	5747	78	0
G	5749	20291	440
G	5753	605	122
G	17669	508	6
G	5756	7998	180
G	5759	76	4
G	5762	94	2
G	29672	791	34
G	17670	196	7
G	5767	635	9
G	31993	713	15
G	5769	104	1
G	5772	115	3
G	31321	270	5
G	17673	96	1
G	5776	618	8
G	5777	156	7
G	5778	108	5
G	5779	164	1
G	21922	148	1
G	5781	103	3
G	24295	2702	45
G	27907	923	23
G	5787	95	3
G	29210	2789	46
G	5791	119	1
G	5792	127	8
G	5795	2106	47
G	5797	442	13
G	5798	10310	2241
G	30797	114	2
G	17678	424	5
G	5799	385	50
G	5800	189	1
G	5801	159	3
G	5803	97	10
G	5807	68	3
G	24496	141	2
G	5808	305	5
G	17682	175	12
G	5810	428	11
G	17683	1906	38
G	5812	135	0
G	5813	2632	119
G	5814	405	5
G	31714	2133	29
G	5816	1172	114
G	27686	159	6
G	21928	75	6
G	5819	84	5
G	29784	1051	28
G	30579	127	0
G	5821	200	4
G	27014	1976	45
G	21930	104	5
G	5823	207	3
G	26216	117	0
G	23937	297	1
G	21932	227	14
G	29005	89	3
G	30678	129	4
G	5826	465	21
G	19895	107	2
G	5830	119	4
G	5831	194	8
G	21933	2782	59
G	17690	163	2
G	25467	65	2
G	31773	2293	60
G	5833	322	8
G	5835	95	7
G	5836	317	24
G	20363	75	2
G	5837	2589	49
G	5838	155	5
G	25507	13	4
G	5848	98	0
G	29137	120	0
G	5852	929	28
G	25340	20	4
G	26653	485	30
G	5855	1101	20
G	5857	147	2
G	5858	835	11
G	17693	149	4
G	5866	101	0
G	5867	3134	59
G	24959	2138	174
G	5870	4833	672
G	5871	761	14
G	27191	150	13
G	5878	387	14
G	5880	69	4
G	5881	158	0
G	5884	4627	61
G	5887	271	6
G	17695	68	0
G	17696	98	14
G	5889	141	9
G	30011	87	1
G	21939	106	12
G	21940	103	7
G	17697	67	4
G	5890	5202	101
G	5891	123	1
G	5894	817	7
G	5895	75	1
G	5899	298	4
G	5901	382	12
G	31916	3790	69
G	26354	603	18
G	17701	1321	23
G	21945	95	11
G	5912	1205	29
G	25301	92	3
G	5914	193	3
G	29776	114	4
G	5918	78	4
G	5923	67	12
G	17703	122	5
G	5926	378	10
G	17704	76	9
G	24338	74	1
G	5929	166	11
G	21950	980	17
G	5933	145	12
G	5934	11504	74
G	5936	812	38
G	5938	92	7
G	5939	72	3
G	5941	1375	45
G	29481	106	1
G	5942	2220	500
G	5944	17356	746
G	5950	1333	47
G	28979	2452	44
G	5951	416	11
G	5954	82	6
G	26364	132	12
G	19896	108	4
G	5957	87	3
G	5962	92	1
G	5965	43080	833
G	5966	74	0
G	5967	381	11
G	17711	6820	580
G	5974	70	1
G	5978	727	9
G	5979	22387	634
G	5980	360	4
G	17713	146	2
G	5983	753	12
G	5984	424	18
G	27257	498	3
G	28783	1159	6
G	29674	81	6
G	5993	390	7
G	25547	2	1
G	5998	486	114
G	29273	196	4
G	5999	141	6
G	25435	38	9
G	17723	320	13
G	6004	72	0
G	6005	1260	14
G	24367	188	5
G	6007	309	7
G	6008	85	11
G	6009	623	18
G	17724	273	16
G	6012	10018	218
G	21957	385	12
G	6015	1352	20
G	6017	419	9
G	17727	126	3
G	6019	1774	43
G	23713	77	10
G	25193	19	4
G	21959	530	11
G	6022	176	12
G	21960	1205	29
G	6024	101	0
G	6025	834	11
G	6026	68	2
G	6027	2599	34
G	6030	136	5
G	21961	98	1
G	6032	301	24
G	25914	11951	142
G	6034	123	10
G	6035	321	7
G	6036	78	1
G	29194	169	9
G	6040	102	2
G	17730	72	2
G	6044	148	5
G	6046	169	14
G	17732	134	0
G	30330	297	5
G	29947	72	17
G	6050	1555	70
G	17733	164	4
G	25915	83	18
G	6054	1506	22
G	6056	282	8
G	6058	298	128
G	6059	474	13
G	6060	127	0
G	30758	563	10
G	6068	233	6
G	27501	116	4
G	6072	96	3
G	21966	744	25
G	6076	3992	63
G	21967	1807	32
G	6079	364	8
G	17740	134	9
G	6083	439	49
G	29816	75	2
G	17741	9299	213
G	6085	16739	217
G	6086	80	2
G	6087	99	6
G	25302	5	2
G	6089	115	0
G	6091	121	10
G	24729	406	7
G	21969	713	72
G	6093	150	7
G	31873	325	5
G	23959	895	25
G	31562	77	3
G	27652	187	15
G	24666	80	0
G	6101	369	29
G	6102	376	28
G	17747	1418	8
G	6104	1678	365
G	28583	170	1
G	6107	149	0
G	6109	492	40
G	6111	74	2
G	21973	739	23
G	6114	107	7
G	30331	204	7
G	6115	4589	72
G	6116	69	0
G	6119	91	3
G	6120	78	0
G	6124	648	9
G	6125	1254	36
G	21977	290	4
G	6131	107	3
G	24854	129	3
G	17754	138	4
G	21978	87	7
G	26113	162	3
G	20378	712	17
G	6137	128	9
G	6138	986	15
G	6139	265	7
G	24566	90	3
G	29317	163	3
G	6143	7342	140
G	6145	240	9
G	21983	131	2
G	19899	1243	31
G	6149	229	4
G	25552	10	2
G	25468	6	5
G	6154	182	5
G	17761	240	7
G	6157	534	61
G	21984	177	7
G	26161	367	6
G	25185	34	5
G	6161	112	2
G	6163	131	3
G	6169	351	46
G	6176	255	11
G	24980	235	1
G	6180	361	11
G	6181	531	7
G	31489	599	12
G	17765	1244	6
G	6184	253	17
G	6185	81	15
G	6186	67	1
G	6191	1121	61
G	6192	97	15
G	23992	361	21
G	24236	6706	123
G	6198	71	0
G	6204	1006	46
G	6206	163	7
G	6207	78	0
G	23768	16721	446
G	6213	666	15
G	6216	343	13
G	25303	125	6
G	17768	9426	222
G	28261	533	10
G	6218	213	3
G	6219	190	11
G	6220	8138	675
G	24506	347	2
G	6221	123	5
G	6222	1281	130
G	6223	97	4
G	6224	1592	109
G	6225	149	4
G	6228	150	10
G	6229	87	2
G	21990	96	4
G	6234	257	9
G	25532	22	3
G	21993	219	3
G	17772	67	0
G	24550	11074	291
G	6238	5371	23
G	17774	88	6
G	28581	637	34
G	27909	113	5
G	6248	107	4
G	6249	104	4
G	6250	73	1
G	6252	85	8
G	6256	91	4
G	6259	100	3
G	30809	176	9
G	27502	851	13
G	6265	1394	36
G	17777	156	2
G	30433	921	11
G	6273	100	0
G	6275	820	52
G	6279	111	7
G	6283	261	8
G	6285	71	3
G	22004	121	0
G	30103	90	17
G	6288	72	5
G	6291	2541	102
G	6293	115	0
G	6294	1337	78
G	6295	107	2
G	6296	86	6
G	22006	307	16
G	6297	110	3
G	6299	97	3
G	6304	112	2
G	25548	36	4
G	6308	116	4
G	19900	67	2
G	17783	1449	31
G	25503	5	4
G	22009	2061	58
G	6319	240	4
G	6322	67	2
G	19901	204	4
G	6323	77	2
G	6328	165	1
G	6329	118	3
G	6331	982	19
G	17785	5550	141
G	30659	133	7
G	22012	470	10
G	6338	818	58
G	25749	431	18
G	6340	222	8
G	27288	625	46
G	22014	2566	63
G	6343	98	0
G	6344	780	6
G	6345	139	13
G	17788	3175	191
G	28039	715	42
G	31630	92	1
G	6347	252	1
G	6348	1050	109
G	25599	75	21
G	6354	103	5
G	6355	101	2
G	6357	617	9
G	6360	10365	734
G	20390	136	2
G	30411	225	5
G	6362	106	2
G	6363	2384	43
G	6364	305	11
G	6365	54150	887
G	6367	307	11
G	26549	342	3
G	6372	122	0
G	6376	2589	199
G	25486	3757	47
G	26456	86	2
G	6380	1219	53
G	6381	807	60
G	6382	75	1
G	6383	116	1
G	6386	148	0
G	29329	110	1
G	6387	2139	26
G	6389	119	15
G	6391	1192	12
G	6394	139	8
G	17799	338	6
G	24281	5974	153
G	22016	1602	28
G	22017	71	3
G	6403	1363	15
G	6404	798	28
G	6405	1595	28
G	22020	81	1
G	6409	93	11
G	6410	141	7
G	6412	366	12
G	29865	3258	54
G	6414	113	5
G	6416	126	4
G	6420	836	13
G	6422	125	7
G	17803	69	2
G	25508	6	6
G	6425	1083	198
G	20394	303	6
G	6428	102	2
G	6432	430	7
G	29801	70	13
G	31367	837	13
G	6433	564	28
G	6435	91	2
G	6436	720	14
G	6437	261	12
G	6438	137	4
G	24207	864	16
G	17807	141	1
G	22027	102	4
G	29292	74	3
G	6448	1932	35
G	6452	198	6
G	25469	5	2
G	6455	99	2
G	28946	65	0
G	6458	73	9
G	22034	12159	820
G	6460	172	5
G	6461	428	6
G	20395	74	1
G	31913	98	3
G	6471	8731	115
G	6478	973	83
G	25431	112	2
G	28795	68	20
G	6485	222	6
G	6486	562	8
G	6487	120357	1459
G	17815	132	6
G	6489	205	2
G	27636	362	7
G	6490	73	8
G	6491	168	4
G	6492	3201	167
G	6493	10025	97
G	6495	1409	23
G	6497	4253	214
G	6501	3000	92
G	6503	74	1
G	6505	788	20
G	6507	160	8
G	6508	329	13
G	6510	185	2
G	6512	1641	98
G	6514	7020	82
G	6516	564	18
G	22038	110	4
G	6519	123	2
G	6520	207	4
G	6524	375	12
G	6527	191	2
G	6528	1733	170
G	28807	93	2
G	25099	1088	47
G	29030	451	5
G	6532	110	4
G	6533	114	5
G	6534	677	34
G	29984	322	14
G	6539	237	15
G	6543	356	4
G	6544	2845	60
G	17820	81	1
G	6547	69	17
G	6549	226	10
G	6550	120	0
G	6554	220	4
G	27354	330	5
G	6557	305	4
G	6560	335	40
G	6561	19615	1748
G	6562	4622	130
G	6563	224	3
G	17823	307	8
G	6565	106	6
G	17825	69	4
G	6567	183	41
G	6568	460	8
G	24145	4526	151
G	6571	1085	32
G	6574	91	1
G	6575	2836	68
G	25918	1073	33
G	6579	89	2
G	6581	378	34
G	28355	718	11
G	6586	243	4
G	6588	351	13
G	6589	118	4
G	26114	447	1
G	30660	1060	6
G	6592	160	4
G	6593	225	6
G	28434	106	4
G	17829	5465	281
G	6599	481	98
G	31600	172	7
G	6601	5225	92
G	17830	71	3
G	17831	206	7
G	6604	451	6
G	6605	89	3
G	28675	100	31
G	6607	191	3
G	17834	229	2
G	17839	72	2
G	22055	965	17
G	6616	163	7
G	6617	343	3
G	17840	2120	59
G	6620	111	3
G	6621	1776	12
G	6623	173	24
G	25214	26	1
G	6627	21852	536
G	6630	11359	742
G	6632	110	2
G	6634	1776	33
G	6635	451	46
G	26996	145	9
G	6639	117	0
G	6643	388	6
G	6644	127	2
G	6648	239	15
G	22059	115	3
G	24513	7308	258
G	17844	596	8
G	6654	986	13
G	6655	70	3
G	23920	4473	87
G	24543	587	2
G	6656	98	4
G	6661	170	12
G	6663	1945	16
G	6664	413	9
G	6666	256	5
G	17847	607	8
G	6669	480	6
G	6673	914	6
G	29318	159	4
G	6676	99	1
G	6677	119	16
G	27823	3238	57
G	6680	113	8
G	26092	72	6
G	6681	107	8
G	24702	304	5
G	22068	94	5
G	6683	102	1
G	6685	105	3
G	24544	194	4
G	6688	74	2
G	6689	445	29
G	6690	616	2
G	22069	786	20
G	6693	102	7
G	22070	207	2
G	6694	127	6
G	20407	882	179
G	6697	1162	17
G	6698	244	1
G	6701	355	10
G	6702	245	5
G	17852	3451	119
G	6704	152	0
G	22071	146	1
G	6705	1510	32
G	6708	742	10
G	20409	458	34
G	6710	114	4
G	6712	104	4
G	6713	133	3
G	6714	331	15
G	6715	102	12
G	6716	207	2
G	6717	71	13
G	6719	89	22
G	6720	81	3
G	6723	3174	134
G	6724	866	13
G	6728	573	7
G	6729	390	14
G	6732	885	46
G	20412	85	3
G	6742	647	9
G	6743	72	3
G	26699	235	5
G	6745	80	3
G	23890	93	4
G	17860	110	3
G	6756	501	15
G	17861	71	3
G	6763	372	18
G	6766	67	2
G	6768	412	58
G	20413	4127	107
G	6773	2217	18
G	17862	378	22
G	6776	79	2
G	6781	463	10
G	6787	228	4
G	6788	261	14
G	6789	233	12
G	23868	154	13
G	6790	2021	92
G	31917	79	0
G	28611	97	1
G	6796	70	1
G	6798	211	18
G	6800	3710	125
G	22087	74	7
G	6806	68	2
G	24419	5642	97
G	29321	78	5
G	31753	368	9
G	6811	134	10
G	22088	186	2
G	6813	241	16
G	22093	353	17
G	20415	778	12
G	6822	147	0
G	6824	387	4
G	6825	954	35
G	6827	203	48
G	28685	154	4
G	6830	688	11
G	6835	853	22
G	6843	848	20
G	17874	173	28
G	6844	898	251
G	6846	409	12
G	6847	1977	189
G	6852	122	6
G	6854	210	2
G	22100	361	45
G	28747	629	19
G	25487	1	1
G	17877	69	1
G	24227	118	2
G	6860	206	10
G	6861	76	3
G	6862	385	7
G	6863	74	2
G	6864	68	2
G	6867	385	37
G	17879	155	8
G	6868	76	2
G	23774	287	6
G	6871	120	2
G	6872	97	16
G	22104	417	10
G	22105	373	16
G	25361	3	2
G	30918	66	1
G	26034	66	2
G	6876	231	6
G	26009	94	4
G	6881	832	10
G	6883	119	6
G	6884	263	12
G	26431	391	9
G	6885	100	2
G	31019	339	3
G	27298	301	25
G	6889	3105	45
G	6890	148	12
G	20419	178	31
G	6894	281	17
G	6897	1488	28
G	6899	1120	12
G	17884	356	3
G	25341	28	3
G	6900	132	3
G	22107	298	3
G	6901	120	2
G	6907	269	8
G	6909	75	1
G	23776	121	18
G	6910	99	2
G	6911	388	5
G	28239	75	0
G	6914	344	7
G	6917	109	5
G	17885	85	2
G	6924	200	4
G	17886	88	8
G	31631	825	30
G	25439	2	0
G	6929	163	4
G	6930	86	6
G	6931	2466	38
G	6933	339	17
G	6934	104	8
G	6936	102	2
G	6937	86	8
G	6939	380	8
G	6942	86	0
G	6943	181	3
G	17889	213	7
G	31745	152	2
G	27058	5127	54
G	6947	66	13
G	17892	1481	22
G	17893	7034	129
G	6948	156	48
G	6949	309	9
G	6951	2424	80
G	25660	81	4
G	27015	1252	13
G	17896	576	4
G	30661	101	2
G	6961	278	9
G	25207	78	6
G	6964	6025	217
G	6965	87	2
G	6969	235	2
G	6971	225	6
G	6973	591	100
G	29682	3989	131
G	22113	162	1
G	6979	199	3
G	22116	142	7
G	22118	417	6
G	6984	1121	48
G	30662	144	3
G	6987	93	1
G	6991	79	0
G	6992	157	16
G	25195	10	2
G	6998	478	7
G	7000	750	17
G	7001	280	8
G	7006	404	11
G	7011	108	3
G	30299	3023	15
G	30291	969	53
G	7013	80	1
G	7019	68	1
G	7022	303	9
G	7024	79	3
G	7025	359	10
G	7026	222	3
G	7027	133	6
G	7029	112	2
G	22124	96	6
G	31802	120	3
G	7033	309	4
G	22125	1720	11
G	17917	138	4
G	7034	715	15
G	29472	393	10
G	7036	917	29
G	32048	2062	47
G	29506	122	6
G	7039	464	19
G	7041	742	19
G	7043	8858	211
G	32074	255	20
G	22128	2846	53
G	7046	151	8
G	7051	312	3
G	7052	1221	29
G	7054	326	8
G	17921	66	0
G	7055	315	7
G	25224	11	1
G	25601	83	31
G	7058	195	9
G	22132	330	5
G	7062	85	4
G	7064	3263	91
G	20429	72	0
G	7070	561	9
G	7071	366	21
G	17923	115	3
G	7074	228	50
G	17926	177	22
G	27122	278	4
G	25603	164	2
G	7079	1073	54
G	22138	419	2
G	25362	80	2
G	7087	114	35
G	7091	364	15
G	7092	1873	92
G	7097	65	1
G	31393	344	7
G	25149	1883	113
G	7098	191	10
G	7099	72	3
G	17930	85	7
G	17931	122	6
G	7103	1382	160
G	7104	66	1
G	31962	585	28
G	7105	100	13
G	7106	1122	25
G	7110	133	12
G	7111	10396	457
G	20432	1040	111
G	7113	150	1
G	25293	2006	122
G	7114	102	1
G	7115	223	4
G	7116	98	2
G	7117	80	1
G	27586	624	28
G	7120	103	3
G	7121	81	3
G	31106	187	51
G	7123	1084	45
G	7124	4850	69
G	7125	75	0
G	7127	78	0
G	7130	499	12
G	7134	535	12
G	28217	103	6
G	7137	117	4
G	26679	83	1
G	7145	876	56
G	7148	102	1
G	28601	83	2
G	7151	2605	119
G	19911	194	4
G	7152	26860	533
G	7155	67	0
G	7157	215	7
G	7158	125	1
G	7160	133	9
G	7161	1136	38
G	7166	700	16
G	7167	269	4
G	7169	119	3
G	7170	249	5
G	22152	266	1
G	30645	322	4
G	7173	130	3
G	7175	77	2
G	7176	756	59
G	7180	266	14
G	20436	148	0
G	7182	765	12
G	7183	10847	173
G	17943	1165	18
G	7184	674	151
G	7185	221	9
G	7186	90	3
G	25509	22	2
G	7188	181	2
G	29622	421	7
G	7194	5603	197
G	7195	1903	29
G	7196	126	1
G	25158	12	1
G	7198	689	26
G	30431	103	1
G	7203	349	10
G	7209	787	28
G	25387	9	1
G	32051	8377	168
G	7213	2028	27
G	31847	1296	39
G	7219	126	3
G	7222	358	3
G	17954	269	4
G	7224	134	7
G	7226	225	12
G	20439	68	1
G	26823	1282	11
G	17955	179	15
G	7232	8569	541
G	7233	316	4
G	7234	284	3
G	22163	488	123
G	7238	205	31
G	17958	3976	81
G	7243	34089	692
G	27544	351	3
G	7247	364	3
G	29623	150	9
G	20440	21337	438
G	7249	2574	512
G	20441	110	2
G	7250	696	28
G	7251	126	7
G	17961	120	5
G	17962	91	4
G	17963	310	43
G	7256	65	2
G	24071	901	32
G	20443	112	8
G	24463	68	20
G	27309	687	116
G	29949	181	2
G	30947	233	3
G	7268	68	1
G	28208	5069	103
G	17965	77	3
G	7269	1804	59
G	17966	118	4
G	30344	271	9
G	30405	161	2
G	17968	1647	99
G	7281	68	7
G	7283	1877	209
G	7286	154	5
G	28463	2135	48
G	7289	48376	1024
G	7290	70	2
G	7291	115	4
G	7292	1925	95
G	26621	4022	80
G	7295	255	13
G	7296	143	8
G	7297	142	10
G	7302	6074	100
G	7303	112	2
G	7304	839	24
G	27459	5598	248
G	24851	80	0
G	7307	136	5
G	7308	1261	40
G	7312	179	4
G	23882	65	2
G	7315	84	5
G	7316	2465	28
G	7317	287	7
G	7321	102	7
G	7322	3502	67
G	25162	1	1
G	7325	2987	63
G	7327	576	34
G	7328	7157	324
G	7331	14427	206
G	7334	126	13
G	26631	255	16
G	7335	93	5
G	7336	110	3
G	7338	70	2
G	7344	126	2
G	27235	70	1
G	22171	286	10
G	7349	518	8
G	17979	2563	294
G	7352	1664	99
G	7355	353	9
G	7356	180	5
G	7358	69	2
G	7359	689	13
G	22176	114	7
G	17980	79	6
G	7362	152	14
G	17981	112	3
G	20450	2787	38
G	7368	1695	53
G	7371	85	8
G	30052	688	30
G	7379	761	140
G	7381	480	19
G	7382	271	18
G	31775	129	4
G	7385	142	8
G	19914	1339	77
G	25264	75	2
G	7386	246	6
G	22183	126	6
G	19915	176	7
G	24744	12691	275
G	7391	9609	163
G	28184	161	5
G	25559	295	3
G	7393	73	8
G	7394	331	21
G	28078	82	2
G	7403	323	11
G	22187	356	15
G	29561	86	6
G	22188	274	9
G	7413	215	13
G	7418	255	17
G	23927	71	13
G	24818	967	36
G	7419	20144	418
G	7421	199	11
G	7426	229	2
G	7429	12596	246
G	7431	95	0
G	7432	134	13
G	7434	108	2
G	17993	3106	130
G	7436	1072	53
G	7440	70	5
G	7442	90	4
G	7443	101	22
G	7444	396	5
G	7445	1073	33
G	20455	72	2
G	7446	546	73
G	7450	339	21
G	7454	83	3
G	22196	108	1
G	17997	483	5
G	7460	102	3
G	7462	1029	198
G	7463	3187	27
G	7465	77	1
G	7467	284	7
G	17999	139	10
G	18000	219	13
G	7469	80	2
G	7470	67	2
G	31680	77	0
G	7474	119	4
G	7476	121	6
G	7478	5822	798
G	7479	99	0
G	29417	98	0
G	7481	113	8
G	7483	99	6
G	7484	103	5
G	20457	207	9
G	28940	201	11
G	24884	762	15
G	7487	78	2
G	7488	1301	25
G	28035	129	5
G	30117	1880	49
G	7492	80	0
G	7496	209	3
G	7497	367	10
G	20459	8750	304
G	20460	881	37
G	31971	1152	76
G	18011	131	4
G	7503	2090	36
G	18012	99	7
G	7511	128	3
G	7512	215	2
G	7517	68	1
G	24425	86	4
G	7519	217	2
G	7520	67	2
G	7521	126	4
G	20462	68	1
G	7523	2417	114
G	22205	549	23
G	7524	175	1
G	20465	333	23
G	7532	106	0
G	26969	74	1
G	7538	328	81
G	22207	70	1
G	7546	164	4
G	18020	126	2
G	22208	1003	14
G	7550	1209	14
G	7552	261	24
G	7553	195	9
G	25332	1	1
G	7557	85	3
G	18024	72	0
G	25927	67	1
G	7560	142	3
G	7561	66984	1389
G	18025	25027	525
G	30246	272	3
G	25261	3	3
G	7568	3302	9
G	7570	1256	73
G	7571	133	9
G	7574	118	5
G	7576	579	42
G	7580	107	2
G	25232	256	2
G	31094	164	4
G	7589	306	2
G	7594	1499	69
G	26562	552	7
G	18028	6238	63
G	26761	395	38
G	7597	77	2
G	7601	196	8
G	7603	387	7
G	7604	162	10
G	7605	77	1
G	7607	114	2
G	7609	168	8
G	7610	922	75
G	7612	131	11
G	30823	84	5
G	22220	15380	327
G	22221	191	6
G	7620	91	5
G	7621	86	1
G	7622	85	0
G	31250	124	1
G	7627	170	6
G	24450	1174	22
G	7629	1874	164
G	18034	77	1
G	18036	100	4
G	22223	611	11
G	22224	85	4
G	7632	14064	316
G	7634	3627	60
G	18038	170	1
G	7639	560	24
G	7648	2402	113
G	7649	123	6
G	22229	5006	111
G	7651	155	6
G	7652	68	4
G	20468	168	2
G	7657	161	6
G	7663	149	0
G	27545	320	10
G	26253	85	1
G	26457	249	7
G	7673	66	0
G	22231	995	45
G	29372	483	11
G	25106	191	15
G	27289	122	3
G	7680	128	10
G	18043	166	1
G	18044	76	0
G	7681	250	24
G	20469	337	3
G	18047	90	5
G	31376	462	4
G	7683	3431	229
G	7685	1020	6
G	7686	1400	27
G	22233	376	33
G	7696	519	29
G	7700	470	30
G	7704	529	38
G	7705	81	6
G	7709	120	2
G	7710	788	22
G	22237	159	8
G	18051	99	0
G	7712	86	6
G	7714	369	24
G	18053	362	12
G	7716	3419	87
G	7719	92	0
G	7724	137	7
G	25151	98	27
G	7726	89	2
G	7729	303	10
G	18055	607	18
G	7731	71	1
G	7732	87	2
G	7733	1699	118
G	7734	66	1
G	7736	174	1
G	7737	716	15
G	7739	286	7
G	7740	653	30
G	7744	701	17
G	7746	136	3
G	7747	26582	450
G	7748	141	3
G	7750	71	4
G	7752	158	2
G	7753	380	15
G	7755	84	5
G	7759	115	2
G	7760	133	2
G	25928	146	2
G	7763	3079	219
G	24802	185	14
G	7765	127	6
G	7767	271	3
G	7770	853	46
G	22249	600	11
G	31047	8151	147
G	7775	77	0
G	7776	86	4
G	7779	451	4
G	24495	352	14
G	7780	126	3
G	7781	80	2
G	27126	790	32
G	18058	820	9
G	7792	277	10
G	18060	145	2
G	7802	749	10
G	22253	150	2
G	22254	9314	136
G	25059	1537	21
G	7808	164	1
G	24451	98	2
G	22256	460	12
G	7810	251	2
G	7811	3870	43
G	7812	537	18
G	7813	149	9
G	18062	664	13
G	18063	367	9
G	7815	1673	38
G	7817	2281	70
G	7818	143	3
G	7819	109	3
G	18064	69	6
G	31387	153	3
G	7820	101	3
G	7821	88	0
G	7822	261	7
G	29751	129	6
G	7828	68	9
G	7829	1777	564
G	28436	121	6
G	7833	205	10
G	7834	77	4
G	28437	144	3
G	7838	1715	41
G	18068	937	8
G	18069	164	1
G	22259	5992	87
G	7845	3130	124
G	7846	2755	53
G	7847	7411	388
G	7850	191	8
G	7854	686	14
G	29945	285	63
G	20474	491	115
G	23999	207	10
G	29685	1184	32
G	7857	82	2
G	26970	89	13
G	29184	1234	14
G	7863	880	128
G	7871	1050	154
G	7872	160	2
G	7874	629	8
G	29686	138	4
G	7876	234	1
G	7877	67	1
G	25110	87	30
G	26066	73	5
G	25704	327	70
G	7883	135	5
G	7886	706	167
G	7887	187	2
G	7888	114	1
G	7889	266	18
G	26665	124	5
G	26512	133	0
G	7895	145	0
G	7899	3424	396
G	28893	1211	70
G	27259	409	7
G	7903	84	1
G	7905	10198	178
G	7906	74	3
G	7908	1866	19
G	7911	2692	85
G	18075	316	14
G	7916	156	3
G	7918	191	6
G	27977	181	7
G	22264	3965	179
G	25432	296	13
G	7921	162	16
G	7923	1014	16
G	7925	489	4
G	7926	765	11
G	7930	152	1
G	7934	1380	25
G	20477	122	5
G	7936	95	0
G	22267	241	4
G	7943	2397	62
G	7945	4616	365
G	24361	96	6
G	7947	80	3
G	25084	548	27
G	25433	504	34
G	7960	2527	73
G	18087	71	3
G	7961	2256	29
G	7962	798	36
G	7965	126	3
G	22271	68	1
G	7970	207	6
G	18089	209	30
G	31317	204	5
G	7973	111	5
G	7974	77	1
G	29604	123	6
G	7976	765	50
G	7977	594	36
G	7979	3503	67
G	7982	440	26
G	18091	69	1
G	30362	78	0
G	7983	118	3
G	7986	423	5
G	7987	491	5
G	26035	86	6
G	20480	77	0
G	7989	65	1
G	7991	2813	398
G	7994	927	38
G	25929	2444	161
G	7995	789	43
G	8000	93	0
G	20481	93	1
G	18095	312	8
G	8003	108	3
G	18096	110	40
G	8006	153	0
G	22274	509	11
G	31700	733	24
G	18098	150	3
G	28052	1260	20
G	8009	1530	62
G	8016	87	0
G	8017	94	1
G	8020	9427	192
G	19917	1846	238
G	25470	13	6
G	8027	78	1
G	8028	111	7
G	31304	627	61
G	8032	67	0
G	20485	65	0
G	8033	87	0
G	8035	85	2
G	8037	569	8
G	8040	67	2
G	20486	184	4
G	25478	257	5
G	8042	1576	31
G	22283	4010	97
G	8043	95	2
G	8044	230	12
G	8047	1263	28
G	8048	338	3
G	8050	118	5
G	26223	1335	46
G	18105	107	2
G	8058	568	17
G	8059	7844	596
G	8062	203	3
G	22286	94	3
G	8066	355	21
G	22288	371	2
G	8070	3715	108
G	8075	265	16
G	22291	558	15
G	8077	3162	52
G	8078	1748	127
G	31190	214	26
G	8079	3935	126
G	18113	197	4
G	8087	5664	76
G	8090	92	4
G	18115	207	9
G	8094	1287	36
G	8098	67	2
G	25320	2	1
G	25930	5513	256
G	19919	388	6
G	8100	8393	150
G	8103	1519	18
G	8105	16040	294
G	8107	10706	153
G	8109	175	4
G	8112	1973	19
G	20492	6013	150
G	8116	76	1
G	24297	774	3
G	26602	112	3
G	8118	214	8
G	8123	1193	129
G	8126	616	44
G	8133	1760	231
G	8135	2193	32
G	8137	1303	38
G	8142	105	2
G	8143	107	4
G	8145	184	4
G	28786	1341	238
G	8147	3236	50
G	8148	238	6
G	22299	81	7
G	8149	143	3
G	30743	248	11
G	8151	1041	16
G	8153	136	2
G	8155	542	12
G	22300	528	15
G	8158	1883	51
G	8160	1148	29
G	20493	17858	313
G	8163	256	8
G	8165	250	6
G	30034	84	0
G	8167	333	7
G	29082	640	21
G	8173	2892	13
G	8175	1062	24
G	8178	297	20
G	8181	100	2
G	8183	1137	15
G	26118	1520	95
G	19920	95	1
G	8190	77	1
G	8191	222	11
G	26477	189	2
G	23981	1379	13
G	8195	399	12
G	8198	203	5
G	26103	81	4
G	24737	2264	60
G	8201	234	7
G	31905	66	5
G	8203	76	2
G	21018	190	3
G	29214	1788	34
G	8205	83	5
G	8209	1013	140
G	22309	2141	136
G	28278	67	0
G	8212	162	10
G	8213	775	33
G	8214	147	8
G	28769	1473	197
G	8218	531	6
G	8219	4603	99
G	25019	308	40
G	8220	237	5
G	18137	273	2
G	8221	85	1
G	30090	131	1
G	8222	288	13
G	8223	490	14
G	8225	1908	82
G	20502	96	0
G	8226	108	2
G	8227	79	0
G	8228	10234	479
G	22314	65	2
G	27503	360	11
G	8234	284	31
G	8235	302	11
G	8237	142	9
G	8238	261	5
G	22315	82	5
G	8239	324	11
G	8241	8483	140
G	26867	7277	101
G	8242	131	9
G	8243	65	1
G	18140	69	5
G	8254	173	11
G	8256	138	3
G	8257	801	20
G	8264	569	26
G	20504	73	4
G	8266	216	11
G	8267	431	17
G	8271	241	17
G	8273	1894	57
G	20505	319	4
G	8278	211	3
G	8282	119	2
G	8284	115	3
G	18146	65	2
G	26290	70	2
G	8288	98	1
G	8291	287	5
G	22322	113	5
G	30123	77	3
G	8295	113	4
G	27244	78	0
G	26923	178	14
G	8304	1013	72
G	22325	129	0
G	29248	69	2
G	18147	124	6
G	27940	1229	15
G	22326	87	39
G	8319	97	4
G	18150	806	33
G	24788	4806	117
G	8328	252	1
G	20506	274	6
G	29049	325	9
G	8334	175	9
G	8335	291	11
G	22330	427	58
G	18153	355	12
G	8344	543	39
G	30761	23477	312
G	8350	276	14
G	24618	2180	67
G	8354	1089	9
G	24893	864	25
G	8356	370	11
G	8357	108	6
G	8358	7484	153
G	25731	136	3
G	8359	5203	122
G	27300	121	12
G	8361	75	0
G	18155	1373	23
G	18157	99	2
G	8362	1270	42
G	8363	2215	60
G	8364	5214	56
G	27517	792	20
G	8367	80	9
G	8373	220	5
G	8374	4251	73
G	8381	39449	1075
G	8382	231	12
G	8383	205	7
G	8384	780	19
G	8387	558	6
G	20509	3534	83
G	8391	259	6
G	8394	50829	3809
G	8397	116	4
G	8399	95	4
G	8401	568	29
G	8404	151	5
G	30798	153	1
G	8409	275	15
G	8410	564	37
G	22337	179	4
G	25109	2398	60
G	8413	562	11
G	8414	197	4
G	8415	375	5
G	8421	80	2
G	8422	412	10
G	18172	671	11
G	8424	313	19
G	22340	92	6
G	8429	2374	61
G	25321	4	4
G	8432	1107	12
G	8433	656	242
G	8434	241	7
G	8435	11907	148
G	8437	475	21
G	8438	273	22
G	8439	427	10
G	8442	164	15
G	8447	210	3
G	8448	2315	44
G	8449	1065	17
G	8451	479	2
G	20514	218	9
G	8455	146	5
G	8457	99	2
G	8458	316	7
G	8459	461	17
G	28973	74	4
G	8462	1281	30
G	8467	1807	32
G	18181	136	7
G	25371	2	1
G	27913	282	4
G	8477	154	6
G	8478	930	172
G	8480	489	4
G	8481	92	1
G	8483	119	0
G	8489	510	5
G	26892	141	47
G	8493	116	9
G	8496	211	6
G	8497	70	4
G	22350	591	16
G	27978	2165	18
G	8499	75	1
G	28242	1851	12
G	31921	77	3
G	26591	103	3
G	8500	1783	19
G	28663	9250	119
G	8502	1580	28
G	8503	81	0
G	8504	1949	76
G	8506	1667	33
G	8509	153	4
G	18185	241	9
G	8510	145	0
G	20521	1019	29
G	18186	406	10
G	18187	132	1
G	31918	113	1
G	18190	239	8
G	8516	207	8
G	8517	218	6
G	8518	551	17
G	8520	65	2
G	23784	104	1
G	25138	243	86
G	26173	69	2
G	22359	78	0
G	8523	4104	182
G	8524	108	0
G	8526	431	9
G	25156	10	3
G	8528	233	6
G	8530	1892	25
G	20522	501	5
G	18195	74	2
G	8540	3137	80
G	8542	553	16
G	8543	105	1
G	20523	4764	43
G	29373	67	10
G	8546	74	2
G	27554	163	2
G	25711	113	0
G	18198	978	6
G	31368	91	5
G	8557	827	12
G	8558	146	5
G	8559	170	6
G	8562	150	12
G	8563	598	8
G	8566	126	2
G	29275	565	7
G	8572	466	27
G	26858	77	3
G	18204	259	1
G	30100	261	12
G	29101	107	4
G	22365	231	2
G	25176	405	115
G	8576	98	3
G	8577	103	27
G	8578	101	25
G	8579	158	3
G	8580	74	0
G	22368	75	4
G	8581	5239	110
G	22369	157	5
G	18207	258	5
G	8588	145	3
G	8589	526	12
G	28974	72	3
G	8590	298	6
G	8591	135	0
G	22371	2623	47
G	8595	137	8
G	8596	188	5
G	22373	684	22
G	8598	157	2
G	8599	80	0
G	8602	123	2
G	26563	259	4
G	8603	236	4
G	22375	182	3
G	18215	3496	44
G	25311	10	4
G	8606	156	6
G	25367	1	0
G	8609	120	11
G	8610	2974	33
G	20529	646	21
G	22379	120	3
G	26388	489	9
G	8615	159	6
G	30300	102	5
G	18219	225	9
G	8618	155	2
G	8620	80	20
G	8621	148	1
G	8622	92	10
G	8623	203	1
G	8627	1959	71
G	8628	1914	31
G	18223	130	3
G	26338	677	13
G	8635	457	10
G	25795	247	13
G	8637	70	2
G	8638	3855	85
G	22383	142	3
G	8644	1833	38
G	18227	263	11
G	8645	2916	218
G	29803	3926	49
G	8648	59035	7635
G	8651	4076	78
G	29860	167	3
G	8654	149	1
G	18228	304	5
G	30571	383	7
G	8656	74	0
G	8658	89	1
G	8662	225	32
G	8663	2978	240
G	8665	105	6
G	30602	173	0
G	8667	80	1
G	8670	2361	53
G	8671	132	2
G	8672	150	4
G	28167	211	1
G	8678	195	18
G	8680	514	10
G	8681	4197	61
G	25233	16	2
G	22389	199	10
G	8687	1419	85
G	8690	459	8
G	8693	423	4
G	8695	975	61
G	8696	133	6
G	8697	154	5
G	8700	74	0
G	8702	135	6
G	8704	190	3
G	22393	160	2
G	8708	140	1
G	8709	1602	49
G	8710	242	3
G	8711	90	1
G	8712	272	10
G	8714	189	15
G	8715	10571	2579
G	8720	343	3
G	18235	154	9
G	25234	1725	65
G	22396	232	4
G	21020	137	11
G	8727	770	13
G	22397	96	5
G	25144	412	44
G	22398	2093	118
G	29083	80	2
G	18241	196	13
G	8732	418	7
G	8733	154	1
G	8737	515	11
G	8739	372	18
G	27319	426	14
G	16547	1010	63
G	8744	68	3
G	8746	1955	37
G	8747	912	36
G	24718	620	14
G	28220	140	3
G	22401	146	41
G	8749	104	2
G	8750	590	151
G	24270	88	2
G	18244	6149	189
G	28758	222	69
G	8754	146	4
G	24056	183	24
G	22404	251	12
G	27017	794	41
G	8756	87	1
G	8758	386	1
G	8760	67	1
G	8761	331	4
G	8763	6291	179
G	25611	5802	91
G	24758	4815	95
G	25348	21	3
G	8768	3488	76
G	8772	139	2
G	8774	146	5
G	18248	14098	450
G	18249	125	8
G	8778	91	5
G	8780	346	3
G	8784	2338	30
G	18252	88	1
G	24323	108	1
G	8792	346	28
G	22410	66	1
G	8794	2224	57
G	8796	71	4
G	18253	351	3
G	8802	94	3
G	24094	177	13
G	8803	3483	74
G	24151	23118	242
G	8806	107	2
G	8807	67	1
G	8809	90	2
G	18254	901	21
G	8813	96	1
G	8814	1155	33
G	8816	424	6
G	8818	227	3
G	8820	254	6
G	27966	2021	30
G	18255	572	8
G	8822	165	6
G	8823	71	4
G	8824	332	12
G	25613	76	17
G	22416	2683	15
G	22418	166	13
G	8829	628	37
G	20545	439	9
G	29848	3015	12
G	28088	90	0
G	8841	602	19
G	8850	167	2
G	8851	1474	199
G	25781	1116	14
G	30457	114	4
G	8852	206	6
G	8855	134	0
G	25145	281	8
G	8856	607	34
G	8857	8830	137
G	8859	277	6
G	31515	109	6
G	8863	152	9
G	8864	71	3
G	18262	108	2
G	8866	161	5
G	8867	155	4
G	18263	711	13
G	8869	723	11
G	8870	547	90
G	22425	2483	103
G	8872	66	1
G	8873	1783	44
G	8875	6004	110
G	8879	115	5
G	25244	2	1
G	8881	120	28
G	22430	8154	166
G	8883	8651	243
G	8885	471	30
G	24007	2549	76
G	8886	203	14
G	8887	158	33
G	8888	83	6
G	29050	139	4
G	22431	92	1
G	8894	1182	78
G	8897	124	4
G	20548	164	4
G	31972	380	4
G	8904	127	5
G	8906	372	9
G	8907	625	18
G	8908	137	13
G	20549	676	7
G	22433	4281	357
G	29293	299	2
G	8912	215	8
G	25455	18	3
G	8913	163	8
G	8914	76	2
G	18270	668	27
G	8917	74	3
G	8918	87	1
G	25554	69	2
G	22437	300	2
G	8922	176	0
G	8923	84	4
G	8927	254	1
G	26389	315	5
G	8929	696	10
G	30236	85	2
G	8931	674	14
G	8932	123	1
G	8936	89	2
G	8937	33963	4906
G	8939	102	2
G	8940	201	4
G	8943	6832	139
G	8946	136	3
G	8948	600	9
G	18275	144	3
G	19924	755	20
G	8954	1377	60
G	30196	67	0
G	25200	2	1
G	18276	294	4
G	8957	410	45
G	20554	116	0
G	19925	408	8
G	22444	2336	71
G	8963	168	2
G	8966	7046	135
G	8967	163	12
G	25363	91	1
G	8970	163	4
G	8972	341	9
G	8973	85	2
G	27637	93	2
G	22446	344	17
G	8979	4028	116
G	8981	183	2
G	8982	115	1
G	8983	368	10
G	8986	77	0
G	8987	130	3
G	22447	142	2
G	8989	29302	271
G	8991	1294	36
G	29517	65	2
G	8992	583	10
G	8993	223	7
G	8994	125	7
G	29692	70	0
G	8998	590	11
G	24593	78	0
G	8999	588	7
G	9001	183	3
G	30474	506	15
G	9002	704	38
G	20557	67	1
G	9003	547	38
G	25286	5	1
G	9007	917	17
G	9008	208	13
G	31394	212	4
G	26163	84	3
G	9010	85	1
G	9011	172	10
G	24600	233	13
G	9012	308	15
G	9014	100	4
G	26633	195	5
G	9023	844	23
G	26399	293	33
G	31197	487	14
G	26580	255	3
G	9026	320	10
G	9027	319	84
G	9028	103	3
G	9030	114	0
G	23789	141	5
G	18289	634	33
G	22452	135	44
G	9035	117	10
G	9038	519	2
G	9040	134	3
G	27846	78	2
G	28264	141	4
G	9042	149	3
G	9046	2717	31
G	9047	158	5
G	9049	329	13
G	9050	128	2
G	9051	45700	301
G	9052	232	6
G	9055	890	226
G	9059	761	23
G	9063	139	7
G	9065	2300	54
G	20562	1361	32
G	9068	7805	474
G	9069	324	5
G	9070	105	9
G	9073	842	73
G	31339	1050	4
G	23791	332	5
G	9081	804	66
G	9087	68	0
G	9088	147	2
G	29552	1174	17
G	27376	521	2
G	23973	69	6
G	9090	127	43
G	9093	216	2
G	27876	122	2
G	18302	316	24
G	9099	83	0
G	9100	66	3
G	9102	67	3
G	9103	215	3
G	24271	235	5
G	9104	104	2
G	20563	1966	47
G	22462	81	0
G	24967	875	21
G	9111	105	1
G	24136	87	2
G	9116	113	6
G	28040	135	6
G	9120	674	15
G	9122	94	2
G	18309	566	14
G	9125	124	2
G	9127	158	8
G	9128	107	2
G	18311	76	8
G	28877	117	1
G	18312	87	0
G	9133	117	7
G	9134	406	36
G	9136	184	23
G	20566	216	4
G	9142	1464	24
G	26597	266	2
G	25698	1261	212
G	18314	140	31
G	27995	190	5
G	9145	431	39
G	9151	120	4
G	29617	145	3
G	18317	657	12
G	9153	1174	25
G	9154	77	1
G	9155	41364	947
G	25482	18	5
G	9156	6905	128
G	28814	498	36
G	9162	491	21
G	9166	379	44
G	9168	637	13
G	9169	2365	79
G	9173	4486	66
G	9178	454	15
G	9181	6998	162
G	9182	245	6
G	22470	127	2
G	9183	33315	469
G	25516	121	0
G	9188	97	8
G	9193	102	3
G	27128	97	2
G	23850	701	21
G	9199	151	6
G	28958	112	3
G	28830	676	175
G	9205	67	2
G	18327	487	9
G	9208	356	15
G	18328	280	16
G	9211	92	3
G	9214	126	2
G	27475	67	1
G	9217	995	21
G	9218	15452	187
G	9219	273	16
G	9220	450	12
G	27365	507	18
G	9226	1175	12
G	28959	842	26
G	9227	112	0
G	25492	31	3
G	25797	327	5
G	22480	315	11
G	27039	89	3
G	28929	990	11
G	9237	112	0
G	9240	124	7
G	9241	185	7
G	9242	511	20
G	9243	159	2
G	9252	65	5
G	9253	3055	48
G	22487	121	4
G	9255	113	0
G	22488	418	2
G	9256	643	48
G	9257	706	36
G	9261	125	1
G	9264	317	13
G	9265	138	6
G	9268	165	8
G	9269	3335	483
G	9275	385	11
G	9276	65	2
G	9283	737	8
G	9284	363	13
G	9285	320	8
G	28168	116	4
G	24183	97	4
G	9295	82	0
G	30247	552	23
G	9297	614	15
G	29638	5788	175
G	25202	94	6
G	9306	408	2
G	9309	292	17
G	9311	181	6
G	9313	186	17
G	18345	991	3
G	9314	222	3
G	9315	149	2
G	26913	2622	103
G	27310	109	4
G	18346	175	1
G	9320	449	9
G	22495	110	2
G	18347	152	0
G	9323	80	6
G	18348	286	19
G	9326	328	21
G	9327	4687	755
G	9332	86	0
G	9334	66	3
G	9336	196	8
G	24601	431	5
G	18351	82	0
G	9343	169	10
G	22499	84	7
G	18352	319	1
G	9348	1372	20
G	22501	6720	137
G	9350	740	9
G	9353	524	5
G	9354	335	8
G	27657	137	2
G	9363	91	3
G	9364	119	1
G	26242	1429	26
G	9369	928	48
G	9371	79	3
G	9372	72	0
G	31965	71	1
G	22507	822	14
G	9382	110	3
G	9383	99	2
G	29755	8031	253
G	19931	129	6
G	9385	154	2
G	22508	131	12
G	22510	108	1
G	9388	217	4
G	9391	221	1
G	9392	676	15
G	9396	152	6
G	26174	124	5
G	9400	68	2
G	9402	257	18
G	9403	407	19
G	9404	283	3
G	9405	1484	58
G	18359	1239	11
G	18361	2594	42
G	22513	92	0
G	9410	79	5
G	9412	88	1
G	31100	81	3
G	9413	128	2
G	9415	304	10
G	9416	880	11
G	18363	18445	448
G	26881	69	3
G	9425	163	7
G	9429	550	87
G	9430	83	3
G	9434	198	5
G	25180	53	4
G	31885	428	25
G	25807	79	2
G	9440	154	2
G	9442	257	6
G	18367	69	1
G	27886	1001	20
G	9444	126	1
G	25379	3	1
G	9446	3971	143
G	28872	199	13
G	9447	128	3
G	20575	205	5
G	9453	156	3
G	9455	240	11
G	22522	68	3
G	9457	2820	118
G	9459	53385	987
G	9460	103	1
G	20576	106	0
G	28857	70	1
G	18371	188	0
G	20577	278	3
G	9464	403	13
G	9465	112	1
G	18373	247	10
G	31206	773	39
G	9467	449	70
G	30604	272	5
G	9472	2815	26
G	9474	277	19
G	9475	977	23
G	31051	73	1
G	9476	70	13
G	9478	596	40
G	18375	509	23
G	9481	167	2
G	9482	9107	1622
G	9483	79	3
G	28147	802	5
G	9484	1816	30
G	9488	416	11
G	9491	779	26
G	9494	5242	95
G	18378	405	13
G	9496	798	34
G	9497	80	5
G	27349	202	3
G	9498	315	2
G	9501	371	18
G	23794	71	0
G	9503	241	4
G	9504	88	6
G	9505	18329	3008
G	28621	702	24
G	9511	222	4
G	25673	628	15
G	9512	7080	680
G	23951	74	2
G	9516	220	4
G	9520	843	27
G	9521	265	4
G	9524	378	16
G	9525	661	14
G	9526	192	1
G	18383	293	6
G	9534	4108	107
G	31408	297	4
G	18388	190	3
G	27860	91	7
G	9540	552	14
G	30110	107	0
G	18389	167	8
G	9541	84	5
G	18390	14042	281
G	9543	18800	362
G	29849	1374	12
G	9549	141	3
G	9551	290	15
G	25015	3254	184
G	24348	244	3
G	22532	344	5
G	9557	138	4
G	9558	583	28
G	9562	748	15
G	9564	193	12
G	9565	858	11
G	9567	199	66
G	22533	101	5
G	27612	4367	34
G	18395	299	8
G	9570	917	26
G	30248	93	7
G	18397	92	1
G	28980	16772	285
G	9573	465	122
G	18399	166	3
G	9576	93	2
G	9577	1582	90
G	9579	157	9
G	26860	98	5
G	9582	135	4
G	31568	106	2
G	24152	181	2
G	18401	331	3
G	22536	225	7
G	9586	138	5
G	9590	1202	12
G	18403	937	66
G	22538	81	0
G	9596	70	1
G	9599	222	11
G	9600	125	4
G	9601	363	9
G	9602	141	16
G	9607	160	4
G	9608	903	41
G	9609	349	28
G	9616	94	5
G	20585	194	5
G	31441	300	5
G	22541	356	4
G	9617	143	33
G	9618	399	91
G	25260	4134	97
G	9620	1548	81
G	9622	479	1
G	18409	85	0
G	30378	734	5
G	29324	140	2
G	26340	71	4
G	9625	688	20
G	22544	77	8
G	9627	1022	38
G	22545	157	5
G	22546	93	0
G	27405	820	65
G	22548	275	11
G	18414	70	3
G	24443	257	19
G	9635	136	1
G	9636	180	4
G	9637	252	5
G	9638	259	1
G	25130	584	17
G	9641	232	3
G	9642	65	2
G	9644	320	14
G	28613	67	2
G	25502	3	2
G	28015	88	1
G	9649	165	6
G	31844	219	1
G	18419	1660	41
G	9653	202	8
G	28925	78	3
G	9654	1012	27
G	27917	204	5
G	9661	66	3
G	9662	94	1
G	19934	145	3
G	18428	136	4
G	9663	267	31
G	18429	580	8
G	18431	267	20
G	9667	69	1
G	9669	904	41
G	22552	83	0
G	18433	467	29
G	9674	9472	143
G	30969	111	4
G	22553	79	8
G	24187	133	1
G	9680	137	23
G	9681	193	16
G	27918	289	11
G	9683	193	8
G	9684	792	29
G	9685	2019	80
G	9688	133	2
G	30228	146	3
G	28734	115	1
G	9693	723	9
G	25496	299	13
G	9694	83	1
G	18438	97	2
G	30558	372	5
G	25616	2928	153
G	27292	1331	108
G	9703	92	3
G	25312	262	3
G	25150	805	12
G	25617	95	5
G	9706	129	4
G	24546	581	11
G	23964	79	20
G	18443	96	37
G	18445	69	10
G	9709	195	3
G	9710	234	1
G	9711	136	3
G	9712	3261	71
G	9715	443	12
G	9716	219	5
G	9718	247	7
G	22559	218	11
G	9719	317	4
G	9720	73	5
G	9723	213	13
G	18447	256	3
G	9728	232	8
G	9730	555	9
G	9732	112	3
G	9733	580	10
G	22561	122	7
G	18450	98	2
G	9735	431	14
G	9739	100	8
G	22562	335	14
G	9741	105	6
G	18452	302	27
G	27862	95	1
G	22563	545	37
G	18453	285	69
G	22564	163	1
G	9745	2617	168
G	9748	3188	42
G	9750	1362	76
G	9751	98	5
G	22566	79	1
G	20588	116	2
G	28266	905	21
G	9753	1144	14
G	9757	501	21
G	9758	66	2
G	18458	174	1
G	9761	242	13
G	9762	176	3
G	22568	108	5
G	18461	108	4
G	18462	548	13
G	9767	2500	45
G	9770	115	1
G	9771	215	7
G	9773	675	27
G	9774	68	2
G	9776	281	8
G	22571	96	1
G	9778	154	3
G	25383	73	2
G	18464	858	10
G	9782	317	5
G	9784	191	9
G	9786	77	2
G	9790	1870	87
G	18469	197	6
G	9793	284	9
G	18470	80	0
G	9795	117	4
G	20590	677	36
G	20591	1582	40
G	9798	855	37
G	9799	606	11
G	9800	213	7
G	24299	270	7
G	30799	499	13
G	28998	398	8
G	18473	387	17
G	18475	293	1
G	26748	106	5
G	30370	631	13
G	18477	156	7
G	9811	451	3
G	9819	177	8
G	20592	173	10
G	29698	152	3
G	9822	271	3
G	18479	155	10
G	27311	1382	40
G	9828	9486	164
G	25048	67	11
G	26933	1350	16
G	9831	1670	25
G	9832	408	15
G	9835	401	9
G	9839	241	8
G	9840	386	8
G	9841	21708	624
G	9842	235	3
G	9843	157	4
G	9847	1012	95
G	28754	602	12
G	9849	200	13
G	9856	154	0
G	9857	6590	234
G	19936	1164	60
G	18484	24230	3415
G	9859	141	11
G	9862	70	3
G	9867	94	3
G	22580	377	1
G	9870	556	11
G	9872	396	9
G	9875	272	4
G	9876	538	19
G	20597	130	6
G	9880	170	4
G	9881	213	9
G	9882	84	3
G	22583	148	1
G	27788	2121	42
G	9885	203	3
G	9887	556	34
G	9888	112	8
G	9891	32266	411
G	20598	122	0
G	26705	303	10
G	29129	160	5
G	18488	90	7
G	9898	7282	280
G	9900	3524	39
G	9904	100	2
G	9907	738	17
G	9909	88	2
G	9914	167	3
G	9915	99	3
G	18490	68	1
G	9916	86	3
G	21023	1209	16
G	9921	899	16
G	18494	232	0
G	25416	220	17
G	9927	1385	24
G	9930	89	2
G	29528	264	9
G	9932	65	5
G	9934	72	0
G	9935	348	16
G	27173	320	2
G	25838	147	4
G	9939	192	7
G	22590	73	2
G	22591	126	5
G	18496	413	3
G	18497	166	4
G	9948	279	6
G	20601	67	7
G	9952	164	9
G	9954	2038	60
G	9956	80	3
G	22593	219	2
G	29479	261	8
G	9959	625	76
G	9964	5246	82
G	9965	791	18
G	9966	295	3
G	9967	149	9
G	9968	11970	213
G	9969	670	15
G	9970	116	3
G	9972	272	30
G	25337	4	1
G	18501	682	25
G	9975	94	1
G	32053	4132	46
G	18502	156	6
G	9981	2527	24
G	9982	145	4
G	9983	455	10
G	9984	95	7
G	9985	326	6
G	30606	3248	91
G	22598	479	24
G	26838	126	2
G	30773	3286	87
G	9989	159	15
G	24874	511	7
G	9991	68	8
G	20602	87	2
G	26925	333	7
G	9992	282	10
G	25407	2	1
G	31185	421	12
G	18505	92	2
G	9993	210	13
G	9995	100	0
G	9996	67	1
G	9997	208	8
G	9998	764	13
G	10001	71	3
G	10002	362	8
G	29868	95	30
G	10003	161	7
G	31246	252	5
G	28873	245	6
G	10009	108	8
G	20603	181	5
G	10011	105	2
G	10012	959	6
G	10014	2926	46
G	10016	77	11
G	10019	695	20
G	10020	226	7
G	25493	27	3
G	26749	77	2
G	26943	591	9
G	24349	173	3
G	18511	75	2
G	18512	10299	146
G	10028	84	3
G	10029	2445	281
G	23800	105	14
G	10032	492	48
G	10034	185	4
G	10035	236	6
G	10037	654	9
G	10038	77	2
G	10043	76	3
G	10045	136	4
G	10049	458	7
G	10051	167	2
G	10053	70	5
G	20606	186	10
G	10056	1001	11
G	20607	84	1
G	29701	440	13
G	10061	299	104
G	10065	1281	95
G	25364	3	1
G	10068	129	6
G	10071	2103	280
G	29948	657	27
G	10076	347	18
G	10077	112	3
G	18518	247	10
G	10080	206	7
G	18519	749	18
G	10081	514	14
G	28798	608	92
G	10083	113	4
G	10084	72	0
G	10086	117	4
G	10087	1141	95
G	10088	1547	82
G	10089	67	0
G	10090	147	5
G	18521	133	18
G	10092	1955	43
G	22615	73	1
G	10093	148	8
G	10096	125	2
G	10099	79	3
G	10102	499	10
G	22619	144	9
G	22620	68	2
G	10110	574	10
G	10112	91	4
G	31457	220	6
G	10116	292	9
G	10117	235	3
G	10118	131	4
G	18526	297	7
G	10122	99	0
G	10123	190	9
G	10125	1742	66
G	31963	83	9
G	26605	109	5
G	10135	73	2
G	10137	127	0
G	29227	157	9
G	10140	70	2
G	25203	55	3
G	20613	65	11
G	10142	1396	92
G	18532	551	22
G	10148	157	3
G	22624	227	8
G	10149	164	7
G	31976	174	12
G	10151	87	2
G	10152	124	2
G	10153	2502	129
G	10154	325	36
G	25619	89	6
G	10156	8483	898
G	10157	113	3
G	22625	1072	27
G	18535	211	12
G	23919	305	80
G	10162	383	24
G	10163	1837	78
G	10164	138	2
G	10165	518	155
G	10166	2374	73
G	10169	1395	115
G	10170	71	2
G	18539	265	9
G	18540	113	3
G	10177	289	22
G	10179	86	2
G	30649	187	8
G	10185	465	23
G	10187	132	3
G	10190	161	3
G	10194	85	2
G	10197	44573	747
G	22630	727	16
G	10198	279	6
G	18545	404	13
G	26478	102	0
G	10203	104	0
G	25201	23	9
G	10204	438	9
G	10206	162	10
G	10210	73	3
G	20618	145	35
G	18548	85	2
G	10217	225	10
G	18551	113	1
G	29703	4960	81
G	24833	117	4
G	10229	165	7
G	10231	1653	22
G	10232	154	23
G	10233	363	9
G	10238	4050	53
G	10240	2524	127
G	18558	92	3
G	10243	338	4
G	28874	458	15
G	20620	733	2
G	10247	565	42
G	10251	87	4
G	10253	230	6
G	10254	217	10
G	10256	9311	352
G	10262	89	1
G	10263	490	13
G	10264	66	1
G	10266	96	0
G	10268	922	20
G	10269	362	10
G	10271	3077	193
G	22643	123	5
G	10274	126	1
G	10275	139	3
G	10279	504	6
G	18561	124	7
G	10280	313	29
G	10282	299	14
G	10283	462	16
G	10286	152	3
G	10291	148	10
G	10292	152	4
G	27481	73	0
G	25680	102	40
G	10294	4850	65
G	24745	712	17
G	10296	275	9
G	10298	250	14
G	10301	836	23
G	31130	252	60
G	10303	84	1
G	18564	1189	135
G	10304	3544	159
G	28222	83	1
G	10306	1645	73
G	20627	425	10
G	10310	597	15
G	10311	312	6
G	10312	66	0
G	10314	203	16
G	22647	248	7
G	10318	73	3
G	10319	264	5
G	18566	1039	33
G	10320	250	2
G	10327	374	13
G	10328	118	25
G	10329	171	16
G	10332	224	14
G	10333	125	36
G	10335	168	2
G	10336	100	6
G	10337	395	21
G	10342	173	5
G	22657	11175	310
G	22658	531	12
G	25808	84	2
G	10345	131	5
G	22659	2237	39
G	10350	78	1
G	10351	224	20
G	22661	4916	103
G	10356	209	65
G	10358	701	10
G	29572	12707	323
G	10360	482	17
G	10361	514	15
G	10363	111	9
G	25620	98	3
G	10365	798	15
G	10368	139	1
G	25621	2323	474
G	10369	3174	179
G	25123	197	61
G	18572	307	11
G	10381	1164	23
G	10384	83	2
G	10385	278	1
G	22665	1621	15
G	10386	185	6
G	20632	298	7
G	10387	237	12
G	31531	1228	17
G	24403	3728	215
G	10391	206	11
G	10394	84	0
G	10398	513	13
G	18574	406	7
G	26764	164	5
G	10404	353	18
G	10407	85	3
G	22668	958	28
G	10410	90	2
G	10411	3047	31
G	30953	1221	14
G	10422	11184	554
G	10423	948	17
G	24808	290	11
G	10425	99	15
G	10426	325	20
G	10427	388	5
G	10428	300	11
G	10432	99	4
G	10438	5777	130
G	10439	1077	22
G	10440	346	3
G	10442	78	3
G	10443	370	7
G	10447	159	6
G	10451	640	17
G	10454	1009	28
G	18584	3457	82
G	10459	97	5
G	10461	827	7
G	27305	105	5
G	10466	536	9
G	10467	478	8
G	10469	226	5
G	10470	97	24
G	10473	137	5
G	10475	299	6
G	28440	157	4
G	10476	108	2
G	22682	91	1
G	22683	140	6
G	10478	68	2
G	22684	80	21
G	18593	239	6
G	18595	290	72
G	10480	824	25
G	18597	137	2
G	10483	243	11
G	28319	306	8
G	29954	189	5
G	26217	3620	87
G	10484	800	14
G	10485	478	35
G	22686	1733	30
G	24537	152	3
G	10489	266	10
G	10492	5046	93
G	30041	128	9
G	22688	125	3
G	10501	119	1
G	10503	215	0
G	10505	72	3
G	25118	78	4
G	28282	506	7
G	22689	570	5
G	10508	72	0
G	18604	558	6
G	25622	363	62
G	10516	111	0
G	10518	1004	51
G	10519	210	63
G	10520	2658	109
G	10521	141	10
G	10522	621	4
G	10524	1766	50
G	10525	81	2
G	18609	1974	253
G	10530	332	2
G	10531	405	12
G	10532	78	1
G	22695	16701	237
G	10535	298	30
G	10537	4457	107
G	10542	137	17
G	10543	85	1
G	31300	481	19
G	10549	620	10
G	10550	116	6
G	10553	479	28
G	18613	82	0
G	10556	68	2
G	22701	384	9
G	10558	431	1
G	10559	155	4
G	24929	141	3
G	10560	1473	93
G	22702	1013	21
G	10570	235	23
G	21026	79	2
G	10575	72	1
G	25948	241	16
G	10579	347	12
G	10585	201	3
G	10586	276	3
G	10588	177	16
G	10590	339	6
G	22708	1966	35
G	30547	3109	52
G	22710	66	2
G	25714	70	18
G	18624	13534	335
G	31107	76	14
G	10598	239	10
G	20643	68	8
G	10600	597	30
G	10601	282	5
G	10602	158	8
G	10604	867	18
G	27731	80	3
G	10605	1546	83
G	10606	111	0
G	25182	3	1
G	10607	530	9
G	18626	281	13
G	10608	427	11
G	10609	65	3
G	18629	182	1
G	10611	438	20
G	10619	73	2
G	10621	41064	836
G	10622	70	2
G	10624	93	7
G	18630	111	3
G	10625	130	1
G	10629	105	2
G	10630	360	4
G	10635	131	2
G	10636	81	0
G	10637	634	152
G	30812	2307	58
G	22715	10691	293
G	10645	367	16
G	25856	4104	88
G	23718	4426	80
G	10655	74	5
G	10656	73	4
G	10657	444	5
G	10659	1279	37
G	10660	342	4
G	10661	97	2
G	26150	194	1
G	10666	118	1
G	10669	120	8
G	10671	66	3
G	10672	117	3
G	10673	3323	43
G	10676	143	2
G	10677	2747	116
G	10685	139	10
G	22721	413	13
G	22723	151	3
G	27999	86	3
G	24690	158	3
G	25526	295	4
G	18641	148	6
G	10699	77	3
G	10701	1955	22
G	26069	184	4
G	10704	262	5
G	10705	267	15
G	18643	131	3
G	25783	118	5
G	10708	723	100
G	18644	1678	33
G	10712	73	4
G	20649	91	1
G	18646	119	3
G	28000	106	2
G	22725	678	13
G	22726	1019	48
G	22727	360	3
G	10722	84	8
G	28858	326	9
G	10723	113	2
G	18649	591	14
G	18650	2790	45
G	10725	305	5
G	10731	141	1
G	10733	552	23
G	27185	92	4
G	10737	93	2
G	10738	173	13
G	10739	126	12
G	10740	137	2
G	10743	346	12
G	25951	1612	24
G	10746	92	6
G	10751	24599	1017
G	10757	133	0
G	10758	196	2
G	27981	191	5
G	10760	435	6
G	20651	137	6
G	10764	84	2
G	10765	1531	39
G	10767	711	46
G	28831	117	1
G	20652	12408	251
G	22732	570	14
G	10770	391	19
G	10772	158	8
G	10777	93	1
G	18657	72	2
G	10778	162	15
G	10780	188	4
G	10781	90	8
G	10784	3432	87
G	20655	436	12
G	20656	1252	26
G	10794	983	44
G	19948	323	6
G	25124	250	59
G	18662	676	10
G	31297	143	4
G	31027	1668	281
G	10804	152	10
G	10807	3801	69
G	10809	221	4
G	10810	345	26
G	10811	114	4
G	21027	202	2
G	10812	74	2
G	10813	125	1
G	10814	377	16
G	10815	704	30
G	10817	1236	70
G	22743	73	3
G	25517	487	7
G	22744	753	21
G	18668	171	4
G	10821	1031	24
G	10825	519	6
G	10828	82	1
G	18670	65	5
G	22747	67	0
G	10831	488	9
G	10835	206	6
G	10836	203	6
G	10839	169	1
G	10841	708	7
G	10842	831	39
G	10843	145	3
G	27494	94	3
G	10852	200	8
G	10857	84	2
G	30992	522	18
G	20661	525	16
G	22751	81	0
G	10859	65	2
G	10861	681	29
G	10866	65	0
G	22752	196	1
G	10867	237	22
G	20662	1681	194
G	10872	415	7
G	22754	1320	16
G	31221	2403	53
G	10876	100	1
G	10877	283	16
G	23803	2960	46
G	10880	1202	41
G	24852	81	4
G	25764	128	8
G	20663	1341	37
G	22758	85	7
G	24815	93	2
G	18681	197	3
G	27166	204	1
G	10895	619	31
G	10896	547	20
G	10898	140	1
G	10900	931	18
G	26732	73	3
G	10901	243	8
G	10902	261	2
G	28081	1077	37
G	23922	1018	245
G	25166	4	1
G	10911	480	12
G	20664	425	12
G	10913	185	2
G	10914	228	33
G	20665	2934	30
G	10915	7154	81
G	10918	93	1
G	26195	276	12
G	26548	424	8
G	29088	110	1
G	27040	142	0
G	10921	76	5
G	22764	1455	30
G	10925	4776	134
G	10926	123	6
G	10927	1282	43
G	10928	313	7
G	10930	481	10
G	10931	445	8
G	24148	2970	41
G	22766	139	7
G	22767	225	12
G	18686	891	12
G	10940	217	8
G	10942	145	3
G	10944	1135	75
G	18687	1349	21
G	10949	473	10
G	25308	55	2
G	28133	163	2
G	31476	132	2
G	28660	1644	49
G	10958	666	8
G	10959	169	1
G	29311	899	17
G	10962	146	17
G	10966	1915	62
G	10967	238	22
G	10969	125	2
G	10971	333	11
G	30265	812	34
G	10972	169	5
G	30057	116	4
G	20669	692	18
G	10976	91	1
G	10980	123	4
G	10981	554	8
G	10982	133	3
G	22772	1455	31
G	27832	2654	52
G	10986	650	8
G	20672	137	3
G	10992	116	0
G	31091	419	35
G	24994	294	10
G	28694	86	6
G	18695	160	9
G	11002	1253	29
G	24983	345	12
G	22779	1031	149
G	11009	112	6
G	32014	364	17
G	11014	90	0
G	22781	72	1
G	18704	1809	86
G	18705	75	0
G	11020	145	9
G	25674	490	5
G	24649	230	0
G	18707	3541	139
G	18708	100	1
G	27732	156	3
G	11025	54847	2891
G	25732	91	1
G	29090	429	13
G	11034	111	4
G	25229	81	1
G	18710	150	3
G	11035	4512	102
G	11037	107	3
G	11040	181	3
G	25349	2	1
G	18712	106	4
G	18713	237	4
G	11044	81	7
G	22784	94	2
G	11046	643	17
G	11049	1767	27
G	29825	204	7
G	18716	244	1
G	11054	77	2
G	27377	79	0
G	11055	66	8
G	11056	97	5
G	11061	156	9
G	11063	208	6
G	27894	142	0
G	11064	11051	791
G	18720	106	0
G	26014	224	1
G	11075	206	4
G	31927	581	6
G	18725	93	30
G	29890	402	7
G	11077	3052	36
G	11084	159	9
G	28359	430	10
G	18726	699	11
G	11091	133	2
G	11093	83	2
G	22790	65	4
G	22794	34063	836
G	11101	92	1
G	11103	184	1
G	11104	1730	284
G	11108	66	2
G	11110	1643	30
G	29710	522	15
G	11114	116	1
G	11116	93	6
G	28360	608	14
G	11119	383	14
G	11120	2133	150
G	18729	169	8
G	26275	2719	61
G	11126	599	13
G	30824	135	5
G	11128	189	6
G	22796	96	3
G	11129	1331	49
G	11136	158	6
G	26196	83	2
G	11137	330	4
G	11138	757	13
G	11139	119	6
G	11140	176	14
G	11144	68	1
G	11146	513	19
G	18732	247	5
G	11150	573	12
G	25322	113	18
G	22801	86	2
G	28647	121	7
G	11152	115	3
G	11153	330	9
G	11154	169	5
G	11159	718	4
G	22802	3691	109
G	11161	83	19
G	22804	430	7
G	11162	324	6
G	28453	147	1
G	11165	10158	312
G	18737	8935	235
G	11168	209	3
G	11169	131	5
G	11174	111	1
G	11175	691	23
G	27958	79	2
G	31684	4935	39
G	27639	126	1
G	11180	1698	36
G	30320	128	5
G	11183	80	5
G	11186	145	0
G	11190	111	6
G	11191	189	3
G	11193	71	5
G	11194	929	44
G	11195	623	25
G	11196	189	5
G	11199	9112	555
G	22808	455	13
G	11200	96	0
G	18743	275	23
G	11202	180	3
G	22809	409	3
G	11205	79	3
G	29502	529	3
G	30978	303	13
G	11206	344	4
G	11207	283	7
G	11208	200	5
G	29091	136	1
G	11213	137	3
G	11214	67	3
G	25809	1026	57
G	11220	241	6
G	18747	111	34
G	25479	11866	241
G	11231	1107	24
G	11232	85	0
G	18748	151	7
G	11233	1402	14
G	24249	2918	35
G	11235	931	5
G	30459	143	0
G	11240	124	42
G	11241	75	4
G	22817	127	1
G	11244	925	60
G	11245	6030	221
G	11252	402	18
G	29962	136	10
G	11253	492	14
G	11254	73	3
G	11256	118	5
G	26884	74	7
G	31423	225	2
G	11257	178	2
G	11258	149	18
G	24312	4162	75
G	11259	3382	106
G	11261	18013	726
G	30774	344	11
G	11264	3233	83
G	11265	71	1
G	28170	132	0
G	11268	106	2
G	11270	86	2
G	29990	171	8
G	18757	223	8
G	11274	232	2
G	11275	66	1
G	18759	205	12
G	11278	187	3
G	18760	479	3
G	11282	161	10
G	24827	344	12
G	18761	2570	50
G	11286	226	17
G	11287	112	4
G	18764	168	8
G	11288	104	3
G	11292	110	1
G	24179	506	20
G	11293	86	11
G	18767	692	8
G	11296	207	2
G	25522	7	1
G	11300	152	5
G	11301	127	5
G	29855	824	13
G	18770	214	1
G	11303	248	9
G	11306	849	32
G	11307	502	10
G	11310	227	22
G	11313	415	17
G	18772	390	7
G	11314	106	1
G	11315	82	0
G	11316	2628	38
G	11320	105	1
G	11321	173	6
G	18774	761	11
G	31937	710	21
G	22827	217	9
G	26945	4421	88
G	27921	212	3
G	11326	74	0
G	22830	167	1
G	26607	975	50
G	25350	182	2
G	11328	919	59
G	18777	71	6
G	18778	307	13
G	11331	429	9
G	11332	556	40
G	11333	445	8
G	11334	88	3
G	11336	1376	228
G	11337	74	2
G	11338	105	3
G	11341	812	39
G	11343	67	0
G	18780	405	23
G	30426	122	0
G	23891	704	115
G	11348	86	3
G	11350	119	2
G	11354	385	19
G	24116	831	15
G	11364	86	10
G	11366	261	78
G	11369	77	3
G	26708	4031	90
G	11374	71	1
G	11378	3729	136
G	11379	120	3
G	11381	90	5
G	26244	778	54
G	11384	144	2
G	18784	133	5
G	11387	177	8
G	11389	228	2
G	26178	183	1
G	31191	3634	90
G	11395	204	7
G	31153	127	4
G	11399	299	8
G	11401	478	17
G	25724	265	36
G	11405	196	6
G	11407	130	3
G	27427	279	7
G	18788	2269	51
G	11413	179	4
G	22840	281	9
G	11416	698	9
G	30667	67	2
G	11421	78	1
G	11423	3424	78
G	30734	128	1
G	28860	119	3
G	11430	28236	847
G	11434	597	15
G	11436	84	6
G	28497	1492	7
G	11438	99	2
G	11440	171	3
G	11442	95	11
G	11444	291	6
G	11445	181	10
G	11447	2014	112
G	11450	176	4
G	22847	258	11
G	11459	244	3
G	11460	87	3
G	11464	133	3
G	11466	144	1
G	11467	654	11
G	22850	436	43
G	18796	117	16
G	18797	81	2
G	18798	67	10
G	23929	76	5
G	11472	574	18
G	11475	2062	34
G	18801	205	4
G	11476	30599	739
G	30637	78	1
G	18802	1510	6
G	11481	172	10
G	11488	74	6
G	22852	6340	179
G	11494	80	25
G	31526	195	6
G	11501	79	1
G	11504	183	12
G	11505	105	3
G	11507	335	5
G	11510	253	9
G	22857	289	10
G	11512	127	5
G	24258	265	18
G	11513	2817	46
G	11516	249	8
G	11522	190	5
G	18809	2110	40
G	31762	80	3
G	11528	702	15
G	18812	142	2
G	11529	679	9
G	27880	220	8
G	11531	519	33
G	11534	201	6
G	11536	131	3
G	11537	162	2
G	11538	180	7
G	11541	147	3
G	11542	80	4
G	11543	187	3
G	11546	123	4
G	11547	69	1
G	11551	6732	226
G	11552	190	11
G	24072	65	1
G	11555	126	3
G	11556	3149	104
G	25734	72	5
G	11558	65	2
G	11561	184	0
G	11566	107	14
G	30699	114	1
G	18818	1261	19
G	11571	150	1
G	28898	99	1
G	30909	77	1
G	18822	66	3
G	31283	858	8
G	11578	475	10
G	11579	554	14
G	22866	132	0
G	22867	73	1
G	11581	764	8
G	30834	312	17
G	11582	4072	49
G	11583	243	25
G	11585	5710	228
G	11587	1319	51
G	18827	1176	33
G	30841	315	12
G	29583	13085	195
G	24783	292	7
G	11597	219	22
G	24799	149	11
G	11599	839	149
G	11600	80	2
G	11601	270	10
G	11603	72	3
G	11605	78	11
G	11606	171	7
G	26902	142	1
G	11607	191	8
G	11608	111	3
G	18833	9371	110
G	11613	78	2
G	11614	4103	77
G	11615	132	13
G	22871	211	6
G	11619	219	4
G	22873	257	4
G	11620	217	5
G	11623	129	0
G	22876	111	2
G	11627	163	2
G	11631	7900	66
G	22877	228	8
G	26179	1103	32
G	11634	388	21
G	20707	67052	1546
G	11635	181	4
G	18842	80	2
G	11638	33749	440
G	11640	1856	16
G	11642	86	5
G	22878	70	4
G	11644	298	8
G	11646	180	3
G	18846	209	8
G	11649	31406	525
G	11650	131	2
G	11651	96	1
G	11653	116	0
G	11654	21830	519
G	22881	250	1
G	18848	859	54
G	23966	97	6
G	11655	6915	358
G	11656	1678	24
G	11659	10665	308
G	26885	109	7
G	31986	78	2
G	20710	2502	27
G	25313	25	3
G	11667	299	9
G	11669	79	1
G	24595	69	5
G	18853	204	4
G	27132	273	7
G	11673	173	4
G	26668	5082	79
G	11677	94	2
G	31396	79	1
G	31209	4005	55
G	11680	82	1
G	11681	279	6
G	11682	161	5
G	11684	3451	84
G	11685	120	3
G	11686	255	6
G	26998	538	19
G	25623	258	74
G	18859	114	4
G	11693	120	4
G	11696	171	3
G	11697	92	10
G	11700	359	8
G	11701	81	3
G	11704	540	7
G	28268	6002	124
G	11705	129	5
G	11707	169	4
G	11708	829	36
G	31328	103	1
G	11713	57934	2092
G	27066	145	9
G	11716	10745	219
G	11723	103	2
G	11724	188	7
G	11726	3035	181
G	11728	87	0
G	18861	114	4
G	11729	951	21
G	11733	10986	267
G	11735	113	7
G	18862	631	11
G	25399	327	19
G	27099	669	11
G	22888	369	8
G	25215	149	9
G	11751	802	56
G	11754	510	9
G	11755	79	4
G	11756	72	1
G	11759	13489	261
G	25152	17	4
G	22890	118	1
G	18867	152	1
G	28203	80	9
G	11772	4855	745
G	11773	408	11
G	11775	416	20
G	30562	65	0
G	11780	257	28
G	20713	97	1
G	25026	90	6
G	28245	16561	412
G	26642	276	1
G	11785	177	5
G	11786	342	11
G	11790	289	10
G	11791	123	3
G	11792	128	1
G	30079	66	4
G	11794	245	7
G	11796	105	1
G	11799	1247	133
G	18871	4679	52
G	11800	1360	16
G	22893	299	13
G	25527	4	1
G	11803	5912	104
G	20716	4855	79
G	11805	1122	61
G	25956	1328	28
G	22896	100	2
G	11807	161	6
G	11813	9929	139
G	22900	78	1
G	20717	1632	28
G	20718	29935	618
G	11814	308	7
G	25336	144	5
G	11819	103	9
G	27833	178	7
G	11822	157	4
G	20721	1824	19
G	22901	295	16
G	11825	169	2
G	18877	273	3
G	11831	551	3
G	23862	243	1
G	24730	196	3
G	11838	5183	158
G	11840	189	6
G	31749	529	17
G	30199	297	7
G	18879	364	7
G	11844	1187	41
G	11846	123	6
G	18881	279	4
G	11847	741	24
G	22907	451	33
G	11851	350	7
G	11852	88	0
G	11853	65	7
G	18884	332	10
G	25134	9967	260
G	11860	1478	18
G	11863	94	7
G	24196	72	3
G	27294	102	38
G	28763	685	12
G	11868	78	3
G	18889	300	1
G	11873	1516	22
G	22910	168	4
G	11875	1159	70
G	11877	6585	59
G	11882	218	7
G	11883	557	13
G	18892	204	5
G	11890	501	6
G	11891	72	10
G	11893	79	1
G	26070	114	9
G	22913	552	80
G	26039	78	3
G	11896	471	1
G	26374	88	6
G	11897	712	2
G	11899	99	5
G	11900	674	12
G	11903	169	12
G	11904	104	7
G	18894	722	19
G	11905	356	7
G	11907	279	2
G	28648	523	13
G	25538	239	36
G	25686	2282	63
G	11912	1770	85
G	11917	80	1
G	11918	552	102
G	11925	1792	76
G	22917	130	1
G	25488	65	2
G	25957	575	4
G	11928	184	4
G	11930	3767	752
G	18900	239	2
G	11933	243	49
G	11935	147	3
G	11940	4163	155
G	29375	2005	68
G	28665	163	0
G	11941	165	2
G	11944	221	7
G	11946	238	9
G	18904	199	6
G	11947	334	4
G	11948	79	2
G	18905	82	1
G	18907	1201	29
G	11960	107	3
G	31503	3178	83
G	11965	310	20
G	11967	112	7
G	30654	94	1
G	28361	5947	58
G	11970	69	4
G	11971	4108	589
G	27794	195	11
G	26401	68	2
G	24000	583	9
G	28188	168	9
G	11975	137	7
G	11976	155	7
G	11978	105	4
G	11979	120	2
G	22923	405	3
G	11987	665	8
G	28904	904	57
G	11994	71	0
G	11996	443	27
G	12001	183	7
G	12002	84	3
G	12004	84	1
G	12008	183	3
G	25394	15	2
G	22932	67	2
G	12013	457	1
G	28151	319	13
G	18915	626	101
G	18916	201	1
G	12024	932	17
G	22934	573	12
G	30210	84	5
G	26282	353	10
G	12029	74	0
G	18920	108	5
G	12037	86	0
G	12041	113	8
G	12043	284	11
G	30460	3961	166
G	22937	103	4
G	12046	2909	89
G	29714	105	4
G	12051	88	2
G	12052	114	0
G	12053	38327	988
G	12054	2259	12
G	12056	80	5
G	12057	178	2
G	12063	1062	33
G	12064	100	5
G	12066	125	6
G	22941	12479	129
G	25125	444	93
G	25339	1	1
G	12084	175	8
G	12088	302	11
G	31552	86	5
G	12090	135	5
G	12092	1863	234
G	12095	633	55
G	28411	2162	97
G	22949	316	3
G	20734	1365	22
G	12100	168	8
G	20735	81	2
G	12102	99	11
G	18935	1104	31
G	28299	97	2
G	12104	112	3
G	12107	99	2
G	24603	114	4
G	22950	618	11
G	12111	1316	31
G	26164	94	1
G	12112	68	4
G	22953	116	2
G	12116	123	4
G	30521	120	3
G	12119	66	2
G	20737	80	4
G	12120	108	9
G	24677	229	27
G	27367	128	3
G	27897	287	1
G	12123	108	7
G	25188	542	6
G	12126	1532	83
G	12128	403	7
G	18939	633	23
G	27085	2261	42
G	18940	165	9
G	20738	169	12
G	12132	447	39
G	12133	195	22
G	22954	117	5
G	25549	1	1
G	12135	65	4
G	26709	142	4
G	12136	157	4
G	20739	108	19
G	20740	85	3
G	22957	470	15
G	25676	267	12
G	12144	355	19
G	29428	2992	48
G	12145	70	0
G	12150	1142	41
G	12151	74	6
G	12153	165	12
G	12155	1766	23
G	12157	119	7
G	12158	6244	113
G	12159	159	5
G	31636	80	3
G	22960	95	10
G	31259	2645	61
G	12166	70	34
G	26375	384	5
G	12169	112	6
G	12173	3764	292
G	22963	155	5
G	25153	2136	158
G	25402	126	7
G	26815	78	2
G	12175	345	15
G	12176	82	1
G	22964	69	1
G	12180	351	14
G	12182	1907	77
G	20744	2240	19
G	24352	428	9
G	12184	65	4
G	12185	249	12
G	12186	5749	378
G	18952	3497	24
G	19963	722	6
G	12187	693	10
G	12194	105	2
G	24319	65	1
G	19964	744	12
G	25498	55	2
G	18955	154	7
G	22970	309	19
G	12205	90	3
G	18956	119	7
G	18957	71	0
G	22971	133	11
G	25126	1656	303
G	22973	707	7
G	18959	223	5
G	12206	1060	72
G	28489	135	4
G	27041	196	7
G	12213	173	5
G	24032	66	4
G	27592	254	2
G	18962	85	6
G	23938	629	11
G	12218	543	24
G	28441	1917	16
G	12221	1481	16
G	25235	705	71
G	12229	514	36
G	18968	112	1
G	31305	192	9
G	12232	307	6
G	18969	97	1
G	25323	15	2
G	12239	706	16
G	12242	140	1
G	12244	738	71
G	12245	336	5
G	27067	5700	230
G	12251	1617	72
G	12256	7091	148
G	26146	245	5
G	12261	178	3
G	22982	309	12
G	12268	198	5
G	28284	187	7
G	12271	268	10
G	12272	1604	29
G	12273	7074	417
G	12274	250	17
G	22984	10098	108
G	12275	90	2
G	12276	93	10
G	12279	71	3
G	12282	99	6
G	22987	592	0
G	12286	1662	40
G	12289	204	14
G	12292	549	35
G	12295	261	9
G	27192	228	29
G	12301	1240	70
G	30682	232	9
G	12305	503	9
G	18978	1069	56
G	12307	5102	326
G	26816	372	9
G	25219	22	1
G	12311	674	14
G	12313	1181	33
G	12314	537	7
G	12323	173	7
G	12324	67	3
G	12325	1074	24
G	24049	433	4
G	12332	147	3
G	12333	308	6
G	12335	1767	30
G	12337	92	9
G	12338	75	2
G	21031	98	4
G	12341	143	3
G	20752	9787	455
G	12346	7036	1267
G	12347	332	13
G	12349	201	7
G	25518	35	1
G	12350	965	16
G	12354	67	0
G	12356	82	2
G	12357	204	10
G	20753	83	14
G	12360	116	2
G	12362	502	12
G	28465	87	7
G	12363	1000	129
G	23003	1480	49
G	12364	821	36
G	27023	66	0
G	29201	2474	57
G	12367	67	0
G	28702	165	9
G	25299	1	0
G	18989	1258	16
G	12374	2412	76
G	31756	74	1
G	12378	680	44
G	25351	71	4
G	12382	45303	1218
G	25510	196	3
G	12384	1614	362
G	12387	94	1
G	12388	223	18
G	12394	580	136
G	12395	3262	38
G	18994	595	4
G	18995	108	9
G	23013	134	0
G	12401	608	9
G	12405	340	6
G	28961	68	9
G	18996	173	9
G	23019	87	1
G	12412	100	4
G	23020	11989	231
G	12417	81	4
G	12419	6182	275
G	12420	65	3
G	12421	431	23
G	26657	141	0
G	12422	32403	768
G	18998	96	1
G	12427	89	4
G	12428	351	6
G	12429	69	3
G	19966	101	2
G	12431	828	20
G	26583	77	0
G	23023	1178	141
G	30538	109	4
G	12432	466	13
G	25744	206	12
G	12438	233	17
G	30726	2654	32
G	12440	3749	202
G	12443	670	15
G	12444	75	3
G	12445	165	9
G	23907	259	10
G	12447	111	6
G	12449	81	4
G	29008	263	12
G	12451	10963	315
G	12453	414	8
G	26688	1520	22
G	12454	2074	355
G	12456	8274	313
G	29717	158	9
G	12458	149	2
G	12462	91	7
G	19967	475	2
G	12467	932	99
G	12468	373	12
G	23025	74	6
G	25395	137	7
G	20761	111	2
G	12473	526	106
G	12475	105	5
G	12478	73	0
G	12479	247	2
G	12481	1828	26
G	12482	134	3
G	12483	82	4
G	12484	119	3
G	12485	550	32
G	12487	1229	63
G	12488	572	10
G	24914	925	21
G	12491	108	9
G	12495	693	63
G	19010	259	22
G	12498	86	0
G	23032	120	13
G	26538	170	14
G	19012	285	6
G	12504	1313	195
G	12513	118	4
G	23035	87	5
G	23036	421	3
G	12516	369	10
G	12517	1374	198
G	12519	222	11
G	12521	306	8
G	12523	104	17
G	20767	82	2
G	12524	204	15
G	12526	88	1
G	12527	216	6
G	12528	834	19
G	12531	74	3
G	23039	513	18
G	19015	9600	330
G	23041	10572	135
G	25627	598	37
G	12533	120	4
G	12534	183	29
G	12535	1268	29
G	21033	201	10
G	24372	230	3
G	12540	159	9
G	12541	110	3
G	12542	293	5
G	12544	280	13
G	12546	85	5
G	23043	78	5
G	24389	113	8
G	28912	242	6
G	25309	76	2
G	30461	103	1
G	12558	536	109
G	23046	124	13
G	20770	120	5
G	19021	136	2
G	23048	338	1
G	26269	99	5
G	12565	343	12
G	12567	71	1
G	12570	383	6
G	20772	129	4
G	25692	3833	55
G	12573	119	2
G	30033	250	9
G	12575	5792	85
G	12577	927	21
G	19027	188	8
G	12582	65	2
G	28708	98	0
G	24397	121	0
G	23051	214	5
G	12591	355	4
G	28791	117	2
G	31425	2971	48
G	12601	1359	25
G	19033	293	74
G	12604	1257	82
G	23052	110	2
G	19034	74	4
G	12607	68	2
G	30365	153185	2084
G	12608	75	12
G	12609	380	31
G	26042	115	21
G	19036	76	6
G	25400	79	1
G	23054	65	2
G	25012	230	2
G	12612	100	2
G	12615	150	3
G	12616	465	7
G	29554	1637	34
G	27271	450	12
G	27428	234	2
G	12622	135	1
G	23055	170	7
G	23056	81	4
G	12623	378	11
G	12625	67	0
G	12627	475	22
G	20773	3640	82
G	12629	310	6
G	12631	142	5
G	12632	937	14
G	19041	67	3
G	19042	391	14
G	27331	108	9
G	19043	104	2
G	12635	2534	126
G	12636	74	5
G	12638	283	13
G	12639	116	2
G	12640	89	3
G	19968	188	6
G	25358	452	13
G	12642	573	23
G	12643	363	9
G	12644	1561	50
G	12647	100	4
G	12648	202	5
G	19048	765	18
G	23059	66	3
G	20775	391	13
G	20776	120	1
G	12653	850	44
G	12654	216	1
G	12656	76	7
G	12658	100	1
G	12660	12840	238
G	12664	1971	51
G	27429	90	2
G	12667	81	3
G	12668	251	10
G	12669	149	2
G	23061	322	2
G	12671	468	17
G	12673	627	11
G	12674	98	6
G	12675	146	6
G	23065	78	4
G	12676	659	10
G	12679	113	10
G	12680	118	2
G	19052	108	2
G	23066	336	13
G	12683	129	1
G	12684	199	8
G	12686	2687	114
G	12688	3980	141
G	12691	346	12
G	12692	113	0
G	12694	1157	18
G	12699	599	12
G	25489	126	3
G	12700	1044	6
G	12704	1276	12
G	12705	15411	177
G	12708	271	2
G	25190	44	7
G	12710	179	6
G	12713	116	4
G	19970	78	6
G	12719	524	89
G	23077	85	8
G	12722	128	3
G	12725	1175	36
G	28861	307	2
G	12734	896	46
G	12736	440	16
G	19064	133	2
G	12743	92	5
G	26818	112	1
G	20780	200	1
G	12745	3016	81
G	12747	930	65
G	29720	1221	23
G	24928	513	4
G	29721	332	14
G	12753	184	1
G	12756	410	19
G	12757	2313	29
G	12760	1958	29
G	12762	250	2
G	12765	86	1
G	19068	3356	288
G	27594	471	8
G	12768	1118	64
G	12773	93	6
G	19069	200	7
G	12775	397	6
G	23082	149	2
G	12776	195	2
G	12779	243	17
G	12780	69	7
G	19071	458	7
G	12782	67160	1404
G	12783	107	2
G	12786	1312	55
G	23083	134	3
G	20783	2084	33
G	12789	145	5
G	23085	74	1
G	12792	178	0
G	12793	251	24
G	12794	66	2
G	12795	672	20
G	26392	120	2
G	23088	196	16
G	12800	3496	68
G	12802	145	6
G	12804	82	5
G	19073	10832	406
G	27101	86	7
G	28030	110	3
G	12810	3213	144
G	30852	922	13
G	12812	324	63
G	12814	278	35
G	12815	867	14
G	12816	1845	211
G	26613	87	2
G	12817	491	10
G	12818	77	4
G	31101	169	3
G	29344	134	6
G	19078	68	0
G	19079	552	14
G	28927	472	8
G	12822	222	13
G	20785	318	5
G	12826	319	8
G	12827	6434	534
G	27175	134	1
G	12828	4864	107
G	20786	186	26
G	12830	130	2
G	23092	720	11
G	19083	87	4
G	19085	198	3
G	25966	1472	27
G	12838	167	5
G	12839	120	4
G	12841	177	10
G	12842	138	4
G	12843	76	2
G	12844	4974	553
G	12845	1738	38
G	26165	222	8
G	20788	73	6
G	31667	217	10
G	12850	198	9
G	32036	102	2
G	23093	66	10
G	12852	14308	156
G	12853	91	2
G	12854	201	6
G	12855	340	20
G	20789	281	2
G	25778	130	46
G	12858	166	6
G	12859	402	27
G	12860	162	3
G	19089	331	6
G	12861	249	12
G	23096	333	5
G	23097	366	3
G	19092	2228	71
G	25472	1	1
G	23098	66	10
G	12868	200	16
G	26826	1383	10
G	19094	73	2
G	12875	450	9
G	23100	520	9
G	12876	66	5
G	23101	464	11
G	12877	91	9
G	12878	187	3
G	12879	68	1
G	20790	70	1
G	12884	144	4
G	28942	177	5
G	27339	290	54
G	25210	168	6
G	12886	1051	13
G	12887	86	0
G	12888	87	0
G	29906	4595	91
G	12889	84	3
G	23104	102	33
G	19099	96	0
G	12890	292	12
G	12891	183	2
G	12892	232	8
G	27024	108	4
G	12894	90	2
G	19100	1126	21
G	12898	150	1
G	12899	81	1
G	12904	153	3
G	12905	440	8
G	23109	83	3
G	12907	267	7
G	25561	13024	180
G	30737	180	18
G	30086	307	8
G	12911	114	1
G	12915	132	3
G	12916	100	8
G	12918	9326	306
G	19103	139	0
G	19104	154	0
G	12927	130	3
G	25324	6	2
G	25630	817	121
G	25631	167	13
G	12932	88	6
G	12937	2695	40
G	12944	991	68
G	12946	122	5
G	12949	1564	237
G	12950	185	7
G	25424	127	8
G	12957	756	7
G	12958	101	4
G	12959	340	8
G	19106	5390	105
G	12961	1346	203
G	31637	83	0
G	29173	2061	41
G	12967	92	4
G	12970	100	2
G	12971	295	4
G	12973	145	4
G	12974	156	7
G	12976	100	3
G	12977	83	2
G	12979	604	4
G	12980	74	2
G	12982	90	1
G	12985	633	18
G	30038	534	2
G	29231	133	0
G	19110	471	57
G	12988	157	4
G	12989	548	11
G	12990	434	8
G	12991	222	2
G	12994	144	3
G	12996	6350	87
G	12997	1327	8
G	12998	531	8
G	12999	2016	75
G	31706	311	4
G	23122	103	5
G	19113	11687	597
G	13001	3708	86
G	23124	3413	36
G	19114	672	16
G	13006	99	4
G	23125	1336	18
G	25419	46	6
G	30366	105	4
G	20796	96	1
G	23127	86	5
G	25632	164	20
G	13012	158	2
G	13015	338	7
G	31671	739	24
G	13019	606	8
G	13021	10596	168
G	13023	130	43
G	19118	2721	193
G	13024	130	2
G	13025	81	5
G	31145	1270	31
G	23132	169	8
G	13032	310	12
G	23133	202	3
G	13035	69	11
G	13038	479	12
G	13039	284	19
G	23723	73	2
G	19121	69	2
G	13047	680	47
G	13049	389	9
G	13050	72	2
G	24078	68	2
G	24796	269	8
G	13052	171	9
G	13053	241	20
G	13055	344	71
G	13058	230	12
G	13059	256	8
G	13060	67	0
G	29722	263	2
G	13062	139	1
G	13066	72	1
G	13067	414	13
G	26819	246	1
G	19127	974	31
G	13071	87	14
G	27369	368	10
G	13077	152	8
G	13078	748	22
G	27252	674	58
G	13082	128	9
G	13084	502	105
G	29724	79	2
G	13087	199	0
G	28466	805	16
G	19972	194	1
G	24806	91	1
G	19131	171	3
G	13092	179	3
G	13096	79	6
G	13097	5666	283
G	31068	172	7
G	19132	96	2
G	13099	373	10
G	13100	77	0
G	13101	3698	69
G	13102	98	2
G	13103	1434	47
G	13105	639	57
G	19135	1359	65
G	13109	1365	64
G	13112	120	4
G	13114	188	1
G	25442	348	7
G	13115	71	3
G	13123	22086	423
G	23145	90	2
G	19973	268	3
G	30491	93	7
G	26307	83	0
G	13135	86	2
G	13136	75	4
G	24865	181	5
G	13140	167	14
G	13141	230	3
G	13148	2429	71
G	13149	1999	58
G	13150	199	1
G	13152	20249	448
G	13153	542	13
G	13155	723	26
G	13157	361	8
G	13158	189	3
G	30059	66	4
G	20807	1499	31
G	13166	225	1
G	23853	5840	200
G	13172	72	8
G	24087	224	5
G	13173	128	40
G	13174	3744	34
G	30853	256	20
G	26220	423	4
G	20808	1005	25
G	20809	161	3
G	26417	304	7
G	13176	138	1
G	13179	99	0
G	13182	498	42
G	20811	330	12
G	23152	207	3
G	13185	151	4
G	24241	4958	102
G	31522	1175	31
G	24177	506	11
G	13194	80	5
G	13196	318	8
G	19148	287	3
G	19149	67	2
G	26552	7842	169
G	23156	82	5
G	13199	167	13
G	13201	30275	509
G	13202	38033	721
G	13206	3317	58
G	13212	2132	73
G	19153	111	0
G	23159	517	33
G	13218	321	7
G	13219	2586	113
G	13222	151	8
G	19156	229	4
G	13225	3026	64
G	13226	114	11
G	13228	157	4
G	13229	111	3
G	19158	172	0
G	31872	1251	19
G	20815	713	3
G	27849	381	10
G	13238	9391	409
G	29007	11869	132
G	26182	941	21
G	13241	79	0
G	13244	686	8
G	13245	91	3
G	13246	268	22
G	13247	4137	50
G	19160	67	0
G	13248	403	28
G	13249	69	0
G	23163	164	2
G	13254	75	2
G	13255	73443	1202
G	13256	67	2
G	13257	109	3
G	19163	100	4
G	13260	3528	473
G	23165	456	4
G	13270	617	17
G	13271	114	2
G	13273	215	3
G	13274	108	8
G	25245	85	2
G	13276	2519	74
G	13281	92	1
G	25677	585	200
G	13282	67	1
G	13283	220	7
G	23167	1369	12
G	30825	700	9
G	13285	106	2
G	13287	349	22
G	13288	108	4
G	13289	92	2
G	28204	87	3
G	13292	251	5
G	13295	613	25
G	13296	2588	37
G	27850	514	0
G	13297	11936	960
G	13300	356	13
G	23170	89	1
G	13301	490	8
G	23171	11828	257
G	13302	362	6
G	13305	184	2
G	23172	93	2
G	13309	203	5
G	19177	825	68
G	13313	196	4
G	13315	181	9
G	24896	219	8
G	13317	123	6
G	13318	116	10
G	13319	95	2
G	25480	278	6
G	13328	1634	21
G	13330	109	0
G	13334	299	10
G	23179	455	11
G	13337	3614	51
G	23180	96	1
G	27153	99	2
G	24065	157	7
G	13342	95	3
G	13343	84	4
G	13344	634	5
G	27436	3313	71
G	13351	272	3
G	24518	641	11
G	30745	99	2
G	25168	6	1
G	30288	2099	49
G	25719	82	2
G	26048	5576	131
G	13361	494	11
G	23181	161	1
G	31194	111	1
G	26297	312	10
G	13364	104	6
G	13366	974	17
G	26479	292	14
G	25968	155	7
G	23183	173	6
G	25550	19	9
G	27361	69	2
G	13371	329	2
G	27495	6305	135
G	13377	80	1
G	28205	442	4
G	30477	164	4
G	23185	117	3
G	13380	73	3
G	13383	220	17
G	13386	74	2
G	13387	325	14
G	23186	76	8
G	19187	1057	24
G	13389	84	2
G	29495	178	6
G	13392	1156	64
G	13393	225	6
G	13394	83	1
G	31333	1765	61
G	13396	248	13
G	13399	2068	36
G	26270	69	1
G	13400	204	9
G	13403	185	0
G	13404	2466	243
G	13406	338	6
G	13409	1399	38
G	13411	19143	342
G	28796	549	65
G	13414	257	9
G	13417	67	2
G	23194	195	22
G	13425	141	2
G	23196	190	2
G	13427	347	8
G	23199	76	2
G	23200	304	5
G	19196	261	21
G	19197	319	5
G	13440	298	8
G	21034	395	10
G	13447	2510	144
G	13448	78	5
G	13451	89	4
G	26058	2850	54
G	23201	182	27
G	25183	9	1
G	19201	2812	137
G	13453	176	17
G	13455	4373	133
G	25505	89	12
G	13460	358	14
G	23202	1052	26
G	13461	66	2
G	13462	870	37
G	13464	1775	31
G	24529	498	7
G	13468	126	9
G	13469	68	7
G	23203	146	11
G	13473	68	1
G	31688	67	2
G	24173	203	6
G	25519	16	1
G	13477	345	7
G	19210	197	6
G	13479	200	4
G	31605	141	4
G	26393	84	3
G	13482	99	8
G	13483	263	17
G	19211	2258	73
G	13486	310	7
G	13487	426	9
G	23206	623	16
G	25634	134	7
G	23207	295	5
G	30207	457	10
G	24489	214	0
G	13492	208	6
G	19215	328	30
G	20831	7451	35
G	13496	338	6
G	19216	192	2
G	13501	159	30
G	13502	1385	65
G	31735	66	31
G	13503	183	2
G	26981	122	0
G	13510	107	3
G	13512	172	3
G	13514	195	6
G	13515	273	2
G	13516	137	5
G	13520	392	10
G	13525	216	6
G	29062	722	25
G	13527	353	9
G	13529	169	3
G	13531	445	20
G	25635	77	3
G	13536	6548	230
G	13538	114	7
G	13539	345	8
G	19219	1754	34
G	13541	188	2
G	13545	2725	146
G	29425	175	10
G	23822	160	5
G	13553	153	3
G	13554	245	12
G	13556	443	7
G	19222	75	0
G	29232	1596	145
G	13558	3856	89
G	19223	85	1
G	13562	79	6
G	27883	194	4
G	13564	139	0
G	13565	131	3
G	27025	778	30
G	13567	1581	47
G	19228	4161	169
G	23216	69	7
G	13572	74	1
G	23219	471	16
G	13573	132	6
G	27086	8395	69
G	29606	7018	213
G	13579	82	4
G	13580	99	1
G	13581	600	15
G	13582	93	0
G	13585	214	5
G	13586	1468	23
G	13590	68	5
G	13593	1314	33
G	13598	66	6
G	23225	207	3
G	13599	186	7
G	13600	119	1
G	13601	138	5
G	29725	202	3
G	13602	958	23
G	13604	577	8
G	13605	1840	44
G	19234	87	1
G	19235	148	3
G	13612	479	37
G	13614	103	4
G	24476	131	3
G	13616	475	6
G	27946	8619	147
G	13622	66	1
G	13624	2111	49
G	13626	66	2
G	25490	91	3
G	13628	10979	178
G	13632	78	2
G	13633	451	12
G	13634	202	14
G	13635	542	21
G	13636	183	1
G	13640	142	4
G	13641	97	0
G	13644	121	3
G	13645	2303	141
G	23231	341	13
G	13647	99	1
G	13650	216	24
G	28566	93	4
G	19245	718	13
G	13653	84	2
G	23233	66	1
G	13656	92	1
G	24886	732	18
G	28363	2909	29
G	29032	768	19
G	19246	104	3
G	13665	103	3
G	13666	111	6
G	13668	6757	120
G	13670	98	4
G	20840	85	0
G	13672	134	5
G	13674	69	0
G	13678	127	2
G	13679	3893	86
G	23235	72	0
G	13684	278	6
G	19247	1073	31
G	13687	563	162
G	23236	78	1
G	19248	66	2
G	13688	74	5
G	13689	113	1
G	19252	104	8
G	26471	104	13
G	23238	135	2
G	25511	11	2
G	13696	2948	69
G	13697	474	19
G	30321	229	7
G	13701	402	13
G	13702	368	9
G	13706	99	8
G	24428	89	2
G	13708	82	3
G	26319	100	2
G	13710	178	9
G	13717	120117	3387
G	26846	3346	102
G	29474	116	7
G	13721	817	23
G	20844	77	0
G	13722	2229	44
G	23244	144	7
G	13727	131	5
G	19263	910	7
G	19264	71	2
G	13728	249	7
G	13731	66	2
G	13732	168	2
G	13735	96	2
G	13736	561	31
G	13738	69	1
G	13740	88	1
G	13741	87	6
G	13743	235	5
G	13744	606	17
G	20846	1657	339
G	13748	229	12
G	19267	155	4
G	30591	2703	40
G	26609	936	10
G	13750	107	1
G	23823	436	13
G	13754	449	7
G	13756	18329	405
G	19269	160	13
G	19271	353	14
G	13765	70	0
G	13766	386	82
G	13768	129	1
G	13769	10017	119
G	13770	995	27
G	13774	960	81
G	13775	281	30
G	23254	729	5
G	19277	736	19
G	13776	153	5
G	13784	155	2
G	13785	385	13
G	13786	72	2
G	20849	203	5
G	13787	200	8
G	20850	478	11
G	23259	98	0
G	13789	443	35
G	19283	324	10
G	30531	122	12
G	13794	2214	33
G	13797	87	1
G	13798	12574	391
G	13799	26017	106
G	13800	706	93
G	31132	1487	8
G	20852	70	1
G	13811	109	3
G	13813	1269	52
G	19980	97	0
G	13818	1383	23
G	26722	1521	24
G	13819	384	102
G	13821	434	2
G	25345	4137	62
G	26714	773	32
G	13827	222	5
G	13830	153	2
G	29353	419	7
G	25382	92	3
G	13838	3420	177
G	19290	622	27
G	13840	305	28
G	19291	163	1
G	13842	87	0
G	13843	22019	396
G	32037	103	4
G	23932	132	21
G	31057	99	6
G	31792	873	26
G	13847	880	92
G	24242	415	8
G	13849	87	10
G	13850	12702	448
G	13852	230	4
G	13855	91	13
G	13857	425	11
G	25414	1086	15
G	13864	1330	98
G	20854	89	1
G	28055	203	4
G	23272	222	4
G	30054	2039	56
G	25177	1	1
G	23273	1078	14
G	13879	3132	364
G	13880	176	2
G	13882	233	13
G	25256	1	0
G	19299	87	5
G	13885	183	10
G	13889	68	3
G	13892	2669	33
G	13893	317	18
G	13894	350	9
G	29095	209	1
G	13904	198	14
G	13906	124	1
G	13909	103	8
G	13910	333	2
G	20856	171	1
G	23275	1781	18
G	28880	1772	46
G	26333	195	3
G	13916	69	4
G	29530	130	0
G	13917	850	26
G	13919	139	6
G	30003	91	2
G	13921	137	5
G	13924	120	2
G	13927	118	31
G	26256	118	0
G	13929	459	5
G	13937	9558	520
G	19304	106	2
G	13938	71	3
G	13940	171	5
G	13941	67	1
G	13942	1468	18
G	31834	77	3
G	13946	317	20
G	19307	205	0
G	19308	130	3
G	19310	165	15
G	29644	75	3
G	13954	740	25
G	28153	164	3
G	23970	88	1
G	13960	278	7
G	13961	86	6
G	13967	85	2
G	13969	344	4
G	13970	255	70
G	27795	82	0
G	23283	79	4
G	19313	165	2
G	13975	5505	132
G	30253	322	0
G	26566	911	64
G	24990	402	16
G	19314	157	4
G	19315	116	5
G	13981	204	7
G	13982	120	1
G	27245	81	3
G	13986	74	1
G	19316	5052	181
G	23287	130	5
G	20861	1796	31
G	30703	140	3
G	30292	341	18
G	13993	85	4
G	19318	95	1
G	13997	297	13
G	13998	1535	44
G	25784	73	6
G	23825	225	2
G	19325	82	4
G	14010	67	1
G	23296	4026	138
G	14012	7847	230
G	19327	421	7
G	14017	879	20
G	28530	8002	134
G	14019	404	14
G	14022	97	2
G	14024	111	4
G	14026	89	9
G	27042	238	7
G	14032	2332	368
G	14033	78	1
G	14034	441	27
G	31686	440	6
G	27899	1588	14
G	14038	140	2
G	19330	107	5
G	19331	119	1
G	19332	152	3
G	14043	865	39
G	14044	330	9
G	23302	15792	400
G	14049	88	7
G	14053	122	0
G	14054	851	34
G	14055	164	8
G	23303	76	6
G	23304	8075	385
G	24698	67	1
G	19335	177	5
G	14059	18042	3438
G	19336	66	3
G	29963	147	22
G	14060	2019	40
G	14066	274	43
G	14068	111	3
G	20864	972	47
G	14072	33465	693
G	14078	80	6
G	14079	107	2
G	14083	395	7
G	27528	76	2
G	14088	113	5
G	29017	122	0
G	27865	211	7
G	28794	66	4
G	14095	182	4
G	14097	237	17
G	19344	287	5
G	28032	120	3
G	25520	107	2
G	14104	81	1
G	14112	139	11
G	14114	534	30
G	14116	1350	12
G	14117	2287	43
G	14118	214	19
G	14119	154	5
G	14123	583	18
G	14128	89	2
G	14131	163	7
G	14132	100	2
G	14134	746	21
G	14138	875	8
G	14141	197	3
G	14144	69	4
G	14148	481	14
G	14149	118	0
G	14152	123	8
G	19351	908	36
G	25241	12	1
G	19352	135	2
G	14155	74	1
G	14156	7929	191
G	23840	2282	22
G	14160	65	3
G	14163	2187	96
G	25528	92	1
G	14165	72	4
G	14166	85	7
G	14168	135	7
G	14169	3066	76
G	14173	147	5
G	14174	845	56
G	14178	1504	93
G	31379	110	0
G	14179	322	12
G	19356	358	16
G	14181	111	2
G	14190	200	4
G	14191	116	7
G	14194	22398	309
G	14196	1340	66
G	19358	6765	134
G	14201	274	14
G	14203	510	5
G	14208	119	6
G	31147	190	15
G	19362	932	37
G	14213	408	7
G	14218	116	5
G	14220	71	1
G	14222	128	2
G	14225	557	5
G	14226	86	1
G	14234	136	16
G	14235	107	3
G	14237	104	4
G	25238	1344	40
G	14239	71	2
G	14247	75	6
G	14248	187	11
G	27262	5986	103
G	14251	247	12
G	19366	172	1
G	14256	129	3
G	14257	1497	14
G	14259	65	8
G	14262	481	19
G	25639	1922	53
G	19367	131	1
G	14268	253	4
G	25102	116	34
G	19368	576	16
G	14270	91	1
G	14273	225	21
G	14274	153	5
G	19369	257	2
G	24335	154	3
G	14277	146	6
G	19370	35200	1221
G	14279	959	14
G	14281	478	6
G	14283	634	14
G	14284	199	5
G	23702	88	2
G	14288	1155	12
G	14292	213	8
G	14294	1945	29
G	23340	4497	52
G	14296	221	11
G	14298	254	15
G	19371	995	18
G	14299	278	6
G	14300	114	1
G	14303	259	2
G	14304	71	2
G	14306	282	12
G	25330	38	7
G	14307	444	7
G	25397	28	3
G	14312	175	4
G	19372	325	9
G	14314	89	1
G	23911	661	97
G	14315	307	7
G	14316	355	1
G	19375	296	8
G	14318	377	12
G	14319	129	3
G	14320	456	9
G	14321	9721	138
G	14322	328	13
G	23344	157	10
G	14324	3928	123
G	14326	85	1
G	14327	2067	58
G	14329	257	5
G	14331	497	47
G	29728	76	5
G	14336	1761	44
G	27754	120	3
G	14338	761	10
G	14340	469	16
G	14342	171	6
G	14343	1360	34
G	14344	80	0
G	14346	164	23
G	14348	146	2
G	14351	1362	181
G	14352	66	2
G	19379	272	14
G	14354	993	32
G	25535	8	6
G	14355	6392	159
G	19382	728	31
G	14362	108	10
G	14363	81	0
G	30934	1651	56
G	24341	1354	15
G	28698	762	32
G	14372	593	15
G	28304	205	3
G	23351	518	11
G	19386	145	9
G	14377	4863	892
G	14381	169	2
G	14382	137	4
G	24141	779	18
G	31288	730	18
G	24883	90	3
G	24530	65	8
G	14384	1232	326
G	14387	141	3
G	14395	134	6
G	19389	2456	64
G	19390	142	4
G	28190	215	2
G	19391	551	23
G	24915	78	5
G	14402	1276	22
G	14404	210	2
G	14405	243	2
G	25204	4	3
G	14406	117	5
G	14409	1720	39
G	23941	15136	319
G	14411	669	18
G	14412	298	10
G	14413	1920	26
G	23354	124	2
G	14415	125	12
G	14417	125	5
G	14418	98	2
G	19396	425	14
G	25211	2	1
G	19400	252	4
G	14425	252	18
G	19401	644	27
G	14427	97	8
G	19403	275	8
G	14433	293	14
G	29098	663	29
G	25276	4	1
G	14435	501	19
G	14436	178	4
G	28076	158	6
G	28817	141	6
G	19409	411	19
G	19410	149	6
G	14448	169	7
G	19411	236	4
G	24503	830	20
G	14450	232	5
G	27466	80	2
G	14454	115	2
G	29175	324	3
G	31134	72	4
G	14458	288	14
G	14460	161	11
G	14462	1609	14
G	14464	214	4
G	14465	123	5
G	14467	1001	22
G	14469	435	7
G	14471	82	6
G	26524	65	2
G	14477	338	6
G	26483	382	8
G	14481	196	11
G	14485	95	9
G	14488	792	27
G	26283	237	4
G	25495	785	15
G	14498	153	1
G	14499	11483	344
G	14500	625	16
G	14502	82	3
G	27866	1521	55
G	14504	10388	695
G	14505	742	24
G	14507	140	8
G	14508	102	2
G	19420	249	14
G	14509	646	11
G	14510	245	10
G	19421	309	38
G	14513	948	14
G	14515	384	60
G	14520	371	7
G	14522	1036	65
G	14523	83	1
G	14524	232	3
G	14526	294	8
G	20882	112	4
G	23368	1405	74
G	14534	193	1
G	14536	262	7
G	14537	224	18
G	20883	410	85
G	19424	99	3
G	24645	78	4
G	14543	344	10
G	29639	78	0
G	14545	1654	32
G	14546	152	1
G	14547	68	3
G	19425	1415	93
G	26904	180	5
G	19429	65	7
G	14554	110	2
G	19431	153	6
G	14558	349	53
G	24050	412	7
G	29332	252	7
G	14561	517	131
G	14563	451	24
G	28207	803	15
G	19432	71	1
G	14572	204	10
G	23372	114	4
G	19434	586	14
G	14579	244	1
G	14582	80	2
G	14583	121	5
G	14586	86	1
G	14588	89	2
G	26447	518	16
G	24937	70	1
G	28228	111	5
G	14590	134	5
G	30127	755	41
G	31778	270	14
G	14595	118	2
G	19440	993	25
G	14599	134	5
G	14603	72	1
G	20886	133	1
G	14607	139	5
G	19443	179	2
G	14611	144	11
G	23379	83	4
G	14612	69	2
G	14613	257	2
G	29156	83	1
G	14615	340	5
G	14616	1279	37
G	14617	131	2
G	28345	295	9
G	23380	111	2
G	25355	222	5
G	23382	535	7
G	23383	5513	115
G	14619	128	16
G	14620	1468	68
G	14624	262	21
G	31201	66	1
G	19445	182	4
G	14633	1584	33
G	14634	1173	6
G	14641	2843	121
G	14645	122	11
G	14648	147	2
G	31752	81	9
G	14650	148	7
G	31794	80	2
G	14654	174	11
G	14655	191	9
G	14656	4810	214
G	14657	515	5
G	19450	95	2
G	14660	418	14
G	14663	354	4
G	14665	120	5
G	14668	99	8
G	19451	89	9
G	19452	1408	48
G	14671	192	2
G	20887	1560	23
G	19454	37498	773
G	14672	1041	49
G	14673	601	82
G	14674	170	6
G	14675	76	5
G	14677	91	14
G	14678	66	5
G	14680	572	28
G	14682	252	2
G	14683	524	6
G	14684	3057	72
G	14687	5358	192
G	19458	296	6
G	27437	422	11
G	14691	67	1
G	19460	70	3
G	26820	288	9
G	14692	374	20
G	28469	150	2
G	19461	99	1
G	20889	1684	168
G	14695	70	7
G	29599	104	1
G	14697	77	6
G	14700	149	5
G	14701	520	6
G	14707	343	7
G	14712	166	25
G	14714	1353	28
G	14717	109	3
G	20890	132	5
G	14719	6243	192
G	14721	150	2
G	27187	74	6
G	14722	482	5
G	23885	76	0
G	23396	70	3
G	29044	168	1
G	31045	1201	30
G	23397	137	0
G	14730	261	7
G	25642	3124	71
G	23399	381	5
G	31180	634	8
G	14736	1947	27
G	14737	179	8
G	14739	442	12
G	28586	462	8
G	14742	387	9
G	23400	1251	39
G	19468	167	2
G	24026	72	5
G	14748	98	3
G	14751	99	4
G	29354	126	2
G	14752	90	5
G	28270	84	1
G	19472	302	2
G	19473	68	7
G	14756	5557	79
G	14758	104	3
G	14759	118	6
G	14760	113	8
G	19474	77	2
G	19475	856	11
G	14766	367	31
G	14767	413	18
G	14768	331	69
G	14770	340	18
G	14772	112	2
G	14773	123	6
G	19477	73	5
G	19478	363	5
G	27188	441	5
G	14781	265	29
G	14782	74	0
G	14786	130	4
G	14787	79	8
G	14788	115	0
G	14789	114	4
G	14791	17363	481
G	19481	71	1
G	14795	108	1
G	14797	368	18
G	23933	713	89
G	14801	76	1
G	14802	70	1
G	14804	70	5
G	14805	664	97
G	23408	94	2
G	19486	127	4
G	20895	349	0
G	23410	136	8
G	14816	103	6
G	14819	256	5
G	14824	5134	114
G	23414	310	5
G	14826	122	1
G	14827	735	68
G	20897	2197	25
G	25530	4	3
G	14829	94	3
G	14831	1354	17
G	14836	539	15
G	23416	313	9
G	24287	603	7
G	21039	91	1
G	14842	82	0
G	14845	9688	244
G	25979	1397	20
G	23422	212	3
G	14849	65	2
G	14850	413	96
G	14851	973	141
G	14852	116	7
G	14855	2981	375
G	25725	995	13
G	26737	93	4
G	14859	4577	131
G	19496	1928	24
G	19992	90	0
G	29761	82	2
G	14864	98	6
G	30208	244	2
G	14867	77	0
G	14868	92	1
G	14869	542	4
G	14870	301	5
G	14873	1935	20
G	14874	219	15
G	19501	121	4
G	19502	7574	250
G	14879	260	10
G	14881	1174	219
G	14885	454	50
G	19505	17783	312
G	14892	4983	89
G	31446	1124	32
G	24521	381	2
G	14899	405	7
G	14901	187	28
G	14907	353	10
G	27139	88	3
G	14908	568	10
G	20899	148	7
G	14911	150	0
G	26184	572	26
G	19510	185	6
G	21041	86	1
G	19511	65	4
G	27644	145	5
G	14918	947	27
G	14919	221	5
G	14923	82	1
G	24315	1451	45
G	14925	130	6
G	14926	200	12
G	19515	90	2
G	23434	181	12
G	19516	98	7
G	14930	285	7
G	14931	2432	46
G	14933	194	19
G	14935	3206	67
G	23997	1656	26
G	14936	112	2
G	14937	534	8
G	14938	312	5
G	14939	9174	132
G	14941	751	24
G	14942	275	2
G	14947	72	1
G	26441	160	5
G	14948	103	6
G	14949	755	104
G	14950	7054	122
G	19519	266	8
G	19520	88	2
G	19521	233	6
G	14957	145	1
G	23438	1871	69
G	14961	74	6
G	14965	113	2
G	14967	305	17
G	14968	252	3
G	24857	1957	37
G	14970	364	36
G	30526	282	7
G	25246	44	3
G	14971	85	4
G	14973	87	3
G	14974	76	20
G	25545	59	13
G	14978	99	2
G	19524	116	0
G	20904	89	2
G	24316	265	11
G	14990	748	185
G	14991	2104	34
G	14992	132	13
G	19530	67	0
G	20905	6565	204
G	19533	75	4
G	29821	228	12
G	19535	145	6
G	15002	136	8
G	15004	890	12
G	19536	75	5
G	15007	76	2
G	20907	2521	352
G	30561	216	5
G	15010	303	13
G	15011	295	6
G	25551	23	4
G	19997	107	0
G	27716	88	3
G	15017	1978	9
G	19537	1376	39
G	27926	334	4
G	15020	4771	678
G	30492	890	15
G	19538	2504	25
G	15022	164	3
G	15024	2490	80
G	15025	602	20
G	15027	109	0
G	15032	12454	182
G	27211	760	9
G	15034	978	20
G	23446	8771	111
G	15039	226	13
G	15040	102	1
G	28913	219	6
G	15044	95	1
G	25447	259	8
G	15046	102	3
G	15047	713	7
G	15051	120	20
G	19542	1241	35
G	19545	349	6
G	15053	201	2
G	15058	2928	46
G	19546	270	3
G	28470	3299	43
G	31298	1691	93
G	15060	257	4
G	15062	71	0
G	15068	212	3
G	29557	2719	25
G	23450	1828	76
G	15070	120	6
G	15071	138	3
G	19551	137	3
G	15074	78	2
G	15077	989	32
G	15079	537	6
G	15082	1061	48
G	15084	176	15
G	15088	70	6
G	15090	459	5
G	15091	863	21
G	15092	34393	387
G	15093	249	6
G	15098	124	9
G	26153	205	5
G	15104	558	31
G	23856	476	36
G	15106	403	8
G	19554	140	2
G	25353	36	4
G	15110	78	0
G	15112	251	8
G	15113	91	3
G	31005	229	0
G	15115	1375	22
G	19556	1505	16
G	15116	1347	80
G	15117	477	18
G	15119	495	29
G	30220	71	3
G	27391	253	45
G	15120	137	2
G	15121	12629	259
G	15122	1727	81
G	15123	335	2
G	15124	281	4
G	20911	209	3
G	15125	139	4
G	15129	1995	43
G	25980	264	4
G	15130	134	3
G	15132	189	11
G	15136	226	5
G	15138	297	18
G	19562	265	7
G	30593	85	2
G	15148	609	10
G	15149	809	25
G	15150	159	6
G	15151	110	5
G	26105	141	8
G	15152	14651	275
G	15154	285	3
G	15155	162	1
G	23463	389	9
G	23464	22972	535
G	23830	459	15
G	15162	161	12
G	26212	160	34
G	15163	362	12
G	25736	144	2
G	15164	171	5
G	15166	4232	95
G	15169	120	7
G	15170	92	4
G	15177	68212	1254
G	15178	266	6
G	15180	96	1
G	15182	209	3
G	19565	691	1
G	24938	529	10
G	15184	1179	37
G	15187	445	12
G	15188	118	3
G	15189	97	3
G	15190	27282	422
G	15193	112	7
G	27350	111	5
G	19567	157	52
G	15202	185	5
G	23923	447	20
G	19569	95	0
G	15204	94	0
G	15205	1835	56
G	23472	347	32
G	15208	830	12
G	25128	1753	330
G	29009	111	1
G	15216	109	3
G	20915	18757	503
G	23474	200	1
G	26357	11255	211
G	29237	1055	47
G	15222	170	3
G	15229	412	8
G	15233	218	1
G	15237	7051	91
G	15238	286	25
G	15240	255	5
G	15241	72	0
G	15243	167	7
G	23479	273	9
G	19577	5693	69
G	15250	106	10
G	24061	95	7
G	15251	499	10
G	28136	90	5
G	15254	516	39
G	19579	159	5
G	15256	283	11
G	15257	82	4
G	15259	549	13
G	15260	69	3
G	15266	655	5
G	15267	73	3
G	15268	183	13
G	15269	386	6
G	15271	105	0
G	15272	370	8
G	31698	98	0
G	15274	716	19
G	15276	498	14
G	24504	209	1
G	15285	119	0
G	20920	3514	99
G	27104	251	7
G	31344	373	11
G	15289	369	6
G	15290	1333	67
G	25412	2	2
G	15293	151	6
G	15297	532	26
G	15299	601	16
G	15302	73	5
G	15304	1388	15
G	15306	4064	567
G	15307	130	1
G	19587	131	8
G	15311	65	2
G	23492	3253	110
G	19589	157	1
G	25131	206	8
G	19590	127	2
G	19591	66	3
G	15315	3001	44
G	24531	110	2
G	23494	704	5
G	27178	71	0
G	15324	158	4
G	15325	182	3
G	15326	2391	50
G	30259	107	5
G	15331	93	2
G	15332	268	25
G	29238	3776	71
G	31535	298	10
G	15338	169	6
G	19594	1985	28
G	20922	68	0
G	30255	180	12
G	15344	66	2
G	15345	380	101
G	25481	6	3
G	15347	286	12
G	15350	103	16
G	15353	649	14
G	15354	2153	31
G	15358	516	16
G	19599	201	4
G	15361	404	8
G	23505	161	5
G	23507	161	1
G	15364	978	43
G	19600	604	8
G	15366	69	1
G	15369	87	1
G	15370	160	2
G	15372	1027	63
G	19602	196	6
G	25108	75	4
G	15377	515	16
G	26864	1018	4
G	27756	123	1
G	15386	495	24
G	15389	459	12
G	28082	1732	128
G	19605	135	7
G	23511	141	2
G	28633	127	1
G	28577	133	4
G	19606	307	36
G	15397	17674	558
G	20923	100	3
G	19610	231	51
G	15400	19885	303
G	15401	1765	295
G	19611	368	1
G	15407	84	0
G	15408	85	3
G	15409	109	1
G	30911	174	7
G	29103	131	4
G	15415	66	1
G	15416	533	4
G	15417	81	4
G	15418	164	2
G	32038	4331	62
G	15422	231	5
G	19616	141	2
G	15427	113	1
G	19617	260	4
G	24444	574	12
G	29239	315	5
G	15430	4605	65
G	15432	297	3
G	15433	364	22
G	20926	1191	55
G	15438	70	27
G	29464	187	4
G	28773	81	41
G	15442	2531	89
G	15443	502	13
G	15445	221	3
G	31933	72	2
G	15447	393	3
G	16548	150	44
G	15451	121	3
G	24684	140	6
G	15452	3324	68
G	23520	149	6
G	26459	107	0
G	15456	19532	674
G	23522	134	0
G	15458	925	22
G	23524	240	5
G	19624	186	5
G	15459	128	0
G	15462	9425	1160
G	15465	86	1
G	31559	1114	6
G	24541	206	7
G	15472	244	3
G	15476	892	10
G	23526	77	1
G	15479	2953	86
G	23527	112	5
G	15480	1342	72
G	26986	538	18
G	20929	2976	121
G	15486	113	1
G	25315	79	3
G	23531	916	15
G	20931	118	3
G	28323	214	6
G	15493	92	1
G	15497	2378	111
G	19636	108	19
G	15500	118	4
G	15502	68	3
G	25772	1860	69
G	27467	564	18
G	15511	155	11
G	15512	82	6
G	15513	119	3
G	23533	93	3
G	15519	124	2
G	25206	1068	18
G	19639	88	1
G	19640	1526	62
G	29516	211	11
G	15521	9345	452
G	15522	238	8
G	15524	115	3
G	23534	939	31
G	15533	811	26
G	23895	367	110
G	26473	594	62
G	15536	401	24
G	15539	113	12
G	15540	114	1
G	15543	79	3
G	15547	541	35
G	15549	117	4
G	23536	86	2
G	15551	224	1
G	15553	161	3
G	15554	67	2
G	25267	328	8
G	31687	673	16
G	15557	185	40
G	15562	68	5
G	27835	116	11
G	15564	295	8
G	23725	77	0
G	19647	230	1
G	15569	2113	72
G	28881	66	3
G	15572	455	18
G	19650	165	1
G	15575	366	11
G	15577	268	7
G	15578	259	11
G	15580	401	23
G	25553	775	23
G	15581	242	11
G	23538	65	0
G	15583	2333	54
G	15586	79	1
G	28762	340	24
G	15588	92	2
G	31978	1736	88
G	19656	1377	71
G	15589	1146	33
G	15590	321	5
G	23539	1103	20
G	15594	75	1
G	26200	234	15
G	25154	210	43
G	23543	77	2
G	15607	112	6
G	15609	94	5
G	27142	330	2
G	15610	78	7
G	25259	4177	163
G	15614	592	16
G	23547	1079	35
G	24585	161	2
G	15624	188	2
G	15625	66	0
G	19660	75	3
G	15631	212	6
G	15634	119	3
G	23548	88	0
G	23549	69	4
G	15636	109	7
G	19663	68	3
G	24650	73	7
G	27165	210	4
G	29120	1118	14
G	26370	267	12
G	15643	79	4
G	15647	185	13
G	24321	426	14
G	15650	4403	108
G	31883	97	6
G	25456	5	2
G	25647	2147	189
G	26023	211	3
G	15660	433	7
G	30068	2706	32
G	15663	1759	67
G	20940	94	2
G	19669	1429	26
G	15667	271	6
G	19671	68	4
G	24343	252	6
G	15670	89033	1484
G	25986	453	14
G	15675	624	17
G	15677	70	4
G	15678	80	1
G	15681	7428	242
G	25300	1	1
G	23557	771	72
G	25314	8	1
G	15690	717	4
G	15691	377	9
G	15692	157	6
G	19672	620	7
G	15693	237	4
G	28724	112	7
G	15694	134	15
G	15697	1646	20
G	30162	1952	97
G	25129	80	4
G	15701	181	8
G	28386	2794	101
G	15703	700	15
G	15704	841	32
G	15705	319	7
G	15706	37598	786
G	15708	109	4
G	15710	56198	1131
G	15711	251	14
G	15713	397	9
G	15715	83	0
G	19676	214	17
G	15718	75	2
G	15720	262	8
G	15721	74	1
G	19678	111	0
G	15722	201	3
G	15726	182	2
G	15729	89	1
G	15730	287	2
G	15732	6820	85
G	15734	66	3
G	15735	1700	18
G	15736	112	11
G	15737	1028	81
G	15738	79	1
G	15742	192	5
G	27509	197	5
G	15749	693	152
G	15751	145	4
G	19681	5069	146
G	19682	111	3
G	15754	116	3
G	15758	128	2
G	15759	18624	378
G	15779	356	14
G	26130	111	1
G	26554	1349	33
G	15787	3384	97
G	15788	97	8
G	15789	606	12
G	15790	181	17
G	23573	416	42
G	19687	218	1
G	15794	101	6
G	23574	156	11
G	23576	116	6
G	15799	147	46
G	15800	204	5
G	26988	805	13
G	26298	79	0
G	15803	109	3
G	31554	136	1
G	15810	258	1
G	15814	146	9
G	23581	4374	145
G	15819	85	3
G	15822	180	9
G	25170	190	8
G	15824	153	2
G	30290	293	1
G	19699	74	2
G	23912	386	125
G	24406	147	9
G	23584	116	4
G	15828	10487	377
G	15829	82	2
G	24120	70	1
G	15832	197	0
G	19700	1229	3
G	30842	193	2
G	15834	114	2
G	15835	1238	21
G	15836	999	28
G	15838	135	4
G	15839	80	15
G	15844	188	10
G	23587	413	49
G	15846	1721	79
G	19701	12141	206
G	30400	241	4
G	24375	145	4
G	27901	125	0
G	15855	123	7
G	19704	253	18
G	15856	199	2
G	15859	209	8
G	15863	3069	83
G	15864	270	4
G	20007	234	31
G	15867	149	14
G	25346	208	5
G	15875	679	26
G	27989	1259	14
G	19707	87	16
G	25225	9	2
G	23594	210	20
G	31322	76	2
G	15892	1903	320
G	15894	507	11
G	19710	72	4
G	23597	10788	371
G	15899	22245	469
G	28805	637	15
G	20950	143	2
G	15902	1842	41
G	15904	100	1
G	20952	1115	15
G	28115	87	1
G	27496	129	4
G	30837	87	3
G	15910	10607	119
G	15914	97	2
G	15915	235	22
G	23600	2093	27
G	31355	212	3
G	31848	128	7
G	19714	183	5
G	25824	74	4
G	15923	67	1
G	23603	181	7
G	20953	826	14
G	19716	158	5
G	15929	1381	33
G	15931	878	8
G	15932	78	2
G	19719	163	1
G	15934	213	11
G	15935	95	7
G	15936	132	1
G	20956	191	8
G	29393	85	2
G	15938	441	4
G	15939	95	5
G	15942	139	1
G	15943	306	17
G	25269	95	2
G	15947	3610	67
G	15948	68	11
G	15949	324	17
G	15952	471	8
G	15955	104	6
G	15956	1132	25
G	15968	265	20
G	15970	346	13
G	15971	128	1
G	15972	571	11
G	19725	79	5
G	30511	127	7
G	15977	128	2
G	15978	584	126
G	19726	167	6
G	15982	295	6
G	15984	61997	1753
G	15986	2135	27
G	15990	2306	31
G	15991	854	55
G	15992	149	8
G	15994	496	18
G	25512	5	3
G	30512	1052	62
G	15998	250	8
G	19730	1035	48
G	16001	851	78
G	16005	86	1
G	19731	191	7
G	16009	1012	7
G	19732	653	3
G	29886	5145	80
G	23612	74	5
G	19734	6212	162
G	23613	366	5
G	16017	463	19
G	16018	78	4
G	16020	83	2
G	16021	144	4
G	16023	299	9
G	16026	260	69
G	16028	799	17
G	19739	174	3
G	29853	588	23
G	16029	533	12
G	16032	77	18
G	19740	29261	862
G	16033	131	5
G	16035	136	4
G	16036	162	4
G	19743	144	0
G	29892	128	7
G	16039	640	69
G	23616	1305	22
G	16042	394	13
G	23618	107	3
G	16051	687	122
G	16052	350	5
G	16053	84	0
G	19745	1908	60
G	16058	1604	30
G	23619	65	3
G	19746	148	4
G	16059	22687	1097
G	16060	93	3
G	16062	3910	538
G	19748	81	2
G	23620	780	26
G	16066	206	4
G	23727	81	4
G	16068	978	15
G	23621	72	3
G	16070	389	8
G	16073	3366	63
G	16074	332	23
G	16075	72	8
G	16076	566	14
G	19751	284	12
G	16079	175	4
G	19752	88	1
G	16082	574	25
G	23623	70	0
G	16086	103	7
G	16090	66	3
G	16094	100	5
G	16097	213	3
G	16098	73	1
G	16100	370	5
G	16101	1090	12
G	23628	68	5
G	19758	69	2
G	16104	5556	1005
G	16105	123	2
G	16107	257	4
G	16109	151	1
G	24637	997	22
G	19759	2263	19
G	29063	281	8
G	28726	1001	35
G	16115	253	22
G	16118	4045	63
G	19760	122	3
G	16121	793	35
G	16123	236	11
G	16124	91	4
G	16128	118	2
G	19763	2745	40
G	31624	140	3
G	16130	558	27
G	16131	5124	151
G	16132	649	15
G	16138	95	1
G	19764	786	10
G	25758	79	10
G	16140	746	49
G	19765	114	5
G	29607	251	11
G	16141	632	41
G	16144	414	2
G	16145	557	35
G	19767	295	7
G	16150	112	15
G	16151	365	2
G	16153	67	1
G	16155	1529	44
G	30142	134	7
G	25333	7	3
G	19770	147	5
G	16157	176	2
G	16158	403	13
G	26776	73	1
G	16161	451	21
G	23629	177	5
G	16162	248	4
G	31860	120	6
G	16164	1840	25
G	16165	81	4
G	16166	421	13
G	16172	552	18
G	16173	66	2
G	20966	442	13
G	25650	332	104
G	16177	241	4
G	16179	65	4
G	16180	1213	20
G	16181	26599	370
G	20968	71	2
G	29930	8305	225
G	16186	802	16
G	16187	26271	2993
G	25539	466	3
G	16191	166	11
G	16195	120	2
G	16197	193	2
G	24759	127	2
G	29305	246	4
G	16200	102	2
G	16202	721	19
G	19775	1353	100
G	16204	143	5
G	16206	198	9
G	16207	590	29
G	23639	117	6
G	24326	950	20
G	16210	1158	176
G	23640	366	14
G	16213	93	1
G	16215	246	5
G	23641	87	2
G	16231	80	0
G	16233	587	17
G	27144	2659	284
G	23642	125	8
G	26228	223	3
G	16239	1627	6
G	16240	18047	412
G	16242	222	8
G	28818	140	0
G	31108	280	50
G	29964	188	11
G	16252	150	2
G	16254	333	5
G	16255	188	2
G	16257	75	0
G	16258	1108	36
G	16259	479	6
G	16260	382	8
G	23645	94	3
G	19781	239	2
G	16266	155	2
G	31810	648	19
G	16267	72	0
G	16269	192	6
G	16270	316	1
G	16272	309	4
G	19782	242	9
G	31924	2241	140
G	16276	316	10
G	16277	179	9
G	20973	129	2
G	23650	66	3
G	16280	150	1
G	16281	394	9
G	23651	387	23
G	16282	88	4
G	23652	88	5
G	31861	3292	42
G	29060	1106	36
G	16285	473	15
G	16287	185	4
G	28156	283	4
G	31083	1966	52
G	16290	183	7
G	24628	1106	33
G	16292	495	10
G	16296	455	12
G	16298	81	1
G	16299	324	3
G	16300	85	4
G	16301	1661	340
G	16303	25196	316
G	23654	2908	61
G	19787	627	23
G	16305	226	2
G	28500	1380	19
G	23655	2969	19
G	16313	86	2
G	16314	70	0
G	16315	162	4
G	19789	525	27
G	23942	290	7
G	16316	73	1
G	19790	328	5
G	23658	601	37
G	16321	227	6
G	27218	91	4
G	16325	2524	48
G	16327	770	60
G	16329	72	6
G	26234	1086	23
G	19792	614	9
G	26372	147	4
G	19793	1065	22
G	20010	448	18
G	16333	163	6
G	19794	190	5
G	29782	1612	37
G	16339	153	11
G	16340	942	130
G	29271	4862	204
G	16341	66	1
G	16342	94	28
G	16345	2630	94
G	23661	101	8
G	25533	85	1
G	16357	70	8
G	16358	200	7
G	16360	149	3
G	16365	115	2
G	23976	395	19
G	16370	260	4
G	20978	66	3
G	31982	1877	85
G	16378	69	4
G	23729	2554	67
G	28964	286	5
G	25652	178	25
G	16386	71	3
G	16388	465	19
G	16390	128	4
G	16391	102	0
G	25540	5	2
G	16395	90	2
G	24009	109	6
G	29205	141	4
G	20981	181	1
G	16397	222	3
G	30964	94	4
G	27678	233	2
G	25081	108	36
G	16398	73	0
G	16399	673	22
G	16402	119	3
G	16405	336	8
G	16406	888	11
G	16408	974	84
G	16409	461	12
G	19806	4474	32
G	24642	387	9
G	16411	367	13
G	23669	195	1
G	16412	78	2
G	27274	315	8
G	16414	127	3
G	16417	5917	601
G	16420	69	2
G	16421	142	3
G	16422	115	5
G	16424	66	3
G	16425	121	3
G	16430	70	2
G	16433	171	1
G	24845	227	4
G	16437	67	4
G	20983	479	6
G	27336	143	0
G	16441	102	1
G	16445	94	2
G	16446	457	19
G	16447	352	6
G	16449	264	12
G	16454	93	6
G	16459	93	6
G	19815	142	3
G	19817	75	1
G	16462	2893	72
G	16463	230	13
G	16467	582	7
G	27950	86	2
G	16470	373	8
G	16472	72	6
G	16473	102	27
G	16474	348	8
G	16475	77	5
G	16476	123	7
G	19818	497	28
G	16479	41190	542
G	16480	66	4
G	16481	331	2
G	32064	75	9
G	16482	145	4
G	23683	550	18
G	30673	304	12
G	16487	2651	366
G	16490	165	2
G	16491	1097	20
G	16492	103	3
G	24869	761	36
G	16493	2072	44
G	16494	130	4
G	27700	78	3
G	16497	245	9
G	16501	143	6
G	16502	343	7
G	16503	2068	53
G	16504	609	36
G	25654	629	165
G	16505	1437	24
G	19824	120	2
G	16512	795	12
G	25995	134	3
G	16513	260	6
G	16514	588	30
G	16516	117	1
G	30618	112	0
G	16517	163	2
G	27384	72	2
G	25247	22	13
G	16518	334	8
G	16520	292	31
G	16521	2024	371
G	16524	782	70
G	16527	6185	1099
G	16528	1802	55
G	16529	121	4
G	16532	108	8
G	16533	178	1
G	16538	541	35
G	16539	98	2
G	23695	137	0